id,mu,phi,beta,modelname
0DMSP,0.02295075088618139,3.821626670552528e-09,734.6740349952431,zero_i
