id,mu,phi,beta,lam,tau,modelname
0DMSP,0.6306129097612398,5.886440954032539e-06,165.47443308145375,0.008900102674829687,0.058899013316121636,five_i
