id,mu,phi,beta,lam,tau,modelname
0DMSP,0.367924551109893,5.630604690388177e-06,297.34757711151275,3.2256438310585565,33.4579775552064,three_i
