id,mu,phi,beta,lam,tau,modelname
100DMSP,1.0280549979548694,1.958590042622624e-06,25.365002456110762,0.01783832356491876,0.9086591823934107,five_i
