id,mu,phi,beta,lam,tau,modelname
100DMSP,0.07100373165596792,2.2511173715133203e-07,195.27448366073963,0.031240094035098163,0.8630990575382543,four_i
