id,mu,phi,beta,modelname
100DMSP,0.011775986355714174,1.0788124228076906e-08,411.02245716043706,zero_i
