id,mu,phi,beta,lam,tau,modelname
10DMSP,0.8526812093651799,1.1570784182102188e-05,145.06887775963474,0.0057274153901300025,0.06856176477994465,four_i
