id,mu,phi,beta,modelname
500DMSP,0.002729095490101431,4.772095056485281e-08,99.01337624529405,zero_i
