id,mu,phi,beta,lam,tau,modelname
500DMSP,0.16454579517440973,2.248412015654037e-06,106.199389382375,0.6676340960784013,21.379382913061093,three_i
