id,mu,phi,beta,lam,tau,modelname
500DMSP,0.16352721887357366,4.2536816572933334e-07,112.46973697917686,0.09355676849971627,1.2728207764406936,two_i
