id,mu,phi,beta,lam,tau,modelname
500DMSP,0.09075926300375019,5.798396637789322e-07,105.50241771517453,0.01621732660902676,1.178367763574462,five_i
