id,mu,phi,beta,lam,modelname
500DMSP,0.02934540283118592,3.1947012132695694e-07,126.43286466056342,1.2071532989356184,one_i
