id,mu,phi,beta,lam,tau,S0,V0,modelname
Baudoux34,0.11820092411155106,6.160247251529162e-09,53.60572347194073,0.4948573260463432,0.055694463394560544,1221861.887127365,21006137.569292665,three_i
