id,mu,phi,beta,tau,S0,V0,modelname
Baudoux34,0.003919529879654245,4.4739411769991904e-10,66.5744284784314,0.008990450371066945,2057989.4930810705,22634463.625026822,eight_i
