id,mu,phi,beta,modelname
Baudoux33,0.007586734691375874,1.111123326425072e-10,390.3698523510088,zero_i
