id,mu,phi,beta,lam,tau,S0,V0,modelname
Baudoux3,0.054964242709458294,8.881694014749681e-10,22.982337880799967,0.002887856571540942,8.944568818179048,2463684.4832038856,94699846.92368749,five_i
