id,mu,phi,beta,tau,S0,V0,modelname
Baudoux34,0.09864043284256244,5.192785447648938e-09,51.985868955087476,17.660471553728648,1306349.7517940071,19939456.829360884,one_i
