id,mu,phi,beta,tau,S0,V0,modelname
Baudoux33,0.028592592709864723,5.795697731591545e-11,18.499379189253517,0.286426832785135,4280298.391576969,20336497.91400157,two_i
