id,mu,phi,beta,tau,S0,V0,modelname
Baudoux32,0.012418661691106654,6.28612934420595e-10,405.49890755450593,9.28420846020611,1332873.3422699834,16531666.34590716,two_i
