id,mu,phi,beta,tau,S0,V0,modelname
Baudoux33,0.10274104167718812,1.1268042641801745e-06,751.9334945254608,4.522210749519859,1718484.7838937815,24206856.229733624,ten_i
