id,mu,phi,beta,tau,S0,V0,modelname
Baudoux3,0.03071712153692902,9.773661115004478e-07,677.6896227373867,4.465274616273089,1848350.9960843434,31490219.21854692,nine_i
