id,mu,phi,beta,tau,S0,V0,modelname
Baudoux34,0.5776312699973033,2.217919216297143e-06,19.53497081962609,50.80684536349264,3632722.322348968,7564241.826227985,seven_i
