id,mu,phi,beta,tau,S0,V0,modelname
Baudoux32,0.011951731125301434,1.0307085360481043e-09,464.16267185710495,8.318833830999115,1332518.2384160582,18272958.299512044,three_i
