id,mu,phi,beta,lam,tau,S0,V0,modelname
Baudoux32,0.049878274259377645,1.0418172207573102e-09,204.70311907367562,0.13367470775843776,0.06353090164140983,858613.2992123578,16357343.181775467,four_i
