id,mu,phi,beta,tau,S0,V0,modelname
Baudoux34,0.07444264271115848,1.436902228966244e-09,9.692635764400762,0.08455901636088704,3035270.7346235854,87840359.29244086,three_i
