id,mu,phi,beta,tau,S0,V0,modelname
Baudoux3,0.001968130763488668,1.0628507181379342e-10,532.981578124821,0.04450041567300494,1745602.886531543,18622009.82834081,four_i
