id,mu,phi,beta,H0,V0,modelname
Baudoux3,0.0074116304752060895,1.2647796843839746e-10,410.68734863779713,1689351.3826338758,21004106.69428233,zero_i
