id,mu,phi,beta,tau,S0,V0,modelname
Baudoux32,0.01497329482891469,1.0238408080276895e-09,467.1519540429926,8.237599633860494,1286718.623670023,18357144.88573989,three_i
