id,mu,phi,beta,tau,S0,V0,modelname
Baudoux3,0.01972991244334315,1.4394405511026966e-09,483.96363150095635,11.80752654694343,1452124.1949827212,21037743.035599854,two_i
