id,mu,phi,beta,tau,S0,V0,modelname
Baudoux32,0.036409230367606925,1.1287755167156749e-08,621.0918896442944,4.404475636754602,1398494.0507786132,27320574.98475226,ten_i
