id,mu,phi,beta,lam,tau,S0,V0,modelname
Baudoux34,0.10951915476318187,5.449147471112984e-09,52.45277480320895,0.0015104787048784787,0.05547716094622441,1249166.5672260264,20284088.359448206,two_i
