id,mu,phi,beta,tau,S0,V0,modelname
Baudoux3,0.022589594668531752,8.717698886988842e-08,574.3689019578112,6.457535466583417,1838283.1639041104,27137645.660575632,six_i
