id,mu,phi,beta,tau,S0,V0,modelname
Baudoux32,0.034197924833495104,2.2694886173521657e-09,336.87011092130297,9.70856925695667,1179957.6552111104,19448636.47158936,three_i
