id,mu,phi,beta,lam,tau,modelname
Baudoux32,0.009232049808639703,9.192227174436377e-10,439.47980517098694,9.030845520897842,0.11878511573899081,three_i
