id,mu,phi,beta,tau,S0,V0,modelname
Baudoux3,0.6868766332682218,2.0239642245118033e-07,631.269616433282,4.947559254872706,1692951.6167260585,32332842.18718367,eight_i
