id,mu,phi,beta,lam,tau,modelname
Baudoux34,0.08513905489338851,6.34942861917529e-09,62.35641030512196,1.009434279492075,0.05435263553298861,five_i
