id,mu,phi,beta,modelname
Baudoux32,0.02262624415414024,2.294109302707414e-10,157.54274663004404,zero_i
