id,mu,phi,beta,tau,S0,V0,modelname
Baudoux34,0.03369477442822914,1.6396365545233454e-07,15.92593529473883,12.513526079756087,720564.9134699324,31746018.373836115,one_i
