id,mu,phi,beta,lam,modelname
Baudoux34,0.0718262719591949,3.6398788810807438e-09,52.705596363076424,0.05569505142917842,one_i
