id,mu,phi,beta,tau,S0,V0,modelname
Baudoux32,0.011489519282508314,5.898256029533936e-10,466.4847547200909,9.696906258684503,1337890.5534505001,16654987.753103523,two_i
