id,mu,phi,beta,lam,tau,H0,V0,modelname
Baudoux32,0.012425920379615003,2.0653049568180113e-10,306.07025291127593,0.3304952501504812,0.5417836852096036,876749.2929576745,15991447.760346822,four_i
