id,mu,phi,beta,modelname
Baudoux32,0.02117902279899062,2.2096723223952381e-10,167.10035093938401,zero_i
