id,mu,phi,beta,tau,S0,V0,modelname
Baudoux3,0.004242496145720703,1.1317511359393869e-10,496.3960014215383,0.06354884488271921,1650440.8616833384,20883708.45741045,one_i
