id,mu,phi,beta,tau,S0,V0,modelname
Baudoux33,0.014226172390293267,2.608948543484642e-09,591.6624601785584,11.418522360334178,1446674.9151781558,17295175.78384571,three_i
