id,mu,phi,beta,H0,V0,modelname
Baudoux34,0.010803172924757385,5.080639525387692e-10,63.20148397328196,1813367.54178267,22901758.053431522,zero_i
