id,mu,phi,beta,tau,S0,V0,modelname
Baudoux32,0.23952662820347165,8.864107266458199e-09,34.38085291400383,2.170660010969631,1434607.1524046028,4308774.496460306,ten_i
