id,mu,phi,beta,tau,S0,V0,modelname
Baudoux32,0.012992721573797487,6.386968862188544e-10,422.65261362760714,9.695764271326842,1317107.2073386163,16863525.477003198,two_i
