id,mu,phi,beta,H0,V0,modelname
Baudoux3,0.004846250127576778,1.1326618387185462e-10,492.6957878096835,1670181.8737765504,19300393.981499065,zero_i
