id,mu,phi,beta,tau,S0,V0,modelname
Baudoux33,0.02055280404591686,7.146157233114072e-09,620.9667374152996,10.359257364159632,1486409.6783406967,18601955.146878924,four_i
