id,mu,phi,beta,tau,S0,V0,modelname
Baudoux34,0.003647085130446091,4.5863089260026716e-10,65.70969905746875,0.16635107776370814,2080038.5247806066,22956200.625415985,one_i
