id,mu,phi,beta,tau,S0,V0,modelname
Baudoux33,0.011033949478029353,2.5488830365893163e-09,609.5734834446955,11.592017317145677,1504906.2737407205,17978248.5905093,three_i
