id,mu,phi,beta,tau,S0,V0,modelname
Baudoux3,0.4545618861943577,1.1406555145071169e-06,659.9924808787648,4.982855858791104,1806968.9425240993,30068096.025139876,eight_i
