id,mu,phi,beta,tau,S0,V0,modelname
Baudoux33,0.008785737380300819,1.261758977279143e-10,428.28066967678984,0.1408137309405723,1528956.4506100952,16956536.334722154,six_i
