id,mu,phi,beta,tau,S0,V0,modelname
Baudoux34,0.00951438559031656,5.008320914265878e-10,59.90828676990538,0.18977578725754687,1861443.5957074093,27307368.268768124,five_i
