id,mu,phi,beta,tau,S0,V0,modelname
Baudoux34,0.004352676120215086,4.4353802846813514e-10,69.33982584527827,0.0024756083643324746,2028436.2374547224,22575131.39480517,four_i
