id,mu,phi,beta,tau,S0,V0,modelname
Baudoux33,0.026650158544036004,6.619928769906176e-09,640.4421232587471,4.841259767670909,1553625.2834154577,25579061.58761574,eight_i
