id,mu,phi,beta,lam,tau,modelname
Baudoux32,0.012525049112735153,3.1901703583271437e-09,513.6172170758459,7.514956811867695,0.12590179235829754,five_i
