id,mu,phi,beta,modelname
Baudoux3,0.010875365668763385,1.2509529436417234e-10,383.11808560090293,zero_i
