id,mu,phi,beta,tau,S0,V0,modelname
Baudoux33,0.09393880607969729,4.389737138975781e-06,700.7824461708663,5.068439391900031,1769787.2702158655,23309190.621917184,nine_i
