id,mu,phi,beta,lam,tau,S0,V0,modelname
Baudoux32,0.022017810422023804,3.2767503280648795e-09,487.99467200144164,7.016469739724948,0.13117453834595602,1293832.5328894493,22450991.849888697,five_i
