id,mu,phi,beta,tau,S0,V0,modelname
Baudoux33,0.017068315416337805,1.2267340623668148e-08,639.6341366719619,8.65874219160884,1572822.4740836527,20824111.075784713,five_i
