id,mu,phi,beta,tau,S0,V0,modelname
Baudoux3,0.5378765985139148,1.2622647474654674e-07,629.1362098587372,5.701503398866618,1576527.7405435794,30140890.31639783,seven_i
