id,mu,phi,beta,tau,S0,V0,modelname
Baudoux32,0.4287344924759262,9.494603219173751e-08,113.99283135835464,3.5238196223047313,3010585.762879889,10431942.850924734,ten_i
