id,mu,phi,beta,lam,tau,modelname
Baudoux34,0.06573048035621626,3.321128513450217e-09,55.81315806499669,0.04202158287665235,0.056780056697950616,two_i
