id,mu,phi,beta,tau,S0,V0,modelname
Baudoux32,0.026809968365791442,1.5159818610770815e-08,603.7847713551719,4.509682685857285,1493611.6845885438,26268166.63661781,ten_i
