id,mu,phi,beta,lam,modelname
Baudoux32,0.010798941811184333,3.1999396259884366e-10,327.05728949345007,0.07739714329575732,one_i
