id,mu,phi,beta,tau,S0,V0,modelname
Baudoux33,0.010477879677439354,2.6543034568354934e-08,617.8947174627698,7.470754426922792,1703491.0388104855,21333143.097861838,six_i
