id,mu,phi,beta,lam,modelname
Baudoux3,0.01773469197367823,4.86606787680589e-10,374.2710179755218,0.06337902510478988,one_i
