id,mu,phi,beta,lam,tau,modelname
Baudoux3,0.018404616776241254,4.711033895337023e-10,377.1666568602011,0.09857526749640834,0.0678173799181864,four_i
