id,mu,phi,beta,lam,modelname
Baudoux34,0.07376408523386709,3.809040521221164e-09,50.71152278071204,0.05579552086755946,one_i
