id,mu,phi,beta,lam,modelname
Baudoux33,0.006639611306775008,4.06956336072649e-10,483.1126796377681,0.04481602393798091,one_i
