id,mu,phi,beta,H0,V0,modelname
Baudoux34,0.002163932088897052,4.419325790276229e-10,68.31179269661926,2117106.8212786186,22805725.272532605,zero_i
