id,mu,phi,beta,H0,V0,modelname
Baudoux33,0.0031509265799349907,1.0629088841659672e-10,521.1276158955366,1612111.709275456,13236999.436898716,zero_i
