id,mu,phi,beta,tau,S0,V0,modelname
Baudoux3,0.0024010686156074133,1.0724606114385011e-10,522.1821305371382,0.0023499982006160154,1690901.324383016,19920381.31304194,seven_i
