id,mu,phi,beta,H0,V0,modelname
Baudoux34,0.017401802428154423,6.045205562483281e-10,48.9124808142407,1837485.4394448772,23848948.71288636,zero_i
