id,mu,phi,beta,lam,tau,modelname
Baudoux32,0.012772312254010442,3.0212952416608494e-09,502.1663172803257,7.559899431620053,0.14228743459469173,five_i
