id,mu,phi,beta,tau,S0,V0,modelname
Baudoux32,0.024333314504171595,7.611811611998333e-09,520.3562435176162,5.920408217578063,1449975.7356383805,24087723.76133052,seven_i
