id,mu,phi,beta,tau,S0,V0,modelname
Baudoux33,0.01786361373930548,6.558956940712256e-10,458.76859116543795,21.911124913965836,1323985.9002106094,13759116.71389159,one_i
