id,mu,phi,beta,tau,S0,V0,modelname
Baudoux3,0.0025616648271599186,1.0759196258042747e-10,518.8433303922623,0.009063908425497222,1713014.7281102112,19397935.993305255,nine_i
