id,mu,phi,beta,H0,V0,modelname
Baudoux34,0.0048191838419254915,4.522441034670722e-10,68.88447168028601,1962634.9372918294,22602318.849984024,zero_i
