id,mu,phi,beta,lam,tau,modelname
Baudoux3,0.037981768136519614,5.606820343783931e-09,486.4522414693296,4.230398559611412,0.06126359415330127,five_i
