id,mu,phi,beta,lam,tau,modelname
Baudoux32,0.010492311531821443,3.523621679057378e-10,343.0928883450924,1.3831061211511972,0.07785223241780286,two_i
