id,mu,phi,beta,tau,S0,V0,modelname
Baudoux3,0.4137789132185511,9.483783512046332e-08,616.130492389111,5.604119782889938,1580634.5493492186,28880097.68033746,seven_i
