id,mu,phi,beta,tau,S0,V0,modelname
Baudoux34,1.3800499940062667,1.8916248120873307e-07,85.81429766221682,10.870378120430463,1470443.626749475,24074952.564739455,three_i
