id,mu,phi,beta,modelname
Baudoux32,0.021130443644714756,2.2021331390563608e-10,167.7671177513492,zero_i
