id,mu,phi,beta,tau,S0,V0,modelname
Baudoux3,0.003515848842595557,1.1137894011831442e-10,490.23884505720997,0.0013587524995864522,1705792.117676088,19212430.867477212,ten_i
