id,mu,phi,beta,modelname
Baudoux33,0.010155648291724032,1.2318419658807302e-10,345.90765344883545,zero_i
