id,mu,phi,beta,tau,S0,V0,modelname
Baudoux32,0.012098307654861199,3.915859657739831e-10,395.69130381266535,13.734457791812563,1307241.318736486,14472039.418740628,one_i
