id,mu,phi,beta,tau,S0,V0,modelname
Baudoux33,0.002399307652882306,9.58637959316124e-11,631.2685961010009,0.10679823011720263,1607156.9938619407,13985737.70853248,nine_i
