id,mu,phi,beta,tau,S0,V0,modelname
Baudoux34,0.13158395319381666,1.2709184960567993e-08,72.33491952281969,13.065040100792176,1418617.9362544771,22353894.04858552,two_i
