id,mu,phi,beta,tau,S0,V0,modelname
Baudoux3,0.044545559267561596,9.202502815744728e-10,264.8398724786184,15.700798801855296,1324683.1222261947,21818905.900771335,one_i
