id,mu,phi,beta,tau,S0,V0,modelname
Baudoux34,0.007153321880508107,4.89517142274332e-10,61.85642206141007,0.15125604521333086,1913526.540655647,25134227.454518177,five_i
