id,mu,phi,beta,tau,S0,V0,modelname
Baudoux3,0.0020181747778450785,1.0683658152182923e-10,529.3669537471059,0.014665590181395124,1769671.945366764,17178957.21426154,six_i
