id,mu,phi,beta,tau,S0,V0,modelname
Baudoux33,0.028760318093415154,7.125613039326727e-08,762.0582986145973,5.057949339878115,1713761.726772356,24207387.352098357,nine_i
