id,mu,phi,beta,lam,S0,V0,modelname
Baudoux3,0.2829016876831115,7.2643600823059255e-09,21.832663873006926,0.07621391592552614,4185061.0570580377,34336056.3022708,one_i
