id,mu,phi,beta,H0,V0,modelname
Baudoux3,0.0048099288179755,1.1350919982006851e-10,500.1822128886074,1647684.280993735,18895147.870522026,zero_i
