id,mu,phi,beta,lam,tau,S0,V0,modelname
Baudoux34,0.09944662469925046,5.1882367783144834e-09,54.638644569669026,0.09671265479943439,0.05644313399068891,1275406.5213771437,19450941.029589217,four_i
