id,mu,phi,beta,tau,S0,V0,modelname
Baudoux34,0.005151625751359268,4.472269398681107e-10,67.37840439537045,0.021369597238273783,1992705.481727852,24026062.22319537,five_i
