id,mu,phi,beta,tau,S0,V0,modelname
Baudoux3,0.4651947090940483,3.497741647037092e-06,630.8239015223206,5.7033338586713604,1813378.7130730236,27862406.078730483,seven_i
