id,mu,phi,beta,H0,V0,modelname
Baudoux33,0.05830100487151483,2.7495912612961114e-09,3.075535540636898,169982.34307435097,31775800.528311707,zero_i
