id,mu,phi,beta,lam,tau,modelname
Baudoux3,0.042599811485405537,6.166193668247947e-09,476.8741390831573,4.251853220472044,0.0605403726474799,five_i
