id,mu,phi,beta,lam,tau,S0,V0,modelname
Baudoux3,0.032396109438938996,2.8599029870448565e-10,145.24663082765397,0.23959048926814128,1.8136942859549963,1346053.8929825462,30541485.233732656,two_i
