id,mu,phi,beta,tau,S0,V0,modelname
Baudoux33,0.0091286292567879,2.6270310077280814e-09,585.796106924573,11.77714234843922,1528985.3524725253,18097823.196159273,three_i
