id,mu,phi,beta,H0,V0,modelname
Baudoux34,0.006607944608327257,4.901727084464288e-10,59.93403412450146,2036321.4220098383,22716554.446133144,zero_i
