id,mu,phi,beta,tau,S0,V0,modelname
Baudoux3,0.03804057849069352,7.895061232478655e-09,503.8177871952054,8.385987749416289,1568367.3812287482,24408422.9654319,four_i
