id,mu,phi,beta,tau,S0,V0,modelname
Baudoux3,0.012937198017306655,1.3603097600749833e-10,356.3988800181224,0.09479869486314166,1620112.2448664086,26071227.063365214,five_i
