id,mu,phi,beta,H0,V0,modelname
Baudoux3,0.0033851709104305372,1.1369819135431986e-10,476.78982050378846,1713008.0478492854,19741137.48896907,zero_i
