id,mu,phi,beta,tau,S0,V0,modelname
Baudoux32,0.01295974413970515,9.362198493426622e-10,447.8691124479287,7.945724386191837,1317423.9144845766,19362768.647433247,three_i
