id,mu,phi,beta,lam,modelname
Baudoux33,0.010005520584019085,4.980995015964491e-10,393.7871552024915,0.045768286880724554,one_i
