id,mu,phi,beta,tau,S0,V0,modelname
Baudoux33,0.008345430967014175,1.3801521562579482e-10,412.56893669997305,0.25194690370275036,1475352.7079277157,17762202.67149176,five_i
