id,mu,phi,beta,lam,tau,modelname
Baudoux33,0.008964075158054714,6.866762131955219e-09,635.8869850807156,6.147631220770468,0.05208995528245324,five_i
