id,mu,phi,beta,lam,tau,S0,V0,modelname
Baudoux34,0.9486297163068536,1.3949261754009354e-06,95.2401287036144,8.462762613622314,2.763727027313048,2020173.876251485,26310257.04562737,five_i
