id,mu,phi,beta,lam,tau,modelname
Baudoux32,0.016293822224658278,3.951706429696208e-09,496.0170328667215,7.3587235898884495,0.10197914308917479,five_i
