id,mu,phi,beta,tau,S0,V0,modelname
Baudoux34,0.008060218288399245,4.96348712324565e-10,59.251801220167636,0.07212847098897612,2009248.5819396519,24537073.477025874,five_i
