id,mu,phi,beta,lam,tau,modelname
Baudoux32,0.011646879813787472,2.831818706608926e-09,521.3587769225659,7.61080355548137,0.13953788335632722,five_i
