id,mu,phi,beta,lam,tau,H0,V0,modelname
Baudoux34,0.09758727332561676,5.9330342418064835e-09,49.186480946179536,0.0746406846728061,0.05380823026835681,520793.2444625529,20136138.64573109,three_i
