id,mu,phi,beta,tau,S0,V0,modelname
Baudoux32,0.0215904797966977,7.192520068830813e-09,545.135730517765,5.995824964334037,1425735.1823499028,24361982.368905783,seven_i
