id,mu,phi,beta,tau,S0,V0,modelname
Baudoux33,0.05943456220962143,7.761171860194348e-08,664.8608126394898,6.50644131986891,1703186.7897479627,21706964.916817304,seven_i
