id,mu,phi,beta,tau,S0,V0,modelname
Baudoux34,0.00479682827227941,4.690048675641142e-10,64.22905361962633,0.013532138184042196,2032017.472206346,22736035.397452567,two_i
