id,mu,phi,beta,tau,S0,V0,modelname
Baudoux3,0.03816731408139059,3.0333049665109697e-07,574.4877494261007,5.590457874534485,1874341.2652424332,29206154.020682763,seven_i
