id,mu,phi,beta,lam,tau,S0,V0,modelname
Baudoux3,0.038077815688889675,8.915229180464559e-10,344.45757252212735,0.009330961332436567,0.060697095121514846,1179544.7238735943,19113361.56678629,three_i
