id,mu,phi,beta,tau,S0,V0,modelname
Baudoux3,0.0031420342176802455,1.0545311138310043e-10,534.6989633685243,0.005812576419812634,1671702.315993446,20032418.466185328,three_i
