id,mu,phi,beta,tau,S0,V0,modelname
Baudoux33,0.008655480999642006,1.15259738208843e-09,568.0095111879181,14.507709653959237,1517587.2203506068,16653426.795439713,two_i
