id,mu,phi,beta,modelname
Baudoux3,0.01086965232962993,1.2557286571692145e-10,381.73151069599174,zero_i
