id,mu,phi,beta,lam,tau,S0,V0,modelname
Baudoux33,0.018191304840131296,1.970625914001805e-09,502.48393257889467,5.378980419639987,0.046337755454012634,1454240.418296164,17404843.7338177,three_i
