id,mu,phi,beta,lam,tau,S0,V0,modelname
Baudoux32,0.07571190259351308,1.7696672366498237e-09,166.5160267906079,0.010629584979801859,0.05734533265838892,666091.2391416591,14548444.980847776,three_i
