id,mu,phi,beta,tau,S0,V0,modelname
Baudoux32,0.014518247293524895,1.7694324971378475e-09,470.58780961999815,7.543222969628059,1337869.6795933438,20546564.715314258,four_i
