id,mu,phi,beta,tau,S0,V0,modelname
Baudoux33,0.04034699907330073,1.0930006089934915e-07,693.6844702490149,5.66834305662207,1707925.776436634,21840904.8204066,eight_i
