id,mu,phi,beta,tau,S0,V0,modelname
Baudoux33,0.04246861656664039,1.8420641644898607e-07,766.1626398306813,4.499003009322456,1708572.2864090246,24730023.944220614,ten_i
