id,mu,phi,beta,tau,S0,V0,modelname
Baudoux32,0.01757455923285204,4.8999417073409265e-09,538.4720829432632,6.680240024736557,1389587.8478910227,23566404.74241606,six_i
