id,mu,phi,beta,tau,S0,V0,modelname
Baudoux3,0.06999539788884136,1.3633811584313358e-09,25.940029456385368,1.0058710038399519,6491721.766469353,23097609.51919558,eight_i
