id,mu,phi,beta,tau,S0,V0,modelname
Baudoux32,0.01619028309982571,1.8087686947170584e-10,301.5714785655806,0.13428258774143184,1236179.437496187,13594300.546500081,two_i
