id,mu,phi,beta,tau,S0,V0,modelname
Baudoux34,1.0051092172535099,1.8559659446448166e-07,96.55701672782796,8.691722986865248,1656284.605222651,26378343.03177203,four_i
