id,mu,phi,beta,tau,S0,V0,modelname
Baudoux34,0.006133113613395182,4.873162189572399e-10,58.89278754767986,0.041455361228231825,2102633.9081865433,24024219.425479237,six_i
