id,mu,phi,beta,lam,tau,modelname
Baudoux34,0.07281286891554224,4.1988976443805664e-09,53.589043526433635,0.24223679012849714,0.05589673552298379,five_i
