id,mu,phi,beta,tau,S0,V0,modelname
Baudoux3,0.028989182387593692,7.402904352727901e-10,356.37844680798264,15.772922470365302,1363856.2729838113,18020157.486525565,one_i
