id,mu,phi,beta,tau,S0,V0,modelname
Baudoux32,0.018234331438153433,4.0460191308730074e-10,348.75600466455575,11.977434893394008,1215714.1753499163,14921684.270092156,one_i
