id,mu,phi,beta,tau,S0,V0,modelname
Baudoux3,0.05005253298920699,8.377142727674982e-08,678.7721183277506,4.441557624116585,1797093.4308871801,33655694.44220955,nine_i
