id,mu,phi,beta,lam,tau,modelname
Baudoux34,0.07811860725454728,4.003166193353386e-09,50.17652640547758,0.06406795849728389,0.056579800108985286,four_i
