id,mu,phi,beta,tau,S0,V0,modelname
Baudoux32,0.013221644897841814,6.793696226905303e-09,565.4750302974242,5.987060868049144,1480529.2831353112,24383515.322790958,seven_i
