id,mu,phi,beta,tau,S0,V0,modelname
Baudoux33,0.02825593148703186,1.4361427319489579e-08,610.2489921577431,8.685964194674263,1551697.3039092056,20240781.085304335,five_i
