id,mu,phi,beta,tau,S0,V0,modelname
Baudoux32,0.015192949001312048,2.440138915750961e-09,492.53263415935993,6.667629343451456,1365653.382505886,22000922.029390983,five_i
