id,mu,phi,beta,lam,tau,modelname
Baudoux34,0.01993635720394908,1.252010416479232e-09,65.66852570638419,0.024232682863287332,0.07111902598343589,five_i
