id,mu,phi,beta,tau,S0,V0,modelname
Baudoux33,0.01932509359459581,5.63353798666605e-09,585.7128147206219,9.90798282019548,1514243.0104676578,20856583.815026723,four_i
