id,mu,phi,beta,tau,S0,V0,modelname
Baudoux33,0.06382736261547248,5.3093270873328944e-08,660.3482102225734,7.741501986315035,1621422.8571351846,21253807.667165097,six_i
