id,mu,phi,beta,tau,S0,V0,modelname
Baudoux32,0.010282208161085627,1.704173628389214e-10,370.00603519468757,0.33433328758649156,1361953.8697555063,14500524.652907852,six_i
