id,mu,phi,beta,tau,S0,V0,modelname
Baudoux34,0.0028036123630061703,4.315205361481554e-10,69.97165965262461,0.008819230546940482,2071455.3827883217,22993586.06807523,one_i
