id,mu,phi,beta,lam,tau,modelname
Baudoux3,0.03988020699623135,6.033052345083035e-09,489.5721750598539,4.325523439322422,0.061898898848263655,five_i
