id,mu,phi,beta,lam,tau,modelname
Baudoux33,0.007275024664592633,4.689005875605992e-09,639.6936565668874,10.399004670003425,0.09877248488039736,four_i
