id,mu,phi,beta,tau,S0,V0,modelname
Baudoux32,0.014410585949127655,9.979847371572533e-10,441.4438759399802,8.073345136323441,1317926.4014440964,19484364.712399706,three_i
