id,mu,phi,beta,tau,S0,V0,modelname
Baudoux3,0.05650393347907023,8.94354474501281e-09,513.8956599786354,8.50894756561169,1450071.1913478884,24536521.37698023,four_i
