id,mu,phi,beta,H0,V0,modelname
Baudoux32,0.020433080375090458,2.159160605544536e-10,230.00620394443752,1236769.5154507195,13394353.209501604,zero_i
