id,mu,phi,beta,H0,V0,modelname
Baudoux32,0.01866789364231297,1.990184352443177e-10,249.02211496890595,1256804.8001901654,13889639.239502288,zero_i
