id,mu,phi,beta,tau,S0,V0,modelname
Baudoux3,0.36821675591023945,2.0579647297611216e-07,694.7741044201874,4.487048724729059,1715818.4948120578,33763937.226245716,nine_i
