id,mu,phi,beta,lam,tau,modelname
Baudoux3,0.019699782196410717,4.881856359042305e-10,361.2588556792735,0.08033275243272023,0.06810158322705923,five_i
