id,mu,phi,beta,tau,S0,V0,modelname
Baudoux32,0.06461622683924474,2.0541663302873991e-10,46.37936332466428,0.32257449373159164,8963669.963834867,15758344.650260666,nine_i
