id,mu,phi,beta,tau,S0,V0,modelname
Baudoux3,0.09351525812572514,3.103889472484847e-08,514.3209952985885,7.566266117225683,1666848.1059281505,25827396.0088505,five_i
