id,mu,phi,beta,tau,S0,V0,modelname
Baudoux3,0.5828251975838535,9.554219532174416e-08,588.7312404653472,5.5637859030073304,1466215.813488458,29684212.1528367,seven_i
