id,mu,phi,beta,lam,tau,modelname
Baudoux32,0.008717061423517145,8.224012029029352e-10,457.4053733855575,7.858617420353218,0.10380168128205094,three_i
