id,mu,phi,beta,tau,S0,V0,modelname
Baudoux34,0.10581274228501346,1.1972307691943084e-08,78.32867555029465,13.480176107730477,1498732.0739896537,22320066.93770156,two_i
