id,mu,phi,beta,tau,S0,V0,modelname
Baudoux34,0.0052998905431701805,4.4654399949365604e-10,71.93776346182798,0.06731134814101157,1929475.4493943837,24125012.4375013,nine_i
