id,mu,phi,beta,lam,tau,modelname
Baudoux3,0.021089951862137152,5.06730024642146e-10,340.9037257646646,0.05701477333280518,0.06710300233889471,three_i
