id,mu,phi,beta,tau,S0,V0,modelname
Baudoux32,0.02650736205577021,1.1525114078835391e-09,279.17839994539236,11.011039560154872,1231833.354245787,17974582.471027926,two_i
