id,mu,phi,beta,tau,S0,V0,modelname
Baudoux32,0.04805804088623455,1.4487974232165241e-08,588.1344083826483,4.960881652270039,1415012.4049577054,25606023.378228527,nine_i
