id,mu,phi,beta,tau,S0,V0,modelname
Baudoux3,0.011166554618077326,1.2694621882706443e-10,417.1396478118276,0.02810451818819175,1575407.8992329084,24740171.321225576,ten_i
