id,mu,phi,beta,tau,S0,V0,modelname
Baudoux32,0.03851573722423816,8.95031766413139e-09,450.75250855130935,7.044468976259054,1390233.0410188804,24479901.682876814,six_i
