id,mu,phi,beta,tau,S0,V0,modelname
Baudoux3,0.013584527717136835,1.3548238863039622e-06,642.1886117313641,4.973933812226947,1852354.7492852677,29929382.50927939,eight_i
