id,mu,phi,beta,tau,S0,V0,modelname
Baudoux32,0.01606065065814842,1.844208897085744e-10,281.3032187402767,0.036461023364811565,1299000.3080874616,13704852.010779856,five_i
