id,mu,phi,beta,H0,V0,modelname
Baudoux32,0.09867720737675297,3.443365532485355e-11,135.17073840840925,3810684.306351645,7452496.75957797,zero_i
