id,mu,phi,beta,H0,V0,modelname
Baudoux33,0.00361762780268918,1.0369483158428829e-10,533.8898346707663,1596775.9903216993,12900550.806781901,zero_i
