id,mu,phi,beta,lam,S0,V0,modelname
Baudoux3,0.0359571198589525,8.415707497558934e-10,336.68160326620256,0.06027697864917957,1295180.029758469,18458540.756004844,one_i
