id,mu,phi,beta,lam,tau,H0,V0,modelname
Baudoux32,0.016536935439242267,7.800667532280667e-10,291.5525914693641,3.59961403729183,0.06801125926258429,2485679.691481264,16095643.15756937,two_i
