id,mu,phi,beta,lam,tau,modelname
Baudoux33,0.007224068394628785,4.476926565640421e-09,633.929037359062,9.79995095127923,0.08791076367690664,four_i
