id,mu,phi,beta,H0,V0,modelname
Baudoux32,0.01787604980765416,1.735568195777051e-10,303.4402108489127,1224180.9982582189,13677628.863002546,zero_i
