id,mu,phi,beta,H0,V0,modelname
Baudoux3,0.004446061912139241,1.1522906088662017e-10,472.8879131776653,1719143.169798964,18963637.10274543,zero_i
