id,mu,phi,beta,tau,S0,V0,modelname
Baudoux34,0.008374064312558493,4.760620202891905e-10,62.641318450001,0.09787899132539062,1982971.9350128206,24436050.712685205,two_i
