id,mu,phi,beta,tau,S0,V0,modelname
Baudoux34,0.2812510127544616,6.028128447499136e-08,97.26373170623698,8.540935222073193,1710233.7135638986,28055205.66013155,four_i
