id,mu,phi,beta,H0,V0,modelname
Baudoux32,0.015343682235107597,1.7453051063914347e-10,299.82034605848526,1290476.4606139578,13360609.9434463,zero_i
