id,mu,phi,beta,H0,V0,modelname
Baudoux33,0.0028223969096996416,8.928602035368705e-11,611.6097197527827,1603599.4033933785,14672720.99589353,zero_i
