id,mu,phi,beta,tau,S0,V0,modelname
Baudoux32,0.020783818841376422,8.849698630379209e-09,574.6580050873464,5.366703307176065,1437120.7080167548,24266245.82012869,eight_i
