id,mu,phi,beta,tau,S0,V0,modelname
Baudoux32,0.015294084126573692,6.888521942562799e-10,387.3894243167752,9.471815324413635,1293275.9588541875,16971030.310533624,two_i
