id,mu,phi,beta,tau,S0,V0,modelname
Baudoux33,0.31773691508658525,8.368606135927931e-07,703.0129287814634,5.752511335551203,1701164.170083685,22479442.99875964,eight_i
