id,mu,phi,beta,tau,S0,V0,modelname
Baudoux3,0.014740438560247272,1.250473218795643e-07,573.9088813073221,6.576910827346411,1822411.1383848873,27512012.28943107,six_i
