id,mu,phi,beta,tau,S0,V0,modelname
Baudoux33,0.024378917250345526,2.751074727887296e-07,655.6520208804972,5.692971150643315,1767743.1505550153,23370845.715521038,eight_i
