id,mu,phi,beta,lam,tau,modelname
Baudoux3,0.02878217690963387,3.527743211017116e-09,475.64857847524144,5.056741900970589,0.06335546843099885,four_i
