id,mu,phi,beta,tau,S0,V0,modelname
Baudoux34,0.005004977096976662,4.520135944410853e-10,67.85002255853105,0.02895577119875858,2072310.7092385842,23052081.92166587,eight_i
