id,mu,phi,beta,tau,S0,V0,modelname
Baudoux34,0.10538908006342942,1.7173108645613588e-07,201.85911212279427,6.320984139966096,1691032.3377000568,130082178.3219827,eight_i
