id,mu,phi,beta,tau,S0,V0,modelname
Baudoux33,0.02494007848619013,2.588852768080954e-08,633.2833670922846,7.36401364745621,1660700.3382767246,21704590.386053592,six_i
