id,mu,phi,beta,lam,tau,modelname
Baudoux33,0.0056879310293396785,4.306061006355707e-10,500.4616506160972,0.302651398916046,0.043166156624959456,two_i
