id,mu,phi,beta,tau,S0,V0,modelname
Baudoux32,0.040267411228611036,5.923831565999558e-09,521.7045220517758,5.660019523837708,1246009.965206655,24854505.66225742,seven_i
