id,mu,phi,beta,modelname
Baudoux34,0.023245852177419094,6.172262932239599e-10,50.46422581372376,zero_i
