id,mu,phi,beta,tau,S0,V0,modelname
Baudoux34,0.0020646860041281566,4.1779991547598633e-10,76.47577714695421,0.009661288575991373,1998480.91342554,22338546.282459553,seven_i
