id,mu,phi,beta,lam,tau,modelname
Baudoux3,0.018515082774746967,6.175444021998084e-10,380.57633292833697,2.2633384825319447,0.06514883877075028,two_i
