id,mu,phi,beta,tau,S0,V0,modelname
Baudoux33,0.0018758305147250174,9.823640656143431e-11,586.2246529754547,0.017070347352997728,1635605.8225977393,12584904.85977958,nine_i
