id,mu,phi,beta,tau,S0,V0,modelname
Baudoux33,0.002834897853281927,9.443761702800063e-11,623.9714678442143,0.23825852286002575,1578294.3986421365,13576939.965031693,two_i
