id,mu,phi,beta,tau,S0,V0,modelname
Baudoux33,0.0023050070422584463,8.939141852834952e-11,618.8998349394503,0.010309203030503448,1625522.551378014,13310081.877369657,three_i
