id,mu,phi,beta,tau,S0,V0,modelname
Baudoux32,0.042370585860704704,1.1276838439707934e-08,559.5126440902619,5.460939718424652,1379968.0459499059,24976433.63564045,eight_i
