id,mu,phi,beta,tau,S0,V0,modelname
Baudoux34,0.0018091718004884282,4.30095328036808e-10,69.92973583934732,0.0034052768157308982,2111177.231154843,23074887.768109977,two_i
