id,mu,phi,beta,lam,tau,modelname
Baudoux34,0.07311164997111683,4.835711121242556e-09,64.4248707671571,1.1993134164124954,0.054146985985770064,three_i
