id,mu,phi,beta,lam,tau,S0,V0,modelname
Baudoux3,0.07829662472620522,7.49891527381587e-09,419.68738559844496,4.72131345188158,0.05911402287953735,1274164.9004003354,22083984.539495774,four_i
