id,mu,phi,beta,tau,S0,V0,modelname
Baudoux3,0.0193268085056589,6.315874636738838e-10,394.1580393915431,16.4044318266255,1495957.7709061855,19640345.904203296,one_i
