id,mu,phi,beta,tau,S0,V0,modelname
Baudoux3,0.03640424999187115,1.1042136190528808e-07,625.4740535682448,4.967161613663178,1861524.5330351312,31618548.78148961,eight_i
