id,mu,phi,beta,tau,S0,V0,modelname
Baudoux33,0.0024110612608660444,9.917760660602686e-11,606.1648395522099,0.10493340978482901,1588943.66854959,13952315.689138364,seven_i
