id,mu,phi,beta,lam,tau,modelname
Baudoux33,0.009412546145973987,3.955522090393881e-10,423.63213233098656,0.022635049183728093,0.0520960579754266,three_i
