id,mu,phi,beta,lam,modelname
Baudoux32,0.011006555562573433,3.2397026600714855e-10,322.1344375271412,0.07773948268863157,one_i
