id,mu,phi,beta,tau,S0,V0,modelname
Baudoux32,0.020682030951577213,4.93237253211029e-09,527.046841586085,6.599538111590734,1390728.0895195284,23228043.54772271,six_i
