id,mu,phi,beta,tau,S0,V0,modelname
Baudoux3,0.002476526586477402,1.0992971622207167e-10,523.7945222550858,0.03304584585663031,1724916.9489955527,19208459.930151176,ten_i
