id,mu,phi,beta,tau,S0,V0,modelname
Baudoux3,0.025040859445496482,7.465223605685561e-10,384.31144381901987,17.02815247427774,1379102.201958514,18156505.639579024,one_i
