id,mu,phi,beta,lam,modelname
Baudoux33,0.005048649291872517,3.7173903301941404e-10,513.9666799266007,0.045787964461499964,one_i
