id,mu,phi,beta,tau,S0,V0,modelname
Baudoux32,0.04519258136357616,1.4396944410448732e-08,584.8071245521894,4.956229675953904,1432384.8781044576,25573324.528490268,nine_i
