id,mu,phi,beta,lam,tau,S0,V0,modelname
Baudoux3,0.0411972616091017,6.007434644649279e-09,491.4816412985794,3.73059952460145,0.05917826997824618,1472676.9355797356,24074775.06087362,five_i
