id,mu,phi,beta,tau,S0,V0,modelname
Baudoux32,0.03075205032858409,7.712328950407838e-09,551.6469152734215,6.040955844972326,1361815.5998133991,24822478.113917425,seven_i
