id,mu,phi,beta,modelname
Baudoux33,0.009760561163624129,1.2318341436633979e-10,339.30982807574435,zero_i
