id,mu,phi,beta,lam,tau,S0,V0,modelname
Baudoux33,0.014845528247148809,8.854751366379737e-10,494.505316435978,4.1103991792676915,0.046266910284746686,1400018.8642611632,15808765.010045798,two_i
