id,mu,phi,beta,tau,S0,V0,modelname
Baudoux34,0.003341937177467978,4.193281440914706e-10,78.37590537352885,0.02113990221571388,1927754.279553629,22784989.248864803,nine_i
