id,mu,phi,beta,lam,tau,modelname
Baudoux33,0.010357155298113842,4.93899023176515e-10,380.23561166344257,0.02906371554718366,0.047207601419848116,two_i
