id,mu,phi,beta,tau,S0,V0,modelname
Baudoux3,0.006057362148230601,2.9358958034459194e-08,612.5750161695672,7.745345957402771,1775275.9687428675,26183470.432278875,five_i
