id,mu,phi,beta,lam,tau,H0,V0,modelname
Baudoux3,0.13636087255605198,4.094275843065301e-08,505.80513585750606,9.544394207246153,7.149303394378157,722660.2102431408,21864971.43420136,five_i
