id,mu,phi,beta,tau,S0,V0,modelname
Baudoux3,0.30261683058943073,6.448610614412653e-08,28.462925123257076,30.566589473097675,674653.7725304884,10906201.209727699,ten_i
