id,mu,phi,beta,tau,S0,V0,modelname
Baudoux32,0.1254843572967101,5.199723248549459e-08,609.8894355238504,4.71204502077068,1447644.043475704,25727520.324187014,ten_i
