id,mu,phi,beta,tau,S0,V0,modelname
Baudoux33,0.020143452415739435,1.7419794246432424e-08,523.6186046356215,9.072801085457241,298315.254030555,33623932.01984099,four_i
