id,mu,phi,beta,lam,S0,V0,modelname
Baudoux32,0.23033249925602425,1.176075426569549e-07,166.3811234828141,0.01650673988127815,1645897.2158464536,11209095.614150338,one_i
