id,mu,phi,beta,tau,S0,V0,modelname
Baudoux32,0.028883265718161022,7.954728558782148e-10,4.229960626956137,1.0402051025247891,463281.22440446867,27211316.752972603,one_i
