id,mu,phi,beta,tau,S0,V0,modelname
Baudoux34,0.0032805957581939255,4.466072754409763e-10,67.44295640518224,0.001878291920407054,2065523.1544165027,23069819.261223793,ten_i
