id,mu,phi,beta,tau,S0,V0,modelname
Baudoux34,0.0034347823587775063,4.407923839942288e-10,71.1549314452525,0.015827830141244743,1981457.1439774628,22867400.67711725,nine_i
