id,mu,phi,beta,tau,S0,V0,modelname
Baudoux34,0.09489227786476959,5.051900302612593e-09,52.58100680493205,17.867061577560595,1377945.0179574213,19838773.349921122,one_i
