id,mu,phi,beta,H0,V0,modelname
Baudoux32,0.015094910912934774,1.7425379319696425e-10,300.0977936229871,1300903.0746565426,12941267.831949443,zero_i
