id,mu,phi,beta,tau,S0,V0,modelname
Baudoux33,0.0020342597044372196,9.923413566099035e-11,596.6767526985639,0.03885857994912549,1610614.9205478719,13046024.858312232,ten_i
