id,mu,phi,beta,tau,S0,V0,modelname
Baudoux3,0.3693841146368048,1.7545252777673094e-07,574.4416075123784,6.548159284175225,1696575.6678677143,26600944.359541804,six_i
