id,mu,phi,beta,tau,S0,V0,modelname
Baudoux33,0.024655830526708743,2.541096182279245e-08,656.0608289155499,7.536366543530447,1663163.5439846562,22227137.667021286,six_i
