id,mu,phi,beta,tau,S0,V0,modelname
Baudoux33,0.073505859815175,9.427097951065682e-08,689.5165108656576,5.651675259323685,1676790.4168444134,23188348.161573973,eight_i
