id,mu,phi,beta,tau,S0,V0,modelname
Baudoux33,0.006864970830244041,2.6823381339002403e-09,599.929935170608,11.81365031549044,1561654.651509237,17862389.02155795,three_i
