id,mu,phi,beta,H0,V0,modelname
Baudoux3,0.002655797732264705,1.0823839256058925e-10,521.8443067322186,1724904.6746645793,17873810.866713043,zero_i
