id,mu,phi,beta,tau,S0,V0,modelname
Baudoux34,1.6102487309418658,2.6450434801187754e-07,102.0225260543419,7.1056970630281535,1589949.3506283467,28657883.465664692,five_i
