id,mu,phi,beta,lam,tau,S0,V0,modelname
Baudoux33,0.006206654937502541,1.0924561620314355e-10,566.9718021633499,0.040783628177252014,0.9754394830670933,1463359.4042516875,15128746.784480222,three_i
