id,mu,phi,beta,H0,V0,modelname
Baudoux34,0.007357207517997119,4.722497096705263e-10,62.796193161321206,2018663.8703718793,23253471.557046577,zero_i
