id,mu,phi,beta,lam,tau,modelname
Baudoux32,0.009673968876562453,1.596017935937886e-09,484.86407348231796,8.064476216104795,0.1246763951475619,four_i
