id,mu,phi,beta,lam,modelname
Baudoux33,0.004464561792311478,3.6786269271027796e-10,531.176621779523,0.04476757169177981,one_i
