id,mu,phi,beta,tau,S0,V0,modelname
Baudoux33,0.019794820142157343,3.2636063150372077e-09,569.3742077266439,11.945414051825837,1424703.2231141303,17655690.713773042,three_i
