id,mu,phi,beta,tau,S0,V0,modelname
Baudoux3,0.013309079480716546,1.4499442231217555e-10,350.60969240870185,0.030125563677416745,1543718.412229404,24322021.63943287,two_i
