id,mu,phi,beta,H0,V0,modelname
Baudoux3,0.009667991517903162,1.3937804253994293e-10,364.5079152097414,1659677.891136123,21357813.91749491,zero_i
