id,mu,phi,beta,tau,S0,V0,modelname
Baudoux3,1.165480233448967,2.7894929135134446e-07,598.0480108858686,5.590359313498063,1573575.5091773751,28945946.494611043,seven_i
