id,mu,phi,beta,tau,S0,V0,modelname
Baudoux34,0.10189391600922516,5.351809242769004e-09,52.85165072881479,17.37798183816919,1271662.074659647,18708634.063693512,one_i
