id,mu,phi,beta,lam,modelname
Baudoux3,0.017034406614116274,4.718357041341986e-10,382.5870928792111,0.06338208695592563,one_i
