id,mu,phi,beta,tau,S0,V0,modelname
Baudoux33,0.08242346709685158,1.4444000288509623e-06,709.9449506141499,4.499430798101493,1801320.6178558667,24651088.3760674,ten_i
