id,mu,phi,beta,lam,tau,modelname
Baudoux34,0.07515947999305758,3.7744043447251936e-09,50.61493154070504,0.02267049772033341,0.05773594833455243,four_i
