id,mu,phi,beta,lam,tau,modelname
Baudoux33,0.009524179735766166,4.671920077612366e-10,394.15192595883957,0.02056198154955652,0.04802364215741923,four_i
