id,mu,phi,beta,H0,V0,modelname
Baudoux33,0.0015366094859157126,8.866930263576465e-11,630.6931032065844,1625619.4757544424,13039972.109709952,zero_i
