id,mu,phi,beta,tau,S0,V0,modelname
Baudoux34,0.1701836240890846,3.533021830799541e-08,90.97787782269333,10.568241801090865,1684057.2861054367,22992467.819597114,three_i
