id,mu,phi,beta,tau,S0,V0,modelname
Baudoux32,0.015394776829024702,1.2398716551044243e-09,417.85412316393473,8.659270209118432,1330695.372074547,18915784.612037513,three_i
