id,mu,phi,beta,tau,S0,V0,modelname
Baudoux34,0.0033568633444036977,4.1985404150637986e-10,73.59370015615693,0.0059191906224593865,2005258.6139656056,23156320.580176894,ten_i
