id,mu,phi,beta,tau,S0,V0,modelname
Baudoux33,0.05002325819763641,2.19970284819824e-06,726.187888063699,5.073705651884705,1744135.9972561563,23905468.602096856,nine_i
