id,mu,phi,beta,tau,S0,V0,modelname
Baudoux32,0.018694055315565842,1.2120529351467573e-09,405.94875285324486,8.19948410811589,1264280.3713787578,18504186.788076803,three_i
