id,mu,phi,beta,tau,S0,V0,modelname
Baudoux34,0.09026894574644945,4.856760849692637e-09,56.22794507583767,18.231953863262365,1311095.4031508777,19475496.054698568,one_i
