id,mu,phi,beta,tau,S0,V0,modelname
Baudoux3,0.06110835675220993,9.927623933846461e-08,594.3703102091793,6.591253674391539,1756006.5419597342,27074272.214470185,six_i
