id,mu,phi,beta,tau,S0,V0,modelname
Baudoux3,0.0009866399710018658,1.0287170722096743e-10,569.8823499680063,0.047701438159570786,1721129.9369763045,17638998.238650676,one_i
