id,mu,phi,beta,tau,S0,V0,modelname
Baudoux33,0.47385923508066446,2.2415057399120036e-07,654.3420918815219,6.600480835372199,1576855.2372715499,21555170.05230787,seven_i
