id,mu,phi,beta,tau,S0,V0,modelname
Baudoux3,0.024677399634796007,1.5734916793340215e-09,428.7295460851449,11.514596037987552,1468061.7267418343,20772253.279436644,two_i
