id,mu,phi,beta,tau,S0,V0,modelname
Baudoux32,0.021298404143284627,4.581429261373713e-09,554.1440187296666,6.554301372568928,1343519.8588803308,23101089.49842923,six_i
