id,mu,phi,beta,tau,S0,V0,modelname
Baudoux32,0.19357818002792607,1.83773876795951e-06,492.30646073035,5.153959295281844,1685504.8481627575,24515995.376029287,nine_i
