id,mu,phi,beta,tau,S0,V0,modelname
Baudoux34,0.49489165836826104,4.13913244715976e-06,66.08127020236303,4.670605910859253,571574.6206249894,49646485.955535635,ten_i
