id,mu,phi,beta,lam,tau,modelname
Baudoux32,0.013143342447347224,4.388054588553904e-10,318.9435342889937,2.025322166550726,0.0683418053438752,two_i
