id,mu,phi,beta,tau,S0,V0,modelname
Baudoux34,0.009517188477602667,1.5360903107117649e-07,119.08074596509465,5.049728219269422,1750196.1937346861,36564054.950362794,eight_i
