id,mu,phi,beta,tau,S0,V0,modelname
Baudoux32,0.012036168826950324,1.021262870466877e-09,453.564164896594,8.146665037206866,1346146.7524842368,18501763.08783053,three_i
