id,mu,phi,beta,tau,S0,V0,modelname
Baudoux3,0.04797156652589445,1.6264008080295923e-08,579.1104036380332,6.0965296978336525,1712201.8479733025,28105908.414508842,six_i
