id,mu,phi,beta,tau,S0,V0,modelname
Baudoux33,0.012999197194206804,5.925063739788519e-10,495.79290812599993,22.118459604999916,1361479.2111240048,14340826.838507565,one_i
