id,mu,phi,beta,tau,S0,V0,modelname
Baudoux34,0.02071396398969673,1.3628911709050238e-09,53.903501692058654,1.732949781248476,1418347.4707026994,35651288.21265922,ten_i
