id,mu,phi,beta,H0,V0,modelname
Baudoux34,0.008247526454404682,4.843300927051729e-10,62.973256457293544,1963030.6249805726,23699612.738760255,zero_i
