id,mu,phi,beta,tau,S0,V0,modelname
Baudoux34,0.002413344872062414,4.349859242656048e-10,70.48256870978524,0.02923514302856052,2044473.4817009335,23096907.548128173,six_i
