id,mu,phi,beta,lam,H0,V0,modelname
Baudoux32,0.009185283565846542,1.7878125330887022e-10,351.52851882838274,0.5368405275245925,2453808.3201392526,12968634.378785968,one_i
