id,mu,phi,beta,lam,modelname
Baudoux3,0.019092437315021957,4.991048861696671e-10,360.2785998825971,0.0646870025368192,one_i
