id,mu,phi,beta,tau,S0,V0,modelname
Baudoux33,0.005143981932220451,1.0171075124828294e-09,589.3262147238654,14.35070131263567,1590962.8923179735,17651577.001412585,two_i
