id,mu,phi,beta,lam,tau,H0,V0,modelname
Baudoux32,0.014171347566200223,4.655749472353029e-10,326.6373798979531,0.01969057759717953,0.0701112299677077,6128714.387253041,14179957.771851854,two_i
