id,mu,phi,beta,tau,S0,V0,modelname
Baudoux33,0.2323110082059264,2.409803911577258e-06,714.0440134006067,5.7382837397933475,1705038.2815155755,22589898.50855581,eight_i
