id,mu,phi,beta,tau,S0,V0,modelname
Baudoux32,0.03970653730051612,7.067219734109024e-10,42.76918036442706,0.17447195423797143,6973916.73699651,39601225.77652396,seven_i
