id,mu,phi,beta,tau,S0,V0,modelname
Baudoux3,0.06807713686841431,1.5520141266697068e-07,642.605065486355,4.954184309679971,1848294.8438669755,29757451.387225807,eight_i
