id,mu,phi,beta,tau,S0,V0,modelname
Baudoux34,0.014909113910510693,5.54389800766534e-10,54.3143966071058,0.10057629854421475,1793514.500538597,26415128.742300566,six_i
