id,mu,phi,beta,tau,S0,V0,modelname
Baudoux34,0.0020898874625347994,4.430630751225455e-10,68.66385525772158,0.004231200143134541,2109730.635887624,22512071.7853192,six_i
