id,mu,phi,beta,tau,S0,V0,modelname
Baudoux33,0.004068167502154532,1.0592991538912544e-10,553.1484519949108,0.4190396421856702,1577398.5088464872,14601091.83740363,two_i
