id,mu,phi,beta,tau,S0,V0,modelname
Baudoux33,0.016763043443231748,2.4415560851317045e-08,659.9096411221209,7.539340068181301,1664773.8921618797,21610480.824570138,six_i
