id,mu,phi,beta,tau,S0,V0,modelname
Baudoux33,0.009779784242266951,1.7066832007244613e-09,637.8108772482076,10.691014658842619,1491011.1660838434,18859125.147716727,three_i
