id,mu,phi,beta,tau,S0,V0,modelname
Baudoux34,0.08041841359189339,1.7385041568026326e-08,87.1000475174608,8.122718875111625,1812329.3389204862,28960950.794219647,four_i
