id,mu,phi,beta,tau,S0,V0,modelname
Baudoux32,0.030606050758666476,9.150206882356935e-09,570.4706154855542,5.343502332128462,1399560.59697437,25211978.669023126,eight_i
