id,mu,phi,beta,tau,S0,V0,modelname
Baudoux34,0.0064660946476198244,4.897028797053801e-10,59.36060612271381,0.013891057540476771,2041734.2960910313,24021780.200948153,seven_i
