id,mu,phi,beta,tau,S0,V0,modelname
Baudoux34,0.014609805546049558,6.027462406046002e-10,48.94519459973295,0.15151940726371257,1849344.655591807,25261670.19967199,seven_i
