id,mu,phi,beta,lam,tau,S0,V0,modelname
Baudoux33,0.044682508658608275,4.072402609131704e-09,421.9837319551532,2.924421754212365,0.043499106666708524,1198644.5156317563,17405287.399939436,five_i
