id,mu,phi,beta,modelname
Baudoux3,0.013199170154361617,1.3689027976270562e-10,341.9386833092645,zero_i
