id,mu,phi,beta,tau,S0,V0,modelname
Baudoux34,0.23815919291073986,6.36063158424143e-08,99.05312784982706,8.622971305753598,1727933.1206228733,26779603.389221318,four_i
