id,mu,phi,beta,lam,tau,H0,V0,modelname
Baudoux3,0.02634842230480559,9.160514072175871e-10,317.8669294493739,0.07033608589397003,0.059561879529827076,1920782.8928307788,16723623.57496026,two_i
