id,mu,phi,beta,tau,S0,V0,modelname
Baudoux34,1.0975441076001138,2.0593678808502554e-07,98.81394648308215,7.226380427717061,1576273.3649702673,29797959.745502114,five_i
