id,mu,phi,beta,lam,tau,modelname
Baudoux34,0.07046136449160069,3.7135514429788636e-09,52.75886450693406,0.03923797957838785,0.054460699482439506,three_i
