id,mu,phi,beta,tau,S0,V0,modelname
Baudoux3,0.13785703292285842,3.0848177375391244e-08,567.9853780723979,7.605523291336146,1475253.252128569,25088375.451777916,five_i
