id,mu,phi,beta,tau,S0,V0,modelname
Baudoux34,0.0105203787882701,1.196648137268245e-09,99.14305780150306,2.682709921668834,1446201.9034307199,37621995.5210298,eight_i
