id,mu,phi,beta,modelname
Baudoux32,0.021231326795858305,2.209389385257754e-10,166.8364745656384,zero_i
