id,mu,phi,beta,lam,tau,modelname
Baudoux32,0.008496285415361848,1.8027887756952858e-09,499.85606792310654,8.386826835394295,0.11142483149662102,four_i
