id,mu,phi,beta,tau,S0,V0,modelname
Baudoux33,0.0014453729894356238,9.355637190819534e-11,629.9829896571988,0.15009684988236371,1604212.8619974412,14233652.098190906,four_i
