id,mu,phi,beta,tau,S0,V0,modelname
Baudoux32,0.0536135443672163,2.5089270314921444e-08,12.800656805540541,9.778474260891384,1954839.2717939578,3693605.2489936408,eight_i
