id,mu,phi,beta,tau,S0,V0,modelname
Baudoux32,0.015570844381878753,4.515135575630862e-09,524.9219219647747,6.550099709077642,1425758.60262941,23191559.273727693,six_i
