id,mu,phi,beta,tau,S0,V0,modelname
Baudoux33,0.1301596745684821,1.521622104395554e-06,749.0646164108311,4.528411960926231,1746740.9154955652,24872024.59568391,ten_i
