id,mu,phi,beta,modelname
Baudoux3,0.013194235916823852,1.352006228851735e-10,344.1890823677901,zero_i
