id,mu,phi,beta,tau,S0,V0,modelname
Baudoux3,0.43490291462514563,8.41509302686455e-09,15.235692995492894,6.917847663572604,2357066.8683973127,67871179.83547874,one_i
