id,mu,phi,beta,tau,S0,V0,modelname
Baudoux34,0.567367110961104,9.436902065287685e-08,86.87802821773249,10.720163966712954,1599274.1214107005,23619065.096881736,three_i
