id,mu,phi,beta,tau,S0,V0,modelname
Baudoux33,0.0025323281619243033,9.929829338163813e-11,555.9536585952136,0.04291691810505871,1627459.277295721,13460700.333601072,one_i
