id,mu,phi,beta,tau,S0,V0,modelname
Baudoux3,0.0031839218819933774,1.0876176294530396e-10,499.4165260752148,0.001326108243298652,1720091.8155884955,20573767.159401033,ten_i
