id,mu,phi,beta,tau,S0,V0,modelname
Baudoux33,0.22293232252412093,3.1399369734478935e-08,32.936039554900375,7.3269712809472285,430994.1803904949,2398359.348528433,ten_i
