id,mu,phi,beta,tau,S0,V0,modelname
Baudoux3,0.005189747172078984,1.1888166825912574e-10,486.62839457997444,0.05161006200088796,1609834.1735574924,22342033.709136166,ten_i
