id,mu,phi,beta,tau,S0,V0,modelname
Baudoux34,1.4207509016631252,1.6817935714989438e-07,94.99562492978859,8.67397572273065,1409141.5089931495,28743287.182584777,four_i
