id,mu,phi,beta,tau,S0,V0,modelname
Baudoux34,0.005965431012244936,4.682812284372574e-10,61.973331017270674,0.03316730120157435,2066029.2750260364,24637801.808908895,ten_i
