id,mu,phi,beta,tau,S0,V0,modelname
Baudoux34,0.15499390713109917,4.951590389772305e-08,43.51789029772212,5.644328053973595,2198672.0614711475,13776724.90290303,nine_i
