id,mu,phi,beta,lam,tau,S0,V0,modelname
Baudoux3,0.024224710558497627,1.5628861631585263e-09,458.5740667681521,3.739793678484221,0.06287440570428549,1456540.5074885916,22004958.215465754,three_i
