id,mu,phi,beta,tau,S0,V0,modelname
Baudoux3,0.02494471757506941,1.6046692275449322e-09,425.541981644922,11.304044220347803,1475563.0396510935,19671945.51465229,two_i
