id,mu,phi,beta,tau,S0,V0,modelname
Baudoux3,0.02953029535366895,3.414533651651674e-09,495.89668291091226,9.715672112176515,1452380.7949481402,23254784.60443037,three_i
