id,mu,phi,beta,tau,S0,V0,modelname
Baudoux33,0.043018559309723814,3.6769386420298503e-08,655.4001270231665,5.50969703512314,1745653.381093688,24599497.934208944,eight_i
