id,mu,phi,beta,H0,V0,modelname
Baudoux33,0.01147964679920239,1.44817486080252e-10,347.7362066559657,1491746.8559613503,14557412.803638557,zero_i
