id,mu,phi,beta,H0,V0,modelname
Baudoux32,0.017111346984555686,1.8804874173517293e-10,276.86484951883335,1269655.0004192549,12973779.363542993,zero_i
