id,mu,phi,beta,tau,S0,V0,modelname
Baudoux3,0.03843020979053656,8.340938338913748e-09,529.5367311230564,8.532015184643958,1555377.4284143862,24570190.099636666,four_i
