id,mu,phi,beta,lam,tau,modelname
Baudoux3,0.019454958761055508,5.691191053039841e-10,373.54479942610726,1.1872748546126182,0.06395287874526959,two_i
