id,mu,phi,beta,tau,S0,V0,modelname
Baudoux3,0.018190573657447102,2.9968747562775184e-07,683.3199354390317,4.475524769945382,1850627.8871881987,33966232.029888585,nine_i
