id,mu,phi,beta,tau,S0,V0,modelname
Baudoux33,0.01827435135795885,1.251745076559125e-08,650.4095600377935,8.758950417098573,1570401.4798108572,20587225.535760995,five_i
