id,mu,phi,beta,lam,modelname
Baudoux3,0.017540660322713023,4.846169306903808e-10,375.7531396638635,0.06307597883475871,one_i
