id,mu,phi,beta,tau,S0,V0,modelname
Baudoux32,0.09179485035204599,1.955691170231324e-06,12.649808227128133,6.257868244442995,376986.36435456865,38530801.80716587,six_i
