id,mu,phi,beta,tau,S0,V0,modelname
Baudoux33,0.0085561602260432,5.823882608431384e-09,660.2088072437773,10.362538808438842,1563700.9211368246,19440640.544696357,four_i
