id,mu,phi,beta,tau,S0,V0,modelname
Baudoux32,0.10637092650345988,2.0158230730275115e-08,572.1926931740478,5.027353862400382,1253935.4904290305,25125402.295891106,nine_i
