id,mu,phi,beta,lam,tau,modelname
Baudoux33,0.008523357099173996,4.593817397231796e-10,415.43205216981136,0.017044758974032757,0.046777039381158965,five_i
