id,mu,phi,beta,tau,S0,V0,modelname
Baudoux34,0.0041499966354537204,4.375658509511354e-10,69.16700506115299,0.0007318679651593395,1999596.2373382787,23333073.513913367,eight_i
