id,mu,phi,beta,lam,S0,V0,modelname
Baudoux32,0.018552728060686186,4.769828275326328e-10,324.7504389001442,0.07369056771814507,1240878.8724011062,14649394.074856872,one_i
