id,mu,phi,beta,tau,S0,V0,modelname
Baudoux34,0.22337347511489086,3.319192296482615e-08,87.63206635847965,10.619059630924305,1539864.3084884149,25028848.93312392,three_i
