id,mu,phi,beta,tau,S0,V0,modelname
Baudoux32,0.10271886919396582,2.2623463952912422e-08,561.1969079935604,5.061715515164458,1347833.2598323263,25940556.250353076,nine_i
