id,mu,phi,beta,lam,tau,modelname
Baudoux3,0.021624887834445914,1.6722203430884018e-09,450.11164080314296,5.392108900069846,0.06540851894921908,three_i
