id,mu,phi,beta,tau,S0,V0,modelname
Baudoux33,0.047003788522013784,4.941241614009014e-08,704.2290143311102,6.528062007812658,1626137.3534847943,22136729.343618833,seven_i
