id,mu,phi,beta,tau,S0,V0,modelname
Baudoux34,0.0028846144511052445,4.4576152081354895e-10,68.62857536729729,0.0004875244571971003,2024232.521536403,22973700.26344989,nine_i
