id,mu,phi,beta,tau,S0,V0,modelname
Baudoux3,0.022793365371080877,6.666292060233303e-10,378.2098703465008,16.14620669951388,1459759.2037257596,19047382.83715113,one_i
