id,mu,phi,beta,H0,V0,modelname
Baudoux3,0.01003594221581474,1.521851021586828e-10,325.99548577874054,1701187.125726602,20081347.72274592,zero_i
