id,mu,phi,beta,tau,S0,V0,modelname
Baudoux34,0.004682486790507689,4.4782539362605683e-10,67.64294310903026,0.0020182630689981507,2012140.9183043123,22651395.37431163,seven_i
