id,mu,phi,beta,lam,tau,modelname
Baudoux34,0.07762139569924908,4.36458365856549e-09,54.49816666586795,0.9616357032583509,0.054622659557247454,two_i
