id,mu,phi,beta,lam,tau,modelname
Baudoux3,0.020984387354523744,1.6548658238329536e-09,453.74698880675874,5.405769417332546,0.06483190188493254,three_i
