id,mu,phi,beta,tau,S0,V0,modelname
Baudoux3,0.09929237756854253,2.580215581068673e-08,560.3140748163746,7.566003904295709,1559130.835523822,25430926.593680203,five_i
