id,mu,phi,beta,tau,S0,V0,modelname
Baudoux3,0.15391228246178956,3.205268932870059e-08,566.3088133829445,7.62769871719594,1491378.596954671,26031388.903557975,five_i
