id,mu,phi,beta,lam,tau,modelname
Baudoux32,0.008334519250552237,1.4662797083626005e-09,494.6370187967738,8.09918321232643,0.13917648490226808,four_i
