id,mu,phi,beta,lam,tau,modelname
Baudoux33,0.0067895053731942745,4.593047774593583e-09,640.8744439988408,10.14281634670741,0.09386178647312454,four_i
