id,mu,phi,beta,lam,tau,modelname
Baudoux32,0.008599026479859306,9.232292194156576e-10,448.01903675787565,8.998421418636713,0.1113560142959826,three_i
