id,mu,phi,beta,tau,S0,V0,modelname
Baudoux33,0.011660802148312145,8.936040526890166e-08,685.552204273536,4.453615583255966,1808812.182395757,25099698.48181862,ten_i
