id,mu,phi,beta,tau,S0,V0,modelname
Baudoux33,0.02563519341055089,1.56020358133068e-07,694.1909676960862,5.005893068410101,1773855.152200416,24959485.18840983,nine_i
