id,mu,phi,beta,tau,S0,V0,modelname
Baudoux33,0.17282394436009788,6.938506551183248e-09,9.721261843421102,1.777048806212996,1727314.9620026248,43135660.95798145,five_i
