id,mu,phi,beta,tau,S0,V0,modelname
Baudoux33,0.023160001420348724,6.092741088799892e-08,714.9915190382943,6.610576999875414,1680246.5418411223,22539675.63204393,seven_i
