id,mu,phi,beta,tau,S0,V0,modelname
Baudoux33,0.4764069264029429,3.5453673152219623e-07,669.2146033593957,6.621766491793231,1629620.8817004426,21534224.243563823,seven_i
