id,mu,phi,beta,tau,S0,V0,modelname
Baudoux32,0.016356871422789864,1.7879858190567589e-10,292.89982838178287,0.024772212292139537,1270784.7155301208,13588073.494093552,four_i
