id,mu,phi,beta,lam,tau,S0,V0,modelname
Baudoux34,0.017320335616060722,6.072607893573657e-10,45.74746059965125,0.033242837815343665,2.025484139486791,1928934.8329221266,25936875.708597887,four_i
