id,mu,phi,beta,tau,S0,V0,modelname
Baudoux34,0.004020376120552286,1.796291822106127e-07,104.42977933379468,7.279322639832916,1953562.1072194565,31715943.11263311,five_i
