id,mu,phi,beta,tau,S0,V0,modelname
Baudoux3,0.18946762483634413,6.985792243507635e-08,618.2694239171642,5.627204026550094,1638653.7573434098,28907439.305467654,seven_i
