id,mu,phi,beta,tau,S0,V0,modelname
Baudoux32,0.017230965593976494,1.8797928526730176e-10,282.35480072492504,0.053616992370304775,1251623.946961606,13822135.226708747,four_i
