id,mu,phi,beta,lam,tau,H0,V0,modelname
Baudoux33,0.007638197240284791,1.300626655146534e-10,407.2717548621815,0.17891979598335772,6.600798580876101,225003.09850309524,14802200.254258046,three_i
