id,mu,phi,beta,tau,S0,V0,modelname
Baudoux34,0.0038938459079109686,4.682635578969862e-10,64.00329402405701,0.00528244567187155,2087082.620746222,22706999.68951264,six_i
