id,mu,phi,beta,tau,S0,V0,modelname
Baudoux32,0.008179482552598386,1.6806517934986106e-10,399.30613541281735,0.37278670019983273,1421887.863444828,14214024.347553384,seven_i
