id,mu,phi,beta,lam,tau,modelname
Baudoux34,0.07984191203250812,4.26789497233352e-09,48.25942461802916,0.04913402781583726,0.05539407673530162,two_i
