id,mu,phi,beta,lam,tau,modelname
Baudoux34,0.08712066401037839,7.76418676173869e-09,66.14180157376494,1.8875788543889456,0.054885685858361476,four_i
