id,mu,phi,beta,tau,S0,V0,modelname
Baudoux33,0.016124974369974326,1.0757975428228614e-08,692.4177603983045,8.726010277110447,1551895.900015311,20321897.17881366,five_i
