id,mu,phi,beta,tau,S0,V0,modelname
Baudoux33,0.024689324975038108,1.7162290858444932e-09,407.11062986641195,14.280414132383985,1356276.7526297534,17875492.21331027,two_i
