id,mu,phi,beta,H0,V0,modelname
Baudoux3,0.011533112527628868,1.3867381675854215e-10,370.9198674565006,1508962.5902991628,24655225.175431572,zero_i
