id,mu,phi,beta,lam,H0,V0,modelname
Baudoux33,0.010521413323723366,6.48117118490721e-10,456.4989303503294,0.04283463806941702,2222736.4561526123,13249176.870868353,one_i
