id,mu,phi,beta,tau,S0,V0,modelname
Baudoux32,0.024647081350333215,1.0410928995491505e-08,587.0809473631871,5.520863417286073,1455506.859310551,24810286.312928855,eight_i
