id,mu,phi,beta,lam,tau,S0,V0,modelname
Baudoux33,0.010112203909339043,4.359986179487584e-09,620.6852263447327,6.733177241062484,0.05036701147467438,1518607.468146003,19368120.482702967,four_i
