id,mu,phi,beta,tau,S0,V0,modelname
Baudoux33,0.0021520522788846374,9.877983667616774e-11,563.5099846114583,0.003583181778573146,1623714.5058588448,12903641.17403145,nine_i
