id,mu,phi,beta,lam,tau,modelname
Baudoux33,0.008270099945494663,6.994335218457672e-09,654.7264724362049,6.381417249683846,0.054023408887669704,five_i
