id,mu,phi,beta,lam,tau,S0,V0,modelname
Baudoux34,0.1037458695976481,5.371100706217065e-09,50.59335225155439,0.01791211716393679,0.05674488063969642,1280992.8178115163,19511109.791014742,two_i
