id,mu,phi,beta,lam,tau,modelname
Baudoux32,0.00934577898176186,1.646015090884726e-09,483.71537964262535,8.112597759918215,0.12293953779483999,four_i
