id,mu,phi,beta,lam,tau,S0,V0,modelname
Baudoux32,0.03143704052228221,6.911122000333456e-10,249.21404618948964,0.02282970438709241,0.0666675564433367,1069099.3581387703,16646773.081806425,five_i
