id,mu,phi,beta,H0,V0,modelname
Baudoux33,0.00821777364648989,1.2228219019181453e-10,396.66482093931023,1557234.808819741,17297626.2954778,zero_i
