id,mu,phi,beta,lam,tau,modelname
Baudoux34,0.07293564882923972,3.996491758680594e-09,50.742993831045766,0.25533356931953094,0.05512590977536268,two_i
