id,mu,phi,beta,tau,S0,V0,modelname
Baudoux34,0.007580592763092297,4.952972718102214e-10,61.198533645838296,0.06289391618881884,1959047.1723223121,24120530.080293443,five_i
