id,mu,phi,beta,tau,S0,V0,modelname
Baudoux32,0.016296167158328906,1.9660207920750427e-09,458.484828352529,7.590021561387451,1330159.0415999484,19373690.3326531,four_i
