id,mu,phi,beta,tau,S0,V0,modelname
Baudoux32,0.047637431388539896,9.190077812671843e-09,595.987185568352,5.391579922738124,1273571.433140843,24798580.75604198,eight_i
