id,mu,phi,beta,lam,modelname
Baudoux34,0.07270943513443354,3.763416410435881e-09,53.03607672613535,0.055943975899510945,one_i
