id,mu,phi,beta,tau,S0,V0,modelname
Baudoux34,0.013902701399440097,6.263373740567009e-08,94.81371209628028,4.2591120892472745,1632560.8135531605,45403399.41875507,ten_i
