id,mu,phi,beta,tau,S0,V0,modelname
Baudoux32,0.01579927649296162,3.404826973605163e-09,482.83331983435994,7.281513993553868,1396724.695405062,21581972.285754833,five_i
