id,mu,phi,beta,lam,modelname
Baudoux32,0.01170931773758208,3.326106437414333e-10,311.710030384593,0.07770775687358232,one_i
