id,mu,phi,beta,tau,S0,V0,modelname
Baudoux32,0.01994734967503625,3.4495386997771754e-09,493.2617209378827,7.2997766988075625,1336005.235049377,22022790.414454333,five_i
