id,mu,phi,beta,lam,tau,modelname
Baudoux3,0.028319100638943218,3.3484417877089566e-09,477.1773720506062,5.030786388578467,0.06511643929103077,four_i
