id,mu,phi,beta,tau,S0,V0,modelname
Baudoux34,0.09552750476635363,6.287983124915232e-09,7.801133028562771,0.3876041544052576,573900.9144435684,132893532.119291,one_i
