id,mu,phi,beta,tau,S0,V0,modelname
Baudoux33,0.015673724841071764,6.56145162203908e-10,430.3386014882543,21.812429296697882,1427473.6294181102,14514715.07348298,one_i
