id,mu,phi,beta,tau,S0,V0,modelname
Baudoux32,0.03657173031098977,9.689805678871336e-09,558.8129239574567,5.365617932245049,1378166.124365897,24823882.2126923,eight_i
