id,mu,phi,beta,tau,S0,V0,modelname
Baudoux3,0.03255537119680678,3.915857370096479e-09,474.65168397123983,9.680860223831667,1474568.930494614,20767923.067418188,three_i
