id,mu,phi,beta,tau,S0,V0,modelname
Baudoux33,0.012379847766403428,2.6412699497952806e-09,615.4800556797429,11.67152134095023,1466458.698082755,17706913.10303739,three_i
