id,mu,phi,beta,tau,S0,V0,modelname
Baudoux32,0.021877508640873358,7.125602074750078e-09,571.9189943591559,6.050141498795067,1412401.4600887867,24333084.829994753,seven_i
