id,mu,phi,beta,lam,tau,modelname
Baudoux33,0.004485817160980266,2.069833173184092e-09,615.7890537223572,12.431012905235102,0.08483941172753849,three_i
