id,mu,phi,beta,tau,S0,V0,modelname
Baudoux34,0.3692087916552232,5.8506958349106425e-08,85.2239574237365,10.893302660197907,1551752.432837132,24204747.90800135,three_i
