id,mu,phi,beta,H0,V0,modelname
Baudoux3,0.0010186894037402846,1.0710521569969962e-10,523.4161340701494,1792207.391745737,17607489.589922078,zero_i
