id,mu,phi,beta,tau,S0,V0,modelname
Baudoux32,0.009646361523934345,1.8129771362664063e-10,351.0483437456578,2.3302859329664267,1409934.1955413215,14096281.007044042,one_i
