id,mu,phi,beta,lam,tau,H0,V0,modelname
Baudoux32,0.016017247418213434,2.023890807206643e-10,240.2163331887963,0.007018004449599826,6.8237488211286195,166815.4417477543,13413561.908211313,five_i
