id,mu,phi,beta,tau,S0,V0,modelname
Baudoux34,0.0025849836037653206,4.245488102559085e-10,70.1725348364346,0.03688768044344572,2028892.736458324,23722306.94615573,three_i
