id,mu,phi,beta,tau,S0,V0,modelname
Baudoux34,0.011045313244970783,5.160480780656557e-10,56.458071169352515,0.13551365977907015,1881924.7888968934,28117193.014637373,nine_i
