id,mu,phi,beta,lam,tau,modelname
Baudoux34,0.07989643193659077,4.060220788331838e-09,49.26736402997614,0.06274464239191598,0.05766613737015133,five_i
