id,mu,phi,beta,tau,S0,V0,modelname
Baudoux32,0.02521964626849262,7.1614746328379845e-09,579.783144628734,4.592368827754659,1409786.966528586,25795495.233662937,nine_i
