id,mu,phi,beta,tau,S0,V0,modelname
Baudoux3,0.02336047664130368,1.4690891016419898e-09,439.59008310840136,11.48026244525847,1469466.3621475098,21225862.7565037,two_i
