id,mu,phi,beta,tau,S0,V0,modelname
Baudoux3,0.08837837495200995,6.206181230198278e-08,554.8470210677714,6.398926663350283,1768283.6495662406,27653831.594057057,six_i
