id,mu,phi,beta,tau,S0,V0,modelname
Baudoux3,0.0017890976106266713,1.1172358339335606e-10,510.3435327469109,0.039642417878375975,1756680.2564642983,18150974.754929442,five_i
