id,mu,phi,beta,tau,S0,V0,modelname
Baudoux32,0.022859451970203483,7.138192872770889e-09,580.4958406251204,5.276459129128573,1437558.5840238214,25317407.49092767,eight_i
