id,mu,phi,beta,tau,S0,V0,modelname
Baudoux34,0.0041783214565723195,4.433617453448237e-10,70.90908941602436,0.004023866805001018,2011016.861402186,22299667.362946015,eight_i
