id,mu,phi,beta,H0,V0,modelname
Baudoux33,0.04433644804889708,1.3053837069223013e-09,25.728451248347266,226646.60408542873,184970531.05624896,zero_i
