id,mu,phi,beta,lam,tau,modelname
Baudoux34,0.09935647526385569,9.576108647921816e-09,70.12302557822247,1.703136866566459,0.054416033001722756,five_i
