id,mu,phi,beta,lam,tau,modelname
Baudoux3,0.016242235684130517,4.858378283376823e-10,382.7609091991087,0.014165115283829625,0.06215507636740203,two_i
