id,mu,phi,beta,tau,S0,V0,modelname
Baudoux3,0.04440335564068907,8.154844247346572e-10,10.879367049188495,0.24369268134881494,1986103.3795826533,13952345.38498689,nine_i
