id,mu,phi,beta,tau,S0,V0,modelname
Baudoux32,0.019926038384873425,3.463573393937481e-09,494.5156620345499,7.221949784935112,1325490.1823629783,21494430.93271162,five_i
