id,mu,phi,beta,tau,S0,V0,modelname
Baudoux34,0.24497030477676865,3.7753145949447725e-08,83.58924443057109,10.560845604475997,1576185.0222437151,23994159.923510544,three_i
