id,mu,phi,beta,tau,S0,V0,modelname
Baudoux3,0.5322312432564577,1.3924861353994851e-07,16.037711533178815,4.265764104633556,10120632.960632524,4687549.019663048,eight_i
