id,mu,phi,beta,tau,S0,V0,modelname
Baudoux3,0.07442539466799007,1.1470745213943766e-07,597.5871473414593,6.570765421683911,1739416.2371502058,26818251.791800026,six_i
