id,mu,phi,beta,tau,S0,V0,modelname
Baudoux33,0.050942951540432026,2.6748342549216513e-08,658.5989767159807,7.544959539083334,1593455.8442498408,21545318.504124302,six_i
