id,mu,phi,beta,lam,tau,modelname
Baudoux32,0.011379458355028096,6.417496024107187e-10,355.3944376873753,11.30308618643119,0.09535048887229901,two_i
