id,mu,phi,beta,tau,S0,V0,modelname
Baudoux3,0.007336152787524511,1.2335335869785822e-10,452.9877153382372,0.03073758290940757,1596615.941952167,19926242.926260024,three_i
