id,mu,phi,beta,tau,S0,V0,modelname
Baudoux3,0.002637547574785607,1.130739937389881e-10,497.790501038969,0.040208699170512376,1750930.819071728,18564233.914595585,four_i
