id,mu,phi,beta,lam,tau,modelname
Baudoux32,0.00946021168549069,1.5763039420248552e-09,483.0782032917376,7.940160310353196,0.12051166498791023,four_i
