id,mu,phi,beta,tau,S0,V0,modelname
Baudoux34,0.0012319306091240654,4.098019194531203e-10,76.55211689833223,0.01491970757706942,2034367.4774814928,22512862.130880415,four_i
