id,mu,phi,beta,lam,tau,S0,V0,modelname
Baudoux32,0.013671155482236125,4.324129337744907e-10,347.8315070431465,0.34804230019175575,0.07506648638431995,1335944.404113659,15466682.742088625,two_i
