id,mu,phi,beta,tau,S0,V0,modelname
Baudoux3,0.11830034486880676,5.1891486674591353e-08,707.0482980597102,4.435885880298024,1720546.825674379,33637414.78497511,nine_i
