id,mu,phi,beta,tau,S0,V0,modelname
Baudoux3,0.02943137194113148,3.3574777719502086e-09,524.3346053526664,9.678155631813608,1408652.9386468169,22561753.072960757,three_i
