id,mu,phi,beta,tau,S0,V0,modelname
Baudoux33,0.04397632236636346,6.911767631770553e-09,3.828121489661002,24.85989706413172,570959.0928323773,12783661.336106692,two_i
