id,mu,phi,beta,tau,S0,V0,modelname
Baudoux33,0.022641410493189944,5.284193355145365e-09,699.1190542192014,4.117863360918545,1589299.1257317446,25450941.94709749,nine_i
