id,mu,phi,beta,lam,tau,modelname
Baudoux33,0.010754550929178429,4.6034627865861687e-10,411.53663303756736,0.0290955244874019,0.04793982695486594,three_i
