id,mu,phi,beta,H0,V0,modelname
Baudoux34,0.02039969567466119,6.062666705600814e-10,45.43268635253751,1900595.5574551257,24747689.193883568,zero_i
