id,mu,phi,beta,lam,S0,V0,modelname
Baudoux33,0.309254804709022,1.4875231374400744e-08,59.26597929132138,0.030130921561248882,3638313.0996845877,18972027.874787964,one_i
