id,mu,phi,beta,tau,S0,V0,modelname
Baudoux3,0.07416542492659976,1.627231814935435e-07,683.4656758957875,3.97593515864343,1878558.4319045427,33562320.977031685,ten_i
