id,mu,phi,beta,tau,S0,V0,modelname
Baudoux34,1.5893290865092773,2.2295338970136017e-07,94.12406539205057,7.09352210472877,1557875.2296202532,29834731.734295167,five_i
