id,mu,phi,beta,tau,S0,V0,modelname
Baudoux33,0.00798630418545328,2.421966547668514e-09,608.3182329897663,11.500674951321216,1567913.560960817,17047065.39916231,three_i
