id,mu,phi,beta,tau,S0,V0,modelname
Baudoux3,0.09973387503751162,1.4217224648134843e-06,23.645144009467217,25.454674522139573,2550441.685947318,10098298.3818585,ten_i
