id,mu,phi,beta,H0,V0,modelname
Baudoux32,0.019963010515042113,2.1269915995968066e-10,216.1451729597909,1311556.4510586099,16421053.608538387,zero_i
