id,mu,phi,beta,tau,S0,V0,modelname
Baudoux34,0.03977363174738607,8.512008975430559e-08,99.99677474756527,4.278237049227728,1596907.097412832,43783089.710125856,ten_i
