id,mu,phi,beta,lam,tau,H0,V0,modelname
Baudoux34,0.5062323087147745,6.3341896566386e-08,51.01793322799471,3.4338668057867863,0.04636840475989667,1788615.38563728,17362701.435998227,two_i
