id,mu,phi,beta,tau,S0,V0,modelname
Baudoux32,0.013887126604652569,1.0635240133899776e-09,443.6613621691125,8.301957705876143,1322850.5730888827,19106673.69797197,three_i
