id,mu,phi,beta,tau,S0,V0,modelname
Baudoux33,0.015628313808587282,6.489310354486203e-10,465.1323665714622,22.25509006097565,1356502.1397860732,13547416.327607276,one_i
