id,mu,phi,beta,H0,V0,modelname
Baudoux34,0.004179062245446681,4.391044995649717e-10,70.28857084522987,2038279.6033322709,22350001.554067574,zero_i
