id,mu,phi,beta,tau,S0,V0,modelname
Baudoux34,0.004746218064430464,4.5738106467235657e-10,64.80848825637368,0.0003512287017053792,2080484.6206573602,23108436.456506044,ten_i
