id,mu,phi,beta,tau,S0,V0,modelname
Baudoux33,0.02563288810274004,1.525347545890399e-08,629.6756247938857,8.757421863476598,1554001.2932463444,20063560.01552435,five_i
