id,mu,phi,beta,tau,S0,V0,modelname
Baudoux33,0.018593812011568962,1.4016746306571653e-08,644.1836676824436,8.865106982824337,1593917.4133364374,20533673.810424924,five_i
