id,mu,phi,beta,lam,S0,V0,modelname
Baudoux34,0.10416055079614768,5.092715373468405e-09,51.829098190937586,0.05684039140614426,1241346.2965341276,19746738.326540023,one_i
