id,mu,phi,beta,lam,tau,S0,V0,modelname
Baudoux32,0.019411347758667905,5.270512562068866e-10,295.92025797026645,0.14245113280421032,0.07564174340796218,1272485.1291035626,14616109.388676934,three_i
