id,mu,phi,beta,tau,S0,V0,modelname
Baudoux32,0.09567654344401592,3.905904457634411e-08,601.93700627574,4.680020539808186,1466180.2538003414,26291232.322880104,ten_i
