id,mu,phi,beta,tau,S0,V0,modelname
Baudoux33,0.01436062157939177,6.093861299884682e-09,617.8171680055137,10.153120691729901,1541044.3517509205,19335637.104989953,four_i
