id,mu,phi,beta,tau,S0,V0,modelname
Baudoux33,0.024895728089385765,1.8563329492324188e-06,696.8731278032141,6.7272668481183695,1718676.3807751357,22460988.039298654,seven_i
