id,mu,phi,beta,tau,S0,V0,modelname
Baudoux33,0.02537194695059469,3.6017707222080265e-07,681.3305104957586,6.645833354072383,1722840.8479579506,22117948.418374714,seven_i
