id,mu,phi,beta,tau,S0,V0,modelname
Baudoux3,0.5086725149386677,1.152657462823936e-07,563.7209832843171,6.485830286265347,1570562.724220365,27333112.73204404,six_i
