id,mu,phi,beta,tau,S0,V0,modelname
Baudoux32,0.012810489047528281,6.920498957809555e-10,418.9465499860954,9.938273914082199,1329243.9308735891,16102434.819300385,two_i
