id,mu,phi,beta,modelname
Baudoux34,0.02065297728462035,5.67799763925913e-10,56.43334515906288,zero_i
