id,mu,phi,beta,tau,S0,V0,modelname
Baudoux34,0.003085708432533906,4.426101063412719e-10,68.65622474241232,0.028842409748751578,2037706.6012149593,22894740.09727678,three_i
