id,mu,phi,beta,tau,S0,V0,modelname
Baudoux32,0.01938667659265372,4.809029554115477e-10,333.4986317146483,13.771511220760363,1214129.535639898,14587911.476271782,one_i
