id,mu,phi,beta,lam,tau,modelname
Baudoux3,0.01951946182094697,1.6403375428247818e-09,463.68638335760045,5.464310500954808,0.06452460967354513,three_i
