id,mu,phi,beta,tau,S0,V0,modelname
Baudoux34,0.002537038415703598,4.406293505461771e-10,66.35690714101732,0.0028721707347165843,2129674.4722652687,23507253.368329965,seven_i
