id,mu,phi,beta,tau,S0,V0,modelname
Baudoux33,0.009697718554120922,5.631123122659139e-09,631.4629434058497,10.115210484607276,1588861.4693965043,19467355.43852995,four_i
