id,mu,phi,beta,H0,V0,modelname
Baudoux32,0.021957151241358133,2.2089465802514754e-10,222.26042169297594,1176781.3804404112,15208829.547359308,zero_i
