id,mu,phi,beta,tau,S0,V0,modelname
Baudoux3,0.045490070529006,7.716553993785995e-09,514.2697161657812,8.361832154606232,1482466.826789893,24448416.70951225,four_i
