id,mu,phi,beta,tau,S0,V0,modelname
Baudoux34,0.0032993318721180314,4.2558824931861337e-10,75.9368388935771,0.028488067602136204,1953119.669715427,22622485.425742242,six_i
