id,mu,phi,beta,tau,S0,V0,modelname
Baudoux34,0.009807297804466692,4.957387976591773e-10,61.33206734288586,0.017754951185893403,1900684.4499922208,24195479.283018243,nine_i
