id,mu,phi,beta,lam,tau,modelname
Baudoux32,0.008597956481788956,8.868092137189307e-10,451.4681861891002,8.991887074666385,0.11724409105317367,three_i
