id,mu,phi,beta,lam,tau,modelname
Baudoux33,0.012029528753386936,7.936867931311395e-09,638.6065185997852,6.500965413851897,0.05464364969997489,five_i
