id,mu,phi,beta,H0,V0,modelname
Baudoux32,0.01735122418942968,1.8464344037012844e-10,284.50262372577987,1232953.4166534499,13496381.16721805,zero_i
