id,mu,phi,beta,tau,S0,V0,modelname
Baudoux32,0.02705077456719416,4.903002104676666e-09,518.3216784393233,6.486561064965139,1310633.030812086,23352176.300957933,six_i
