id,mu,phi,beta,tau,S0,V0,modelname
Baudoux33,0.0032645320818013015,9.636928241015647e-11,600.682553741539,0.09039555058894617,1565522.9248804748,12780135.094741888,one_i
