id,mu,phi,beta,H0,V0,modelname
Baudoux32,0.020438029944034125,2.0705114103896742e-10,241.5326603327948,1238951.3207809168,14314465.329461752,zero_i
