id,mu,phi,beta,tau,S0,V0,modelname
Baudoux34,0.005477870374890948,4.736087310561961e-10,65.61259970455482,0.08051959174637771,1973241.7831705625,23790230.991124395,seven_i
