id,mu,phi,beta,lam,modelname
Baudoux34,0.07601731598222758,3.883311971019678e-09,49.830937686183205,0.056067143223395954,one_i
