id,mu,phi,beta,tau,S0,V0,modelname
Baudoux32,0.12552370395179824,3.6294537115218335e-08,606.4739291842454,4.676026708956508,1422537.454779399,26889236.57215387,ten_i
