id,mu,phi,beta,H0,V0,modelname
Baudoux34,0.003548753734443831,4.4403109689099726e-10,67.16998173149977,2033288.4542623872,23412473.77355046,zero_i
