id,mu,phi,beta,tau,S0,V0,modelname
Baudoux3,0.0127435682676631,2.008810419661896e-06,697.6206932746662,4.467450419080248,1796345.563384464,31664638.166954067,nine_i
