id,mu,phi,beta,lam,tau,H0,V0,modelname
Baudoux32,0.016196676972727402,5.330940559156407e-10,296.55146538409645,0.1797030830693755,0.0704956725034622,1385757.669307088,14371833.759262167,three_i
