id,mu,phi,beta,tau,S0,V0,modelname
Baudoux3,0.6256070325011321,5.943800310052809e-07,630.6364310287032,5.681876458316228,1747024.001614623,28082100.856161974,seven_i
