id,mu,phi,beta,tau,S0,V0,modelname
Baudoux32,0.020259684824326534,4.693515942016155e-10,287.86014536048117,12.088395275747887,1226598.3361428867,16557942.397784732,one_i
