id,mu,phi,beta,tau,S0,V0,modelname
Baudoux3,0.0015099790933443002,1.0158599667399767e-10,559.3854206926471,0.04275751912799335,1755654.011451844,18522906.756650563,two_i
