id,mu,phi,beta,lam,H0,V0,modelname
Baudoux32,0.015764579627820338,4.402730905206927e-10,299.75479051395297,0.08028882746046229,7889632.047359414,14789353.85541863,one_i
