id,mu,phi,beta,tau,S0,V0,modelname
Baudoux34,0.0026511221424681207,4.343566323333548e-10,68.90405390356541,0.00257152291564044,2110192.345121766,22624102.4194143,eight_i
