id,mu,phi,beta,tau,S0,V0,modelname
Baudoux34,0.004533601699126952,4.4055013195164327e-10,68.06014228601937,0.019672211836158443,2029026.3906055114,24199805.023721114,eight_i
