id,mu,phi,beta,lam,tau,modelname
Baudoux33,0.004038706479802086,1.9449614255716007e-09,612.5941094262132,12.01768137296176,0.0830093460892018,three_i
