id,mu,phi,beta,tau,S0,V0,modelname
Baudoux34,0.13741708820347254,1.2720410034105607e-08,73.87007442507384,13.230104590567953,1342412.6001077225,22370186.58518814,two_i
