id,mu,phi,beta,tau,S0,V0,modelname
Baudoux33,0.05950006298972507,4.020969266130793e-08,652.1218240229033,7.624322943396482,1590824.877636081,21118553.05019543,six_i
