id,mu,phi,beta,modelname
Baudoux34,0.020379921725708898,5.648086318143481e-10,56.86529680648303,zero_i
