id,mu,phi,beta,tau,S0,V0,modelname
Baudoux34,0.0012133310823193729,3.9102053011720435e-10,80.10598156407212,0.005016839510281551,2080391.1462106025,22632085.158356916,six_i
