id,mu,phi,beta,tau,S0,V0,modelname
Baudoux32,0.013004243088717034,1.6475549970127635e-09,476.9685543575589,7.485231767066787,1342721.9270683383,20843398.880977195,four_i
