id,mu,phi,beta,tau,S0,V0,modelname
Baudoux34,0.003631619605729731,4.398129620211164e-10,71.58794224066457,0.010321803947363345,2036224.3921205457,21918634.208391283,six_i
