id,mu,phi,beta,tau,S0,V0,modelname
Baudoux34,0.004013487796800329,4.286043092956704e-10,73.93128362410133,0.0030053404969429677,1944364.504134431,22815795.475832522,nine_i
