id,mu,phi,beta,tau,S0,V0,modelname
Baudoux3,0.004204928866242214,1.081916572174319e-10,547.955101220425,0.17997938932218893,1607675.7484918456,20683329.011224754,two_i
