id,mu,phi,beta,H0,V0,modelname
Baudoux3,0.0012203722489799894,1.0290862939520334e-10,554.3518136295289,1759105.123081213,17489438.05899132,zero_i
