id,mu,phi,beta,tau,S0,V0,modelname
Baudoux32,0.014160314880797996,1.7329721081736507e-09,475.4403033462378,7.442733924091261,1339844.0421934752,19819344.780028403,four_i
