id,mu,phi,beta,lam,tau,modelname
Baudoux32,0.011712730493826876,1.054399187615229e-09,404.9090551129313,8.663066229816232,0.10268879117751273,three_i
