id,mu,phi,beta,tau,S0,V0,modelname
Baudoux33,0.01645647148912589,6.792233317384886e-07,712.2764444120805,5.771240168016717,1732128.8316603547,22659938.37351396,eight_i
