id,mu,phi,beta,tau,S0,V0,modelname
Baudoux32,0.020382089249111137,2.3736229559964647e-10,218.42069581123894,0.29870793258486833,1260132.6270978882,16729653.380098073,four_i
