id,mu,phi,beta,tau,S0,V0,modelname
Baudoux3,0.0648941207505823,9.2116066838287e-09,34.98254925584855,15.593220568362142,940516.01400259,2281743.8840317973,one_i
