id,mu,phi,beta,lam,tau,modelname
Baudoux33,0.010308081223169323,4.315032071397337e-10,396.8137691943731,0.019598195958886566,0.0514888104044477,five_i
