id,mu,phi,beta,lam,tau,modelname
Baudoux33,0.00520977098828291,3.894859824849696e-10,524.9160116090212,0.5812786248011044,0.04552604277840076,two_i
