id,mu,phi,beta,tau,S0,V0,modelname
Baudoux32,0.019390479352017757,5.441255689069123e-10,278.51788636740787,14.02621686723507,1275482.004086033,16361055.822581884,one_i
