id,mu,phi,beta,tau,S0,V0,modelname
Baudoux3,0.040343416090966484,3.855074200719158e-09,475.52525407119003,10.154811121932918,1366094.7665072212,25326932.13611837,three_i
