id,mu,phi,beta,tau,S0,V0,modelname
Baudoux32,0.05616645444818753,3.893830005215376e-10,59.86646869290667,0.9133237121700318,2045008.957872427,10393198.177715043,four_i
