id,mu,phi,beta,tau,S0,V0,modelname
Baudoux34,0.00873955758898475,5.060393911893842e-10,56.038815283198815,0.030593228028320336,2009404.749453911,24542377.785200983,four_i
