id,mu,phi,beta,lam,S0,V0,modelname
Baudoux33,0.014592174453553508,6.162461168990241e-10,490.0194311869149,0.04485797489359788,1325900.3589450757,14215219.656036645,one_i
