id,mu,phi,beta,tau,S0,V0,modelname
Baudoux32,0.017188549205033155,3.2936600319503776e-09,500.6378604445054,7.2108488016146195,1344382.7951972138,22047067.315811437,five_i
