id,mu,phi,beta,modelname
Baudoux34,0.022737627853908204,6.099969952585791e-10,51.12948389614468,zero_i
