id,mu,phi,beta,tau,S0,V0,modelname
Baudoux32,0.012676712064724439,3.0903131870028845e-09,518.3046777384279,7.296765822581116,1396349.7221483241,21949252.164650545,five_i
