id,mu,phi,beta,tau,S0,V0,modelname
Baudoux3,0.002677881343127865,1.073608931295654e-10,494.6236638851078,0.0010534773718432332,1811193.1412328384,19985573.821194835,two_i
