id,mu,phi,beta,tau,S0,V0,modelname
Baudoux33,0.07409869279203025,6.436911628983818e-08,680.8681336678811,6.56054146846516,1634215.0137120406,22329043.401226774,seven_i
