id,mu,phi,beta,lam,tau,S0,V0,modelname
Baudoux3,0.023286719531678976,8.201742016588686e-10,400.28491796709517,0.5687798654590467,0.057180153711391124,1418658.8801693076,17496076.19367848,two_i
