id,mu,phi,beta,tau,S0,V0,modelname
Baudoux3,0.03777876541948803,3.70811341412944e-09,474.6450510315801,9.755459578291836,1411296.1789454732,22939779.27300284,three_i
