id,mu,phi,beta,tau,S0,V0,modelname
Baudoux32,0.03836687121874677,9.680451896875514e-09,598.8485328378177,4.783205212928014,1370691.1170619032,25531423.760249797,nine_i
