id,mu,phi,beta,tau,S0,V0,modelname
Baudoux32,0.01660205055360856,7.032664670616376e-09,586.6011148850156,6.066280027193473,1448483.2725591694,24420827.148577686,seven_i
