id,mu,phi,beta,tau,S0,V0,modelname
Baudoux32,0.032455062072482666,9.152430866568501e-09,575.2554025423418,5.3437465805982844,1404430.1747049838,25207571.826112494,eight_i
