id,mu,phi,beta,H0,V0,modelname
Baudoux34,0.0013618759731880777,4.056887610031143e-10,77.20577496534356,2089964.2353062346,22127237.92391199,zero_i
