id,mu,phi,beta,tau,S0,V0,modelname
Baudoux33,0.013861510735716774,6.0624658658744715e-09,643.7984571572491,10.266371569549875,1553845.650284206,19548154.769653752,four_i
