id,mu,phi,beta,lam,tau,S0,V0,modelname
Baudoux32,0.01420185561425539,1.5630475128093334e-09,494.1620274173961,6.801330189317754,0.1098283758723033,1302818.6776119769,20475770.76341451,four_i
