id,mu,phi,beta,tau,S0,V0,modelname
Baudoux32,0.019265544721887032,4.706970855299139e-10,325.6340264054069,13.519677943271217,1223035.3176091095,15313799.27729293,one_i
