id,mu,phi,beta,H0,V0,modelname
Baudoux33,0.002938778470932726,9.703375115243858e-11,556.2298945842665,1607959.5177504842,14830800.558661092,zero_i
