id,mu,phi,beta,H0,V0,modelname
Baudoux33,0.0023087527591934298,9.277730614069943e-11,607.2560381050419,1609400.5267179508,13129651.885979181,zero_i
