id,mu,phi,beta,tau,S0,V0,modelname
Baudoux33,0.06126622262865947,3.8119061297122723e-07,706.3871690579708,4.485323047096348,1797357.9553466765,24549857.5351752,ten_i
