id,mu,phi,beta,lam,tau,S0,V0,modelname
Baudoux33,0.01647938627057403,7.980337094384548e-09,587.9423766353287,5.641390731014813,0.050558014733263004,1568222.4115054973,19844973.416247964,five_i
