id,mu,phi,beta,tau,S0,V0,modelname
Baudoux33,0.11115343963999945,1.3860080572298458e-06,753.0592239621222,5.084131801487683,1715858.3630995462,23288956.677062705,nine_i
