id,mu,phi,beta,tau,S0,V0,modelname
Baudoux32,0.012937523493724578,6.742580231584973e-10,407.2988686803883,9.660360707976302,1322921.5534591482,16879096.99706022,two_i
