id,mu,phi,beta,tau,S0,V0,modelname
Baudoux3,0.05140891607896671,7.545647758885718e-09,580.3412346131405,8.377047241801204,1393189.8002792147,24302219.37994079,four_i
