id,mu,phi,beta,tau,S0,V0,modelname
Baudoux32,0.014280332747585792,1.715078361660412e-10,321.4986754950976,0.12714932436119497,1284078.5165805432,13158206.102718376,two_i
