id,mu,phi,beta,modelname
Baudoux3,0.01084860606574728,1.2515347028897943e-10,383.147120228392,zero_i
