id,mu,phi,beta,lam,S0,V0,modelname
Baudoux34,0.10896833520801581,5.614357345088084e-09,52.61863246908048,0.05563179658444898,1230448.9013846964,19409107.672547907,one_i
