id,mu,phi,beta,tau,S0,V0,modelname
Baudoux33,0.06739454604910358,3.68262613945022e-08,667.6316442473728,7.6180550507233535,1569623.7665140629,21419595.94718168,six_i
