id,mu,phi,beta,H0,V0,modelname
Baudoux34,0.006405917829890097,4.660434683606431e-10,66.49895896948699,1991116.1333094013,22899036.168404218,zero_i
