id,mu,phi,beta,tau,S0,V0,modelname
Baudoux34,0.5105035379993915,8.790935650493414e-08,92.88264329678674,8.558184617276543,1602500.0822543905,28663818.119140144,four_i
