id,mu,phi,beta,modelname
Baudoux33,0.007605979214988899,1.1140482487165845e-10,389.4115442411564,zero_i
