id,mu,phi,beta,tau,S0,V0,modelname
Baudoux3,0.052323776140303195,8.764230995835815e-09,481.44940004073186,8.424007001417264,1542488.317543183,24911604.951951258,four_i
