id,mu,phi,beta,lam,tau,modelname
Baudoux3,0.0182211868564038,5.1009862306753e-10,379.24803533720984,0.027194023543020054,0.061332061602328146,two_i
