id,mu,phi,beta,lam,tau,modelname
Baudoux3,0.022669726333551347,6.664263087422432e-10,362.79832422753043,0.5264123223902301,0.06095928798698892,four_i
