id,mu,phi,beta,tau,S0,V0,modelname
Baudoux33,0.009619192572100447,1.2036985306920197e-09,573.2977760050807,14.834186304041717,1486803.537503892,16646685.981952338,two_i
