id,mu,phi,beta,lam,tau,modelname
Baudoux32,0.014289739169539746,3.802635344003462e-10,288.29890100378117,2.0114112425565924,0.09528907311099463,two_i
