id,mu,phi,beta,tau,S0,V0,modelname
Baudoux3,0.059129213559054476,9.339608780431017e-09,518.3766530025405,8.561842479221331,1439055.6516081248,24682854.20608772,four_i
