id,mu,phi,beta,tau,S0,V0,modelname
Baudoux34,0.10360263786882173,5.006394872863587e-09,45.3709188223857,17.140582214282404,1358634.9913245647,21018898.418650683,one_i
