id,mu,phi,beta,tau,S0,V0,modelname
Baudoux3,0.1030186508468265,1.809143057805728e-07,651.3183137499376,4.972536660136546,1828451.4653702106,30976030.833770975,eight_i
