id,mu,phi,beta,tau,S0,V0,modelname
Baudoux32,0.017681873613343904,6.35325389011535e-09,608.0152710593394,4.079298414451109,1462987.9546840177,26097291.464494854,ten_i
