id,mu,phi,beta,lam,modelname
Baudoux32,0.01313562433665,3.6736594793966106e-10,287.81958732908737,0.07700475143783991,one_i
