id,mu,phi,beta,lam,modelname
Baudoux34,0.011057131630301248,2.066240836223363e-09,69.09781751481725,0.02426299978386461,one_i
