id,mu,phi,beta,tau,S0,V0,modelname
Baudoux3,0.03074184829054383,3.580407226712036e-09,477.46588359373806,9.650363952868236,1499831.5346485386,22865426.20933948,three_i
