id,mu,phi,beta,tau,S0,V0,modelname
Baudoux33,0.014340984912826633,5.511726145084407e-10,506.73131854973445,22.381520787024996,1345510.3552149902,15915543.931256738,one_i
