id,mu,phi,beta,tau,S0,V0,modelname
Baudoux32,0.11380525447528006,3.5640713669449564e-08,601.9836130266395,4.645154284381043,1418931.5374827827,26215394.015512433,ten_i
