id,mu,phi,beta,lam,tau,modelname
Baudoux33,0.00956204826987647,4.380516889488591e-10,423.1825145877655,0.006172271748536953,0.047589005407329896,two_i
