id,mu,phi,beta,tau,S0,V0,modelname
Baudoux33,0.0377320341913984,2.4668376606128684e-07,751.8985398242207,4.5491071975252355,1745245.402761264,24880842.35598805,ten_i
