id,mu,phi,beta,tau,S0,V0,modelname
Baudoux33,0.01572784739044232,5.971725323539891e-10,471.1256811048993,22.66851930578666,1369424.9294842726,16815776.22394287,one_i
