id,mu,phi,beta,tau,S0,V0,modelname
Baudoux34,0.3045665069291583,1.1208414816336977e-06,55.23402890244511,10.00152917306665,6103304.686179464,98394209.6207018,six_i
