id,mu,phi,beta,lam,modelname
Baudoux32,0.010972570774059298,3.274195117828741e-10,322.8027726078443,0.07662273179402312,one_i
