id,mu,phi,beta,tau,S0,V0,modelname
Baudoux34,0.4191398613696326,3.9108230699143733e-07,99.1766480382904,5.459897494222929,1887546.5931963918,33301152.04046852,seven_i
