id,mu,phi,beta,tau,S0,V0,modelname
Baudoux32,0.020768694351882867,5.6222707844614834e-09,525.4117718284818,6.764441030039534,1387259.108079077,23368070.24071374,six_i
