id,mu,phi,beta,H0,V0,modelname
Baudoux32,0.015871947356164172,1.7834539115221697e-10,296.1489035915798,1271697.9557516344,13221184.154087009,zero_i
