id,mu,phi,beta,tau,S0,V0,modelname
Baudoux3,0.0327809922877614,1.2314813736384222e-08,594.2801712945212,4.5515058126177355,1764021.2647830846,33705682.980600014,eight_i
