id,mu,phi,beta,tau,S0,V0,modelname
Baudoux3,0.025076516847751883,2.1005165681065953e-07,669.9511639722303,4.447616347045973,1845372.2965450406,32140048.915356122,nine_i
