id,mu,phi,beta,H0,V0,modelname
Baudoux3,0.002770560067751425,1.0627082273801802e-10,529.0333335100573,1734959.69204761,17755487.659075476,zero_i
