id,mu,phi,beta,tau,S0,V0,modelname
Baudoux34,0.08318417890344915,1.445611551887524e-06,95.00330028153884,4.308420264344924,1189975.5995527133,127059025.77058983,seven_i
