id,mu,phi,beta,tau,S0,V0,modelname
Baudoux3,0.020919485556219402,1.3604772330109169e-09,466.1101468767042,11.29510802695219,1483494.4976727741,20612245.486495562,two_i
