id,mu,phi,beta,tau,S0,V0,modelname
Baudoux34,0.13654483122084288,1.3571886970799976e-08,65.44880215811388,13.416498976959947,1493739.5610036694,23813775.18526778,two_i
