id,mu,phi,beta,lam,tau,modelname
Baudoux32,0.011714707616135706,3.646214492858833e-10,319.11732264448125,0.7373175319693354,0.07429860022937906,two_i
