id,mu,phi,beta,tau,S0,V0,modelname
Baudoux33,0.11358163965251755,3.1886098194943323e-09,100.4498803206673,1.8551299827603551,476523.71078367747,92902581.97466613,eight_i
