id,mu,phi,beta,H0,V0,modelname
Baudoux33,0.007539512679077802,1.051171557561027e-10,497.0621146392269,1477515.7235054362,16464190.945653845,zero_i
