id,mu,phi,beta,lam,tau,modelname
Baudoux3,0.019940615272865198,6.115839489168251e-10,367.79102095459405,0.34547452153039787,0.06306981989783068,five_i
