id,mu,phi,beta,lam,tau,S0,V0,modelname
Baudoux33,0.021608028026331643,1.09132450087266e-09,532.1254936335918,4.455522031086814,0.04168925061612436,1257484.2642003312,15185133.422690237,two_i
