id,mu,phi,beta,modelname
Baudoux32,0.021849936795937535,2.2374204821424336e-10,163.03101385648503,zero_i
