id,mu,phi,beta,tau,S0,V0,modelname
Baudoux34,0.12950203569239677,1.2465740840169481e-08,69.1525263535272,13.26776535782912,1407778.199463136,22821955.732882757,two_i
