id,mu,phi,beta,lam,tau,modelname
Baudoux34,0.08029600603752489,5.713546366671998e-09,59.72998251922575,1.5806617353004677,0.05385850492870537,three_i
