id,mu,phi,beta,lam,tau,modelname
Baudoux33,0.009426867469479738,5.06712470549682e-10,405.9441675719721,0.02460245471971822,0.043504821147131126,four_i
