id,mu,phi,beta,tau,S0,V0,modelname
Baudoux32,0.008540903311634955,1.6267073462337434e-10,421.9180090538937,0.6546010891115842,1399632.961418586,14481690.93045785,four_i
