id,mu,phi,beta,lam,tau,modelname
Baudoux3,0.021511483416520465,5.42550431436269e-10,341.1419125346413,0.09838503333488882,0.0651682586068901,three_i
