id,mu,phi,beta,lam,tau,S0,V0,modelname
Baudoux33,0.015061765289932158,6.418804693947472e-10,426.63825097701084,0.15686729511579736,0.05076059596288073,1412737.9331810728,13529011.891312325,four_i
