id,mu,phi,beta,tau,S0,V0,modelname
Baudoux32,0.020217521727597932,3.353277334192583e-09,475.39900862345434,7.123836189928719,1333628.8283192334,21697119.29061143,five_i
