id,mu,phi,beta,tau,S0,V0,modelname
Baudoux33,0.01723231533371888,6.826515390899767e-09,629.0670430396966,10.236461309030005,1503614.247297426,18873523.78133652,four_i
