id,mu,phi,beta,tau,S0,V0,modelname
Baudoux34,0.1292034408583909,1.2062958784282531e-08,72.79147914742735,13.028360572574798,1372137.9392223556,22602298.242469892,two_i
