id,mu,phi,beta,tau,S0,V0,modelname
Baudoux32,0.01720846742555717,4.2466928571977975e-10,331.87578278092315,12.661506984178034,1261983.2049913427,15276778.734908558,one_i
