id,mu,phi,beta,lam,tau,modelname
Baudoux34,0.07612132116068243,5.802730339807414e-09,64.55453027577751,1.3313875490043412,0.05446356778307548,four_i
