id,mu,phi,beta,tau,S0,V0,modelname
Baudoux3,0.0028908179438485487,1.0486624859271841e-10,552.8504492856528,0.004363021792879733,1690411.8978902518,17756951.70916925,ten_i
