id,mu,phi,beta,tau,S0,V0,modelname
Baudoux33,0.01831417070284883,1.2475356803054805e-08,695.5488337042517,8.894732425164433,1543026.6501525734,21002586.85028143,five_i
