id,mu,phi,beta,tau,S0,V0,modelname
Baudoux34,0.0016805910015759006,4.352604422142589e-10,69.82546741334184,0.024313196804145,2036936.0091147618,23965756.45395812,ten_i
