id,mu,phi,beta,lam,tau,S0,V0,modelname
Baudoux3,0.02350959595152774,6.981760056264247e-10,405.20984128524617,0.0050376256496299935,0.06066762372688846,1392572.6457145328,17791860.547220323,four_i
