id,mu,phi,beta,H0,V0,modelname
Baudoux32,0.020978596925949323,2.0911067133696727e-10,240.17114674952387,1250615.4095557434,13454016.35849,zero_i
