id,mu,phi,beta,tau,S0,V0,modelname
Baudoux32,0.3681640102958638,1.301637037323652e-06,505.8010389486764,10.347720826191068,1522983.859272206,22787732.20944767,five_i
