id,mu,phi,beta,tau,S0,V0,modelname
Baudoux3,0.16243781893879886,3.690291595925702e-08,550.4706678323262,7.658571008493526,1526482.3705942032,26174139.464130215,five_i
