id,mu,phi,beta,tau,S0,V0,modelname
Baudoux3,0.03440327330930073,3.536646091199224e-09,477.4028677147379,9.556538405726165,1422114.4498021808,22534776.472850736,three_i
