id,mu,phi,beta,tau,S0,V0,modelname
Baudoux34,0.7236846087199833,1.2140867705581038e-07,98.65818850554838,4.619879379325014,1486017.525308033,42957767.01505035,nine_i
