id,mu,phi,beta,lam,tau,modelname
Baudoux32,0.011222561223372089,3.0471525265495915e-09,517.9766341682628,7.4184904157101155,0.1236296751074628,five_i
