id,mu,phi,beta,lam,modelname
Baudoux32,0.011278621733452556,3.303033855826321e-10,318.9354953942462,0.07688746843969015,one_i
