id,mu,phi,beta,tau,S0,V0,modelname
Baudoux32,0.011199637919311705,7.456875293895194e-09,575.1337183836495,4.654572120517202,1533082.3412791824,25215362.766598605,nine_i
