id,mu,phi,beta,lam,tau,modelname
Baudoux34,0.07907079423666251,4.070228058736778e-09,49.721061007559406,0.08343309311673518,0.055174823834669935,three_i
