id,mu,phi,beta,tau,S0,V0,modelname
Baudoux33,0.01500512105610306,6.229141596532348e-10,448.5799952864925,21.23486909578838,1429225.4007931182,13823837.161714587,one_i
