id,mu,phi,beta,tau,S0,V0,modelname
Baudoux33,0.008258237476516439,1.1544117597104104e-09,596.6274924976339,14.898442924429789,1516880.731040887,16691276.595113814,two_i
