id,mu,phi,beta,modelname
Baudoux32,0.021302201412277736,2.2146141127691709e-10,166.43899701027672,zero_i
