id,mu,phi,beta,lam,tau,modelname
Baudoux32,0.012335606475143956,2.9456356950662974e-09,503.4425809694718,7.392304505466823,0.1320502497259771,five_i
