id,mu,phi,beta,tau,S0,V0,modelname
Castberg24,0.015091409795485214,9.47522640766286e-11,3255.2441132100585,0.7467863799093002,175315.0736283568,11576585.165266173,four_i
