id,mu,phi,beta,tau,S0,V0,modelname
Castberg24,0.018292019990719503,1.8195197645815185e-10,1190.5218336852975,0.2249066335152144,172787.5288410648,12661248.053572563,five_i
