id,mu,phi,beta,lam,tau,S0,V0,modelname
Castberg24,0.017733741812085084,1.1502731212811633e-10,2024.569346351009,0.05010177329126095,4.091924453628812,169256.37028435754,11755419.953341726,five_i
