id,mu,phi,beta,tau,S0,V0,modelname
Castberg24,0.01831868351962622,1.279160324453695e-10,1709.7114610102833,0.02327001324156073,170814.17738881128,12012479.429638516,ten_i
