id,mu,phi,beta,tau,S0,V0,modelname
Castberg24,0.016899946816203246,1.454404735997835e-10,2533.9346230478473,0.6787293781405458,168782.52129757288,13148190.6287495,nine_i
