id,mu,phi,beta,tau,S0,V0,modelname
Castberg24,0.023144895860401908,2.876594516726317e-10,680.6360754089247,0.17098543218412082,160589.67109018515,13577965.336609632,seven_i
