id,mu,phi,beta,tau,S0,V0,modelname
Castberg24,0.016332688035445415,1.284533500094994e-10,2486.5842375463308,1.4099141065731733,168220.52971991102,12284115.231421484,three_i
