id,mu,phi,beta,tau,S0,V0,modelname
Castberg24,0.09365857680620121,1.1025697868126799e-08,21.184872525828247,11.14646340521318,157241.93442478246,24296443.583644368,eight_i
