id,mu,phi,beta,H0,V0,modelname
Castberg24,0.016602381223221337,8.525566148328065e-11,2792.8703512286343,167162.1946122955,11345740.597687501,zero_i
