id,mu,phi,beta,tau,S0,V0,modelname
Castberg24,0.016406559473586897,9.220788741707169e-11,3331.930057605462,0.2617312150981732,171285.36276066513,11442370.296491496,ten_i
