id,mu,phi,beta,lam,S0,V0,modelname
Castberg24,0.022201114374129693,5.632024782795882e-10,2057.2078530673007,0.030084143007228264,160946.1507049428,12210934.882814951,one_i
