id,mu,phi,beta,H0,V0,modelname
Castberg24,0.04000851968493224,8.884036565290621e-10,106.14280767736291,159785.24538714296,18387703.67048574,zero_i
