id,mu,phi,beta,tau,S0,V0,modelname
Castberg24,0.01903705097586629,1.7199836102167772e-10,1357.7261532946939,0.1734775737089618,167585.04989614704,12788405.768653719,ten_i
