id,mu,phi,beta,modelname
Castberg24,0.01634678172880477,1.266995506562691e-10,1607.3089069386417,zero_i
