id,mu,phi,beta,tau,S0,V0,modelname
Castberg24,0.016858207888123616,1.0938914533576408e-10,2160.889799777325,0.023229283987224295,171705.27541753952,11027112.663606657,six_i
