id,mu,phi,beta,tau,S0,V0,modelname
Castberg24,0.0591144080242591,8.229900413137957e-09,17.02146539276076,14.185025591630462,165070.10996905997,22713437.30583005,seven_i
