id,mu,phi,beta,tau,S0,V0,modelname
Castberg24,0.018588061790760932,1.4729201692984326e-10,1510.7630370676582,0.06455405435046678,167377.6086280781,12065898.210861666,nine_i
