id,mu,phi,beta,lam,tau,modelname
Castberg24,0.015694776461615868,2.6778357049674477e-10,2963.90498536452,0.005892356453672734,0.041325702069899245,four_i
