id,mu,phi,beta,tau,S0,V0,modelname
Castberg24,0.01986048062288913,1.4238260489260544e-10,1612.9078009554078,0.11702587753655093,163866.65586302147,13031973.479060462,ten_i
