id,mu,phi,beta,tau,S0,V0,modelname
Castberg24,0.07724761856380896,7.857940534489646e-09,52.910713536499756,3.2934238722873777,109257.6888864637,47499193.6622769,six_i
