id,mu,phi,beta,tau,S0,V0,modelname
Castberg24,0.021840180809690867,1.7636521515273054e-10,1301.2899969135722,0.3188466088780361,157238.4524717016,13185321.713431533,five_i
