id,mu,phi,beta,H0,V0,modelname
Castberg24,0.01903170274558851,1.4952445732644093e-10,1369.7419222467136,168489.78833660603,12294520.17384994,zero_i
