id,mu,phi,beta,lam,tau,modelname
Castberg24,0.01596267812134134,3.1381170209310485e-10,2795.8338303865967,0.003199747323797174,0.03687795514612443,two_i
