id,mu,phi,beta,lam,tau,modelname
Castberg24,0.01694036629926922,3.0031881946360715e-10,2317.471694725864,0.06999049311391607,0.051206276515826266,five_i
