id,mu,phi,beta,tau,S0,V0,modelname
Castberg24,0.01666072663824819,8.471252202996343e-11,2943.6356507331384,0.24767175739293903,166234.56499505963,11050593.452149102,one_i
