id,mu,phi,beta,tau,S0,V0,modelname
Castberg24,0.017048413608428115,1.1402621411603682e-10,2579.654211567982,0.4625472161661733,167963.95383583748,12049524.29014285,six_i
