id,mu,phi,beta,tau,S0,V0,modelname
Castberg24,0.04576034792634775,8.477065505534047e-09,72.89206454732954,34.756602749577766,1287532.4111216932,23104104.674407624,seven_i
