id,mu,phi,beta,tau,S0,V0,modelname
Castberg24,0.0208686674802139,2.211786894274711e-10,989.8413826903771,0.28642633727339684,168506.73263354364,14056590.482067559,nine_i
