id,mu,phi,beta,tau,S0,V0,modelname
Castberg24,0.01744644148572959,1.774067082865022e-10,1952.1187834595553,0.8199352398608422,173453.16504799534,13551323.7816554,eight_i
