id,mu,phi,beta,lam,tau,modelname
Castberg24,0.015507726090436163,2.452057001883633e-10,3019.289540406177,1.2346290548359103e-05,0.045271725755333406,three_i
