id,mu,phi,beta,tau,S0,V0,modelname
Castberg24,0.016454775544486232,9.364768864075719e-11,2487.087524752525,0.027084411186633014,171870.8728516004,11198169.847936817,two_i
