id,mu,phi,beta,tau,S0,V0,modelname
Castberg24,0.017695309453441624,3.257569677593021e-10,2163.824856912364,21.235033336693416,172476.10667364666,12611434.460883763,one_i
