id,mu,phi,beta,lam,tau,modelname
Castberg24,0.015705338612796375,2.543793834856299e-10,3016.1248859302395,0.01813175645554322,0.044171280906879884,three_i
