id,mu,phi,beta,lam,tau,H0,V0,modelname
Castberg24,0.023351201894700767,3.6882142281908684e-10,439.6029538191346,0.09270219348990384,1.2101588390199238,31247.648870962294,14545845.00941153,three_i
