id,mu,phi,beta,tau,S0,V0,modelname
Castberg24,0.01849232702240622,1.4918722781429995e-10,1576.2830922100168,0.1363753860033361,167610.3758200493,12625455.232848471,eight_i
