id,mu,phi,beta,tau,S0,V0,modelname
Castberg24,0.015204284336025815,9.730109392797735e-11,2997.1081036974765,0.352731272284785,172115.03148976306,11811342.80940236,seven_i
