id,mu,phi,beta,tau,S0,V0,modelname
Castberg24,0.016240573773416176,1.0663097774644201e-10,3384.4222662910997,0.606187408651869,165863.9555935169,12282593.602024864,eight_i
