id,mu,phi,beta,tau,S0,V0,modelname
Castberg24,0.020246343053630496,1.3443602327134167e-10,1651.8885063465505,0.08424273964600736,159842.1101775708,11919130.6110683,five_i
