id,mu,phi,beta,lam,tau,S0,V0,modelname
Castberg24,0.16821926113628602,1.0397025249453321e-05,68.54206535577131,6.4613796015469624,0.026475052147911023,48806.84330626727,4744421.390324447,four_i
