id,mu,phi,beta,tau,S0,V0,modelname
Castberg24,0.05214848880462213,2.973150974682022e-09,24.547694566367863,0.1372154703462727,117969.38375137381,25584678.43266967,ten_i
