id,mu,phi,beta,lam,tau,S0,V0,modelname
Castberg24,0.0414811035895817,2.5044061857078514e-09,90.84372638681441,0.028620297636249244,0.03795832315167933,43394.83821215311,3186446.537837885,three_i
