id,mu,phi,beta,tau,S0,V0,modelname
Castberg24,0.01533189525444363,8.89403796143375e-11,2642.1136487510903,0.0013969396108160297,175363.26706759632,10829213.700592643,five_i
