id,mu,phi,beta,tau,S0,V0,modelname
Castberg24,0.01751650059619463,1.3754601668949398e-10,1633.0983600679533,0.8968959894600382,172534.16331404107,12185842.319215465,one_i
