id,mu,phi,beta,lam,modelname
Castberg24,0.016050257270947995,3.1327962897613474e-10,2850.4717242121687,0.036151704273667803,one_i
