id,mu,phi,beta,lam,tau,S0,V0,modelname
Castberg24,0.02101112570084473,5.208937763359988e-10,2421.717263778126,0.0027222323459807924,0.027429768417759005,160786.0794179882,12175024.812041216,three_i
