id,mu,phi,beta,tau,S0,V0,modelname
Castberg24,0.026295571814421114,5.228924486852703e-10,408.10173859555573,1.6670180564867632,159148.50705149907,16457810.267062042,four_i
