id,mu,phi,beta,tau,S0,V0,modelname
Castberg24,0.02753374593319184,1.7889043277649906e-09,1360.8089964560972,67.93951872962842,167521.77109853373,12747341.831919838,one_i
