id,mu,phi,beta,tau,S0,V0,modelname
Castberg24,0.028869533483661232,5.867941933546771e-10,222.3369682323299,0.20392428357132536,161480.80107601912,15608360.437784068,two_i
