id,mu,phi,beta,lam,tau,modelname
Castberg24,0.015412299703660193,2.4825849511441484e-10,3155.5106297589364,0.004358217419192477,0.04284382643765478,two_i
