id,mu,phi,beta,tau,S0,V0,modelname
Castberg24,0.09507851237652132,5.607830966742686e-08,19.439585742714293,7.851059255503108,1341710.1980729834,13392910.83185002,seven_i
