id,mu,phi,beta,tau,S0,V0,modelname
Castberg24,0.01902630192191323,2.5477265952199507e-10,663.6005517141685,0.013125155815011457,175465.43673602853,14164983.934004972,five_i
