id,mu,phi,beta,tau,S0,V0,modelname
Castberg24,0.020491161311210378,1.7984182002625473e-10,1197.552900636385,0.6279052903174343,166887.27002580446,12611375.055761497,two_i
