id,mu,phi,beta,tau,S0,V0,modelname
Castberg24,0.01714757489178939,9.231355193944451e-11,2590.6514824563087,0.00020085214920731212,169440.8336298313,10920288.465299468,ten_i
