id,mu,phi,beta,lam,tau,modelname
Castberg24,0.015705267020937608,2.7726899336970274e-10,2862.0348277685407,0.01174894783886628,0.04207522373454406,four_i
