id,mu,phi,beta,tau,S0,V0,modelname
Castberg24,0.019056534479014543,1.4286340659446625e-10,2194.500320685626,0.45633585643598734,162090.67379207892,12840714.661041122,nine_i
