id,mu,phi,beta,tau,S0,V0,modelname
Castberg24,0.08330408087765645,4.878629285923218e-09,19.031611989958026,0.462411854218585,179806.35615705198,40177575.9218004,seven_i
