id,mu,phi,beta,lam,modelname
Castberg24,0.01763887068043945,5.057876148098473e-10,2252.431152088494,0.028101091849270794,one_i
