id,mu,phi,beta,tau,S0,V0,modelname
Castberg24,0.01905779381651224,1.9326497279236925e-10,1133.0535715881051,2.328762279580057,173493.65275328537,13916045.208510634,one_i
