id,mu,phi,beta,tau,S0,V0,modelname
Castberg24,0.01726290514742862,9.821677139182385e-11,2411.8550624658847,0.37140504403652513,171314.1692698459,11783750.767780425,two_i
