id,mu,phi,beta,lam,S0,V0,modelname
Castberg24,0.36124416763275535,4.404059859455308e-07,76.82465855062334,0.008379608357529036,108935.29908667615,19945490.718829997,one_i
