id,mu,phi,beta,tau,S0,V0,modelname
Castberg24,0.017601040925840222,1.2061350853094567e-10,2296.9722537755647,0.375013254372318,164203.47489547817,11574185.088873496,six_i
