id,mu,phi,beta,lam,tau,modelname
Castberg24,0.01577961024304503,2.8237910120395506e-10,2799.657118818815,0.0039899897404981075,0.04167499333620159,three_i
