id,mu,phi,beta,H0,V0,modelname
Castberg24,0.01695698307557832,8.548142720087302e-11,2773.082307279218,169003.97966632593,11248885.607266473,zero_i
