id,mu,phi,beta,tau,S0,V0,modelname
Castberg24,0.018093432184460634,2.231371749163619e-10,1501.5515977673144,2.2566243612400987,169135.1808604221,13722127.89683625,three_i
