id,mu,phi,beta,lam,tau,modelname
Castberg24,0.017325122139121737,4.4870253646432913e-10,1890.1158481019604,0.2001465117720661,0.03695916116631929,three_i
