id,mu,phi,beta,lam,tau,modelname
Castberg24,0.016662849310271843,3.7566615104768217e-10,2173.642122279167,0.11892788446447375,0.03899802453479191,two_i
