id,mu,phi,beta,tau,S0,V0,modelname
Castberg24,0.017299903806148553,8.824593265765814e-11,2981.597622476192,0.3176459964759861,164382.1307512963,11194853.207613869,three_i
