id,mu,phi,beta,tau,S0,V0,modelname
Castberg24,0.021202913044598853,1.4883473242536906e-10,1489.3194657061788,0.23774692982598616,161061.41035964858,12526059.860057961,three_i
