id,mu,phi,beta,tau,S0,V0,modelname
Castberg24,0.022127236185465787,1.1133474095667444e-09,51.23237684250675,2.230701369052971,92838.19514140517,12617347.686516864,three_i
