id,mu,phi,beta,tau,S0,V0,modelname
Castberg24,0.017691932707659275,1.51195481195477e-10,2365.2311503460824,5.876552092654066,170704.09492035178,11964030.838544833,one_i
