id,mu,phi,beta,lam,H0,V0,modelname
Castberg24,0.5570159375273491,5.507125003032663e-07,10.525757240109206,0.00037346372893361994,126777.72752728529,6262095.733919029,one_i
