id,mu,phi,beta,tau,S0,V0,modelname
Castberg24,0.01797025543284164,1.2841055250367413e-10,3036.0141354223174,2.1152237035209365,167096.6383375626,12169999.594793154,three_i
