id,mu,phi,beta,tau,S0,V0,modelname
Castberg24,0.01977237142319854,1.806122813809678e-10,1353.5385942785326,0.5914565587696251,166210.67717884033,12938146.132150697,four_i
