id,mu,phi,beta,tau,S0,V0,modelname
Castberg24,0.017871962638852067,1.0961851712835131e-10,2696.484275063608,0.4477674238256566,165192.60098761777,12311400.604836755,seven_i
