id,mu,phi,beta,modelname
Castberg24,0.016489038673473896,1.3094728954201085e-10,1546.348096026079,zero_i
