id,mu,phi,beta,lam,tau,modelname
Castberg24,0.015731177639640416,2.5838093695022545e-10,2941.996802424507,0.02781859209173633,0.04534428342457418,five_i
