id,mu,phi,beta,tau,S0,V0,modelname
Castberg24,0.01824634106270017,1.5890192599249223e-10,1581.2674467700433,1.1602850872458468,168477.4944212645,12635879.17032636,two_i
