id,mu,phi,beta,tau,S0,V0,modelname
Castberg24,0.017507442656702156,1.3733069095884107e-10,1640.0017137472119,0.3268025501262608,168831.44667352366,12067348.860192295,two_i
