id,mu,phi,beta,H0,V0,modelname
Castberg24,0.018346159583268212,1.742333279022671e-10,1148.6302774430999,172734.6785724259,12493153.709173257,zero_i
