id,mu,phi,beta,tau,S0,V0,modelname
Castberg24,0.01878313067340118,7.967282558758178e-11,3069.816064714354,0.01758938562847962,158531.06884784903,11215081.051838236,eight_i
