id,mu,phi,beta,tau,S0,V0,modelname
Castberg24,0.04042843886861702,6.120660813655575e-09,9.262687988283732,7.089037133805012,142992.22122537534,2847619.4123569303,eight_i
