id,mu,phi,beta,lam,tau,modelname
Castberg24,0.015463096789948087,2.5126256162733124e-10,3168.3804053489353,0.01117271475049474,0.04213753475747482,five_i
