id,mu,phi,beta,lam,tau,modelname
Castberg24,0.018925228079406723,5.474289970763947e-10,1743.8208921597563,0.05403206304473572,0.03327458633779519,two_i
