id,mu,phi,beta,tau,S0,V0,modelname
Castberg24,0.015661702888578134,1.0338704187451178e-10,2223.59624365567,0.0033162992274726843,171121.75812970602,11124650.94173466,three_i
