id,mu,phi,beta,tau,S0,V0,modelname
Castberg24,0.016279195776526464,1.0543559900955068e-10,2719.9004769203516,0.2713525309024544,171258.64248832813,12033891.517307566,ten_i
