id,mu,phi,beta,tau,S0,V0,modelname
Castberg24,0.02634616113336319,1.119950348185409e-09,1695.4257767181703,58.469976298779464,155671.82347903395,12786244.670035576,one_i
