id,mu,phi,beta,tau,S0,V0,modelname
Castberg24,0.01816900255866417,1.448118817646704e-10,3085.7271658968634,0.8617397902209729,167140.3864451577,12744401.730317838,nine_i
