id,mu,phi,beta,tau,S0,V0,modelname
Castberg24,0.08450799778284175,6.179522593740503e-09,2.542615406226668,0.509611777419768,204601.07471286063,3819195.4528403073,eight_i
