id,mu,phi,beta,H0,V0,modelname
Castberg24,0.017874584871189512,7.791139233234921e-11,3177.7955846688583,162381.19643559435,10940277.95419666,zero_i
