id,mu,phi,beta,tau,S0,V0,modelname
Castberg24,0.01787400256469566,9.269994924803559e-11,2740.284974690566,0.15730116474051992,165254.3394755609,11175214.657914523,four_i
