id,mu,phi,beta,tau,S0,V0,modelname
Castberg24,0.018388615655962847,1.0553894799776968e-10,2185.2685677923578,0.06997780486170797,165193.50478269035,12033745.354708403,eight_i
