id,mu,phi,beta,H0,V0,modelname
Castberg24,0.04486947889412094,1.1001448199822328e-09,79.36089390531154,158982.0028017438,17819116.848919425,zero_i
