id,mu,phi,beta,modelname
Castberg24,0.01910738508058733,2.1633843394318524e-10,834.3611090112456,zero_i
