id,mu,phi,beta,tau,S0,V0,modelname
Castberg24,0.018524440424456827,1.1077539935878282e-10,2589.3585032851493,0.5008882807098199,166648.74907292612,11948148.742205443,five_i
