id,mu,phi,beta,H0,V0,modelname
Castberg24,0.02169977187760431,2.2403941130606074e-10,809.9159898898005,168560.45937678663,13023676.769122787,zero_i
