id,mu,phi,beta,H0,V0,modelname
Castberg24,0.01802032275154103,7.324325948573404e-11,3417.816424234781,161939.99515708536,10863968.052496525,zero_i
