id,mu,phi,beta,tau,S0,V0,modelname
Castberg24,0.04433358579045915,2.0512038143960736e-09,38.301415429023834,6.143834666538644,30398.837343498875,2974364.441732965,seven_i
