id,mu,phi,beta,tau,S0,V0,modelname
Castberg24,0.019176481046363537,7.014441092344542e-10,44.43588300648648,0.6686174192598479,193603.32430438683,21832477.027790826,ten_i
