id,mu,phi,beta,lam,tau,S0,V0,modelname
Castberg24,0.022283933340407007,4.668195683915828e-10,2512.502550828443,6.619954588805205e-05,0.03072296702031523,157363.65844009892,12039082.260342991,five_i
