id,mu,phi,beta,H0,V0,modelname
Castberg24,0.060528920792458585,2.384357964271129e-13,34.17896816160958,554296.7907382371,11469340.064098913,zero_i
