id,mu,phi,beta,modelname
Castberg24,0.01643589595240982,1.299437825317058e-10,1559.626199864898,zero_i
