id,mu,phi,beta,tau,S0,V0,modelname
Castberg24,0.018386638767813067,1.4539422259575507e-10,2223.021974151544,0.6551958202477381,161858.28819925152,12853901.770523556,seven_i
