id,mu,phi,beta,tau,S0,V0,modelname
Castberg24,0.015124493921183545,1.0902559655740597e-10,3843.5101151454055,0.8001654349209921,173951.86196792414,12494826.235219913,eight_i
