id,mu,phi,beta,tau,S0,V0,modelname
Castberg24,0.019224921424955885,1.3885417652124595e-10,1728.3870870314045,0.3791450650196719,164548.23797335802,12459216.144371279,four_i
