id,mu,phi,beta,tau,S0,V0,modelname
Castberg24,0.04318957401085855,1.1623422552966896e-09,80.63965186564855,0.13221950234789162,156228.90611336753,16717815.53309682,three_i
