id,mu,phi,beta,lam,tau,modelname
Castberg24,0.017563663244319908,5.121013062142759e-10,1945.049475430103,0.038953472168298614,0.029698996767423127,five_i
