id,mu,phi,beta,lam,tau,modelname
Castberg24,0.01703225120709847,4.768148805734752e-10,1916.2270286755047,0.13835402130683577,0.03367348840491969,four_i
