id,mu,phi,beta,tau,S0,V0,modelname
Castberg24,0.01686338343201859,1.0112943216157307e-10,2843.107363639321,0.42197269756955325,171777.16193586032,11558504.274658399,six_i
