id,mu,phi,beta,tau,S0,V0,modelname
Castberg24,0.004319447655270326,1.897121095802236e-11,37.17997516317092,0.664096569136563,200266.02993792496,26180347.787601646,one_i
