id,mu,phi,beta,tau,S0,V0,modelname
Castberg24,0.042401942157226355,1.2154324006870475e-09,73.0429849949352,0.2884804657422674,170599.2448834603,17772723.37718926,six_i
