id,mu,phi,beta,tau,S0,V0,modelname
Castberg24,0.01914003779771641,1.4980730670039198e-10,1550.526012443752,0.22819139159989368,164994.38234762772,12147136.840241829,four_i
