id,mu,phi,beta,modelname
Castberg24,0.017372548699242322,1.470242494947002e-10,1346.3374669537868,zero_i
