id,mu,phi,beta,tau,S0,V0,modelname
Castberg24,0.016964858945942927,1.1144010252017127e-10,2357.1153996934963,0.3015571997945655,167791.99752992354,11592247.043323578,five_i
