id,mu,phi,beta,H0,V0,modelname
Castberg24,0.06034951646612054,1.6080982931106339e-09,40.732313050866374,157299.02832672387,21031537.69903387,zero_i
