id,mu,phi,beta,lam,tau,modelname
Castberg24,0.0190900437712839,6.032594849457606e-10,1809.4856393410766,0.04678650516710292,0.02907589275773344,three_i
