id,mu,phi,beta,tau,S0,V0,modelname
Castberg24,0.07066382401441361,7.40438458113487e-11,117.213348279868,3.9788683732014225,165508.45281034266,3031002.1176476604,nine_i
