id,mu,phi,beta,tau,S0,V0,modelname
Castberg24,0.0595586939426357,3.329087587251614e-09,37.720129299843144,1.1925730235418308,333054.07478357106,42490612.89909412,nine_i
