id,mu,phi,beta,H0,V0,modelname
Castberg24,0.035862872986784186,6.558553497158553e-10,178.53064020585484,155724.34074872572,16681042.059340581,zero_i
