id,mu,phi,beta,tau,S0,V0,modelname
Castberg24,0.019725312110709405,1.5919186447677702e-10,1705.720343501488,0.7209388907943751,165166.83829058384,13828993.326630715,five_i
