id,mu,phi,beta,lam,tau,S0,V0,modelname
Castberg24,0.021911148893031723,6.173357279511997e-10,2232.005023446253,0.012703080122044972,0.025611220826342027,159955.29806902507,12091884.082548117,two_i
