id,mu,phi,beta,tau,S0,V0,modelname
Castberg24,0.017809227801970764,9.794615036272821e-11,2721.0957695315105,1.5135512703214231,165509.9878592217,11527554.936054617,one_i
