id,mu,phi,beta,tau,S0,V0,modelname
Castberg24,0.1477223354057511,5.1455703898075314e-08,27.909043876219396,19.825610200437733,281948.28548879287,5256242.066857129,six_i
