id,mu,phi,beta,lam,modelname
Castberg24,0.015610062244470537,2.607939542786422e-10,3048.4070934521337,0.04196353866847312,one_i
