id,mu,phi,beta,tau,S0,V0,modelname
Castberg24,0.018452291594020124,1.617391715493607e-10,1470.4425075947229,0.20805838914350905,168968.94040823833,13236243.262293566,ten_i
