id,mu,phi,beta,tau,S0,V0,modelname
Castberg24,0.01583301864705945,1.5239926391898e-10,2937.1159932288347,3.0670697819941934,171680.63083026945,13498043.517147202,three_i
