id,mu,phi,beta,tau,S0,V0,modelname
Castberg24,0.018327728508001358,1.1624100190039962e-10,2361.6287328738676,1.1348410678175556,165856.45147586783,12014763.192322157,two_i
