id,mu,phi,beta,lam,modelname
Castberg24,0.01970477316298339,5.712864308523405e-10,1801.675851015006,0.029854220401263835,one_i
