id,mu,phi,beta,tau,S0,V0,modelname
Castberg24,0.01629154257689461,7.799382872441121e-11,3210.1159308517113,0.0067222507346247785,168376.24826113216,10851309.874121774,two_i
