id,mu,phi,beta,tau,S0,V0,modelname
Castberg24,0.10231770790859793,1.5259201905908833e-08,80.94830639007259,10.349257200732355,163324.95736230223,23804279.59298818,nine_i
