id,mu,phi,beta,lam,tau,S0,V0,modelname
Castberg24,0.09809287666497261,7.28558819822046e-09,29.67504729636935,0.008251607920137821,0.18730325886534913,22090.404165887303,51264126.93513218,two_i
