id,mu,phi,beta,tau,S0,V0,modelname
Castberg24,0.01901255651082687,1.2300269786311165e-10,3286.6432718903275,1.2312121447991489,160596.57100351405,12472070.202784905,five_i
