id,mu,phi,beta,tau,S0,V0,modelname
Castberg24,0.014547357049518156,9.92634658110286e-11,2282.100389364137,0.0007939136117890686,181103.63772336105,11445068.639837684,six_i
