id,mu,phi,beta,tau,S0,V0,modelname
Castberg24,0.043656029263798336,2.661352915203353e-09,18.25430593282276,1.3977744590189352,211800.174112384,4792980.659759782,four_i
