id,mu,phi,beta,lam,tau,S0,V0,modelname
Castberg24,0.02255808101820094,6.137612071176938e-10,2248.573489563059,0.010957929523292992,0.025930933953509185,160235.6778856364,11877648.65087979,four_i
