id,mu,phi,beta,tau,S0,V0,modelname
Castberg24,0.01765903653673883,1.130558412025894e-10,1967.9367836134302,0.07617332547234185,170587.17952292523,12114815.085581262,four_i
