id,mu,phi,beta,tau,S0,V0,modelname
Castberg24,0.020578973492438087,2.4627069841533767e-10,1628.8211975527377,1.448929109362029,160540.52524271386,14417163.845279766,six_i
