id,mu,phi,beta,tau,S0,V0,modelname
Castberg24,0.017677239875072068,1.37979421701823e-10,1597.4614285705445,0.36114258127348875,171773.0415160991,12601907.250447297,two_i
