id,mu,phi,beta,tau,S0,V0,modelname
Castberg24,0.01840866033533067,1.919057287295632e-10,2727.651347855797,2.6129870496580985,163580.86555992626,13504492.599407174,four_i
