id,mu,phi,beta,tau,S0,V0,modelname
Castberg24,0.017703627224406868,1.640242657527166e-10,1375.0179705454364,0.13990646128432954,173482.6333762509,12857680.980891718,nine_i
