id,mu,phi,beta,lam,tau,S0,V0,modelname
Eissler40,0.008443184170055509,3.2229356945004028e-09,13.044548161247898,0.1332938103105712,0.052329088832672566,4348417.412115506,9322737.29604804,four_i
