id,mu,phi,beta,lam,tau,modelname
Eissler40,0.0016255949875250808,4.859703310651617e-09,12.277708482709818,2.049649620015273,0.05182635869354444,four_i
