id,mu,phi,beta,tau,S0,V0,modelname
Eissler40,0.019165803980550525,9.933838941935358e-08,24.987725121043216,6.218142734787813,3640618.1032649074,16200738.873257443,eight_i
