id,mu,phi,beta,H0,V0,modelname
Eissler40,0.002790752959828487,8.916501406507467e-10,14.844693798817966,4377407.091624005,7325863.559929618,zero_i
