id,mu,phi,beta,tau,S0,V0,modelname
Eissler40,0.09570348246703123,3.7245984110587e-07,17.985470755639287,9.113475787154266,3987349.324721471,14723839.918330684,five_i
