id,mu,phi,beta,tau,S0,V0,modelname
Eissler40,0.0011253915746661334,4.900418096579875e-09,24.346575075838437,4.056188228077208,3670260.543304868,14914035.817763526,nine_i
