id,mu,phi,beta,tau,S0,V0,modelname
Eissler40,0.0016760650599792239,4.5892703920690725e-09,22.801539240031502,3.801177312359562,3679243.5246163122,14177045.109686507,nine_i
