id,mu,phi,beta,tau,S0,V0,modelname
Eissler40,0.0008405423667569745,1.1252055371260572e-09,18.220844543761427,0.9431382700916282,4030176.213509925,10628816.609095562,ten_i
