id,mu,phi,beta,tau,S0,V0,modelname
Eissler40,0.0013586847721871497,3.760462192541469e-09,16.200726643040397,13.102889374799926,4372125.256340999,11147052.045415802,two_i
