id,mu,phi,beta,tau,S0,V0,modelname
Eissler40,0.0012781434058517025,9.768744655169707e-09,19.166112351879956,7.884267839448872,4037585.1054181186,14526199.95203557,five_i
