id,mu,phi,beta,lam,tau,modelname
Eissler40,0.0022099500569270772,2.8896361926317026e-09,11.108799837460337,0.009644577504561672,0.05225745255381823,three_i
