id,mu,phi,beta,H0,V0,modelname
Eissler40,0.003587269128553079,8.830171462414206e-10,15.157134552504589,4272794.387011677,7329939.114585781,zero_i
