id,mu,phi,beta,tau,S0,V0,modelname
Eissler40,0.0020697887698757677,6.9457026434536415e-09,18.88972571661801,8.797434372528176,3935146.4134278786,13509771.926470099,four_i
