id,mu,phi,beta,tau,S0,V0,modelname
Eissler40,0.18498171228283047,4.1459470235146714e-08,2.6088416026006986,28.743573310667834,7423752.822618244,2852049.5537621086,one_i
