id,mu,phi,beta,tau,S0,V0,modelname
Eissler40,0.0007007808688960655,6.592133706263317e-09,18.654214932041114,8.701715845937604,4045450.242602846,13646483.117952237,four_i
