id,mu,phi,beta,tau,S0,V0,modelname
Eissler40,0.00556440548069404,1.055936765877974e-08,21.84191714161537,8.089187375490855,3703076.611944159,14244178.43832271,five_i
