id,mu,phi,beta,tau,S0,V0,modelname
Eissler40,0.05059367699724655,4.1316190319307533e-07,24.896948227892864,6.22638829036567,3628553.608868977,15508151.667737594,eight_i
