id,mu,phi,beta,tau,S0,V0,modelname
Eissler40,0.0013070469378552382,5.715796967908071e-09,20.59461876078775,8.592284233847437,3802520.1931749163,13136982.688680055,four_i
