id,mu,phi,beta,tau,S0,V0,modelname
Eissler40,0.0006796325459497266,5.431513139601814e-09,17.328388297060556,10.442166757625928,4183427.211599872,12261680.853934266,three_i
