id,mu,phi,beta,tau,S0,V0,modelname
Eissler40,0.0017890119279404437,2.393025153618307e-09,15.294226205890892,18.494333453896505,4550738.4437091425,9480144.534576032,one_i
