id,mu,phi,beta,tau,S0,V0,modelname
Eissler40,0.0005452452174694918,2.3889896659435634e-09,15.826589505177678,18.807867947939936,4506913.054450009,9112751.66846706,one_i
