id,mu,phi,beta,tau,S0,V0,modelname
Eissler40,0.003835514503162499,6.580343512102538e-09,16.726547608103463,10.942359452471116,4112212.5522585884,12532986.19404989,three_i
