id,mu,phi,beta,lam,tau,S0,V0,modelname
Eissler40,0.31183350925722125,3.926132801334705e-07,7.689608833322895,0.0020932333059969967,0.03225140351766062,5726508.5455420725,9546475.704684101,two_i
