id,mu,phi,beta,tau,S0,V0,modelname
Eissler40,0.000994795337142583,4.995215409348735e-09,17.86493021583189,10.296832807702607,4028469.926101069,12333569.324304366,three_i
