id,mu,phi,beta,tau,S0,V0,modelname
Eissler40,0.0013980172684017434,9.290567632753406e-09,19.91630480926861,7.752850658111185,3906218.62337763,14303750.060988938,five_i
