id,mu,phi,beta,lam,tau,modelname
Eissler40,0.0027622396661863644,3.686343448509196e-09,10.797316292024092,0.008914418908360854,0.04661383164973082,two_i
