id,mu,phi,beta,tau,S0,V0,modelname
Eissler40,0.0016574962107877523,3.560229637536192e-09,22.597027491438233,3.1783101599570323,3605138.374756349,15076041.098858677,ten_i
