id,mu,phi,beta,lam,tau,H0,V0,modelname
Eissler40,0.004876055986928431,3.932796803909281e-09,11.628840693325,0.2937254316821885,0.05096331170925257,8068798.925230824,9625770.99286798,five_i
