id,mu,phi,beta,lam,tau,S0,V0,modelname
Eissler40,0.0013768861930606206,2.1483822013835963e-09,16.479879444608276,0.015542331691243937,0.05673528702132614,4333515.829298733,9055110.609340634,four_i
