id,mu,phi,beta,tau,S0,V0,modelname
Eissler40,0.003765011953713405,6.5286569797892686e-09,17.570465080784654,10.89562568343194,3982250.666097746,12092137.50741925,three_i
