id,mu,phi,beta,lam,tau,modelname
Eissler40,0.0027433095550899434,5.394587125652546e-09,11.370044294518543,2.6823579159773114,0.04929839580760364,three_i
