id,mu,phi,beta,lam,modelname
Eissler40,0.0005735756937727116,2.7544677268487284e-09,11.569692689754266,0.05258140341430787,one_i
