id,mu,phi,beta,tau,S0,V0,modelname
Eissler40,0.0031591417228639977,4.56422065464362e-09,16.570057413979626,13.883172485896733,4169390.62985454,10639501.885811353,two_i
