id,mu,phi,beta,tau,S0,V0,modelname
Eissler40,0.001566069586795802,1.4872001209030643e-08,23.31510558632466,7.295684097486155,3788879.8853294067,15401615.566117845,six_i
