id,mu,phi,beta,tau,S0,V0,modelname
Eissler40,0.0017589628384323043,4.405971179009481e-09,24.07129408794437,3.805969931052365,3581517.6437785607,14734479.45375527,nine_i
