id,mu,phi,beta,lam,tau,modelname
Eissler40,0.0023066161571876883,2.993430151290901e-09,11.117996906360887,0.009194636800284706,0.0507890142046592,three_i
