id,mu,phi,beta,tau,S0,V0,modelname
Eissler40,0.08303561919227302,3.614827164053107e-07,22.797734655461184,5.539231736372516,3733173.5213375115,16173164.80808529,nine_i
