id,mu,phi,beta,tau,S0,V0,modelname
Eissler40,0.0015630125548444377,4.422000950539968e-09,23.484362388625115,4.274245781477908,3649629.3386113774,14031538.180816678,eight_i
