id,mu,phi,beta,tau,S0,V0,modelname
Eissler40,0.014481093683418395,3.532419569657331e-08,20.608298468687355,7.553995774765857,3920829.640379035,15074651.728743933,six_i
