id,mu,phi,beta,tau,S0,V0,modelname
Eissler40,0.002847809773121738,1.0320260723097061e-08,21.187611864771522,6.82550330841659,3851051.061140826,15054484.0440614,six_i
