id,mu,phi,beta,tau,S0,V0,modelname
Eissler40,0.0018818854514197124,8.250718484268201e-09,22.430028113142555,5.870220623472231,3743350.82081508,15606512.336569112,seven_i
