id,mu,phi,beta,tau,S0,V0,modelname
Eissler40,0.0030112248531160846,1.1648393383141211e-08,19.394888887497196,8.188868465427959,3876615.022073424,14799447.58859105,five_i
