id,mu,phi,beta,tau,S0,V0,modelname
Eissler40,0.0044787778072576485,1.0538970042942626e-09,14.469630217742647,3.813379504349326,4216321.520506994,8948203.679037647,one_i
