id,mu,phi,beta,H0,V0,modelname
Eissler40,0.0006194095984429417,8.423101235608288e-10,14.961498897066344,4583097.399875174,7800045.062291271,zero_i
