id,mu,phi,beta,tau,S0,V0,modelname
Eissler40,0.0033710622132644046,2.655385585301956e-09,20.805909774418716,3.604079519364022,3623768.6836565053,12703681.74405877,seven_i
