id,mu,phi,beta,tau,S0,V0,modelname
Eissler40,0.0022526734661105817,8.889417027504506e-10,14.673880036282917,0.01578432162049517,4419887.851470698,7586046.007372729,six_i
