id,mu,phi,beta,tau,S0,V0,modelname
Eissler40,0.0008062352305303884,4.334483284262088e-09,15.546134882734433,13.685680141784768,4440687.919385963,11171272.100658167,two_i
