id,mu,phi,beta,modelname
Eissler40,0.0007108892361096719,9.119055628480264e-10,10.550249215091176,zero_i
