id,mu,phi,beta,lam,tau,modelname
Eissler40,0.002243441582244808,3.1359243903008352e-09,11.392489672290033,0.2697491995283769,0.051807866780044905,four_i
