id,mu,phi,beta,lam,modelname
Eissler40,0.0004633503319988525,2.8778820209993635e-09,11.968969404838328,0.04953048498304822,one_i
