id,mu,phi,beta,modelname
Eissler40,0.0008031637360215261,9.206225808465409e-10,10.50317308866564,zero_i
