id,mu,phi,beta,tau,S0,V0,modelname
Eissler40,0.0016722953443824454,1.1444659257735473e-08,21.707248084350898,6.944706672037483,3700962.6293008444,14881373.48829334,six_i
