id,mu,phi,beta,tau,S0,V0,modelname
Eissler40,0.0028813839197072665,2.597768321464907e-09,16.058376779149057,19.58266940676862,4215514.739264874,9146833.491197143,one_i
