id,mu,phi,beta,tau,S0,V0,modelname
Eissler40,0.13782546935586587,6.764387221381914e-07,25.0877691275404,6.258125510366168,3568423.3523440515,16174172.139872817,eight_i
