id,mu,phi,beta,tau,S0,V0,modelname
Eissler40,0.0007814749335084826,9.368403413483399e-10,17.396806765416144,0.9520857315203275,4130039.652769585,8847215.864818156,four_i
