id,mu,phi,beta,lam,modelname
Eissler40,0.0007351873146658635,2.6943527026275524e-09,11.668696944154625,0.05271820385464672,one_i
