id,mu,phi,beta,tau,S0,V0,modelname
Eissler40,0.00398525949283492,4.324393720053918e-09,15.199975986801931,13.400173773968637,4280050.977861109,11548479.10187941,two_i
