id,mu,phi,beta,tau,S0,V0,modelname
Eissler40,0.001336112534040079,4.4490729571383254e-09,23.304526927572432,4.839768502970303,3666204.0873322957,14080849.217828259,seven_i
