id,mu,phi,beta,tau,S0,V0,modelname
Eissler40,0.0015603622181836266,4.044218790343385e-09,25.23690279044307,3.302050162826536,3625945.183107514,13932436.712028252,ten_i
