id,mu,phi,beta,tau,S0,V0,modelname
Eissler40,0.00331620371138408,5.654520923242633e-09,17.568391636096717,10.630274516428482,4062370.8782470436,12116145.62141275,three_i
