id,mu,phi,beta,lam,tau,modelname
Eissler40,0.0024283939381394555,3.472044422131571e-09,10.91128446533008,0.021922487336987536,0.04783126423173917,two_i
