id,mu,phi,beta,tau,S0,V0,modelname
Eissler40,0.016366611398093322,1.1213347219649321e-07,23.65952808268981,4.990516443656433,3636720.6722126,16671889.16733331,ten_i
