id,mu,phi,beta,tau,S0,V0,modelname
Eissler40,0.0019835273465505705,6.112807915851668e-09,24.364582875808598,5.330544191226392,3694025.776526402,14529516.667735187,seven_i
