id,mu,phi,beta,modelname
Eissler40,0.0022479085100640616,9.684967502229354e-10,10.000217200310818,zero_i
