id,mu,phi,beta,tau,S0,V0,modelname
Eissler40,0.0021205445859191277,4.610194764726897e-09,23.96012358327633,4.324104909039908,3640241.296880677,14222246.337973023,eight_i
