id,mu,phi,beta,tau,S0,V0,modelname
Eissler40,0.0033253150076502235,5.305870381780464e-09,24.45356028817652,4.074020209194883,3538062.934498775,14977243.692402855,nine_i
