id,mu,phi,beta,tau,S0,V0,modelname
Eissler40,0.001567252212473755,3.903821741150216e-09,17.55024686792291,13.566933706954076,4142783.5253018937,11091145.437246973,two_i
