id,mu,phi,beta,lam,tau,modelname
Eissler40,0.002047505448933027,3.4151162401371092e-09,12.041779536392884,0.9595702302711434,0.050271111315307364,three_i
