id,mu,phi,beta,H0,V0,modelname
Eissler40,0.0028366090657560485,9.324496647787274e-10,13.967653282120676,4396440.763329499,7344979.135272938,zero_i
