id,mu,phi,beta,tau,S0,V0,modelname
Eissler40,0.002236267869586189,3.844753885165171e-09,18.646847410929865,9.29339098342112,4065804.872267378,12059615.536304513,three_i
