id,mu,phi,beta,lam,modelname
Eissler40,0.003589675525951888,3.15682810932327e-09,10.96558382363486,0.05012277111342939,one_i
