id,mu,phi,beta,lam,tau,S0,V0,modelname
Eissler40,0.00866270049123343,4.968848253583831e-09,15.874686294068587,5.846136496572596,0.06052215169898638,4167857.8226286084,11675323.747387031,three_i
