id,mu,phi,beta,tau,S0,V0,modelname
Eissler40,0.001428538264997567,9.099484147039513e-09,20.30386785222107,7.940221050173542,3831882.933992902,14799305.700133119,five_i
