id,mu,phi,beta,tau,S0,V0,modelname
Eissler40,0.007196826419527479,3.446944860843129e-08,21.320141906087326,7.633418472674401,3764696.8187719677,15558337.294335464,six_i
