id,mu,phi,beta,tau,S0,V0,modelname
Eissler40,0.002335981848742048,2.52666226123854e-09,14.199733292352498,18.13570301367983,4550687.7850712715,9070142.36763411,one_i
