id,mu,phi,beta,tau,S0,V0,modelname
Eissler40,0.0006336103860625113,5.334615832285397e-09,17.683177486519792,10.624863283308148,4136167.432430321,12351884.537095813,three_i
