id,mu,phi,beta,tau,S0,V0,modelname
Eissler40,0.0008852952212817109,6.9888523727573804e-09,19.5275674245758,8.875367549745897,3972992.392263497,12790372.66930642,four_i
