id,mu,phi,beta,tau,S0,V0,modelname
Eissler40,0.0012384182162856463,1.0467699167888166e-09,16.417557769211665,0.6517924158175837,4311985.215384036,9268736.865026917,nine_i
