id,mu,phi,beta,tau,S0,V0,modelname
Eissler40,0.25401358890273346,2.6904802581351774e-08,7.164175950571032,1.8566337077395114,5727120.26822019,3688801.08544205,eight_i
