id,mu,phi,beta,tau,S0,V0,modelname
Eissler40,0.004804393767172901,1.073519794722013e-08,18.73167243155098,9.70896384900387,3882617.869850674,13512878.593036607,four_i
