id,mu,phi,beta,H0,V0,modelname
Eissler40,0.0014329001748743905,8.826299396100864e-10,14.013445426469898,4559665.722020999,8276952.362373071,zero_i
