id,mu,phi,beta,tau,S0,V0,modelname
Eissler40,0.002543194882233092,9.653624687840061e-10,15.40114664261404,2.6257125006488122,4271039.479730067,8406503.58774995,one_i
