id,mu,phi,beta,lam,tau,modelname
Eissler40,0.002372225660882851,5.051410577968465e-09,11.817562104278633,1.411919899296121,0.05131002840623527,five_i
