id,mu,phi,beta,lam,S0,V0,modelname
Eissler40,0.00753327733587785,2.2425228305514596e-09,14.618698577703565,0.0594981386858167,3982799.5162009965,9884891.079312377,one_i
