id,mu,phi,beta,lam,tau,modelname
Eissler40,0.0017478897651692605,3.755026918188364e-09,11.709380654482867,0.7597656736092132,0.05230508897486728,five_i
