id,mu,phi,beta,lam,tau,modelname
Eissler40,0.0017723827283014262,3.1899830805446226e-09,11.365056630390669,0.021748644065150775,0.048215248023997015,four_i
