id,mu,phi,beta,tau,S0,V0,modelname
Eissler40,0.002855512876282812,5.2928503856607795e-09,19.01933727815398,10.64809034269344,3982530.412958373,12288859.63499019,three_i
