id,mu,phi,beta,tau,S0,V0,modelname
Eissler40,0.002772210252837304,7.662605610599025e-09,18.58971012918043,9.075130828220521,3896807.80642465,13886236.732301358,four_i
