id,mu,phi,beta,H0,V0,modelname
Eissler40,0.0013214634887611302,8.584856592344075e-10,14.754731340139825,4481514.487835499,7915094.2165046325,zero_i
