id,mu,phi,beta,tau,S0,V0,modelname
Eissler40,0.0038220925506570287,2.5813309396872363e-09,14.167419570423075,18.979980855882964,4624052.439837085,9782594.670367949,one_i
