id,mu,phi,beta,tau,S0,V0,modelname
Eissler40,0.003127263482722791,2.0163575105783967e-09,15.767516449756702,16.4906516039115,4226695.128411836,9146719.307407165,one_i
