id,mu,phi,beta,tau,S0,V0,modelname
Eissler40,0.0022370332256145286,1.0940055228181015e-09,15.460778185767012,1.5461592486588256,4202673.293045273,10181852.751985893,four_i
