id,mu,phi,beta,tau,S0,V0,modelname
Eissler40,0.012368916197269273,1.4934437283331237e-08,20.481349741119306,8.349149822042948,3696853.289848486,14940693.29080589,five_i
