id,mu,phi,beta,tau,S0,V0,modelname
Eissler40,0.0008657904105286196,8.59573370388403e-09,22.08340877037976,6.580244556348934,3893294.9034037236,14322889.194627477,six_i
