id,mu,phi,beta,modelname
Eissler40,0.003129655948637211,1.0115077774538061e-09,9.53497307753177,zero_i
