id,mu,phi,beta,lam,tau,S0,V0,modelname
Eissler40,0.030157155926081022,9.207151858823326e-11,15.992956704166659,0.02275844156694842,2.2489271783320994,7678417.944026383,5490197.614738408,five_i
