id,mu,phi,beta,tau,S0,V0,modelname
Eissler40,0.0038482074645748363,2.1043449078756877e-07,23.70654244859201,6.129722349385081,3769841.4855965003,15705374.275584562,eight_i
