id,mu,phi,beta,tau,S0,V0,modelname
Eissler40,0.04317512046610491,2.1141067677146854e-12,10.42077817696771,2.281661506963416,17377351.958160743,7257326.939168117,two_i
