id,mu,phi,beta,H0,V0,modelname
Eissler40,0.0014442860979290571,8.766087121973798e-10,14.825862171631162,4496922.110708081,7690994.128383168,zero_i
