id,mu,phi,beta,tau,S0,V0,modelname
Eissler40,0.07782683481116864,5.690553536307141e-09,4.071022374031603,1.0487114907398003,20422538.34491965,12426021.369329518,ten_i
