id,mu,phi,beta,tau,S0,V0,modelname
Eissler40,0.009119259628725323,5.3688224586226825e-09,23.12753412497543,3.528611882997994,3511501.8123799767,14768283.379181415,ten_i
