id,mu,phi,beta,H0,V0,modelname
Eissler40,0.010828150963965113,1.1490770631651515e-09,11.18225515831028,3978124.0179656786,7921989.080010653,zero_i
