id,mu,phi,beta,lam,tau,S0,V0,modelname
Eissler40,0.0012554702614509011,2.4515810211814727e-09,15.623901340170573,0.0006444590906798589,0.05139983693713072,4519911.033337616,9214085.47250934,two_i
