id,mu,phi,beta,H0,V0,modelname
Eissler40,0.0021699905161449025,9.045467163142559e-10,14.648574235026567,4509452.853794068,7102511.8993017,zero_i
