id,mu,phi,beta,lam,modelname
Eissler40,0.007225189871116125,2.030311692233295e-09,38.96568090886892,0.016306658604555137,one_i
