id,mu,phi,beta,tau,S0,V0,modelname
Eissler40,0.003151023999289894,7.940539596945472e-09,18.86637665775151,9.156163911281455,3918978.350036204,13612181.929675048,four_i
