id,mu,phi,beta,lam,tau,H0,V0,modelname
Eissler40,0.008920412447937523,4.524056180359931e-09,10.165430799639662,0.6302163364851889,0.04933753691155881,2565339.7560630315,10198131.30171878,three_i
