id,mu,phi,beta,tau,S0,V0,modelname
Eissler40,0.0102659944892563,1.6521775812349713e-08,19.617326839043955,8.594546088673471,3656680.735114195,14736212.739253081,five_i
