id,mu,phi,beta,lam,modelname
Eissler40,0.0030842439404412027,3.5115522630768258e-09,10.767093015677508,0.04756098206627413,one_i
