id,mu,phi,beta,tau,S0,V0,modelname
Eissler40,0.0006678017224299759,4.167162516633887e-09,16.880377919641962,13.895065856816109,4221003.638835833,11069563.464725405,two_i
