id,mu,phi,beta,tau,S0,V0,modelname
Eissler40,0.0009401090344754413,2.316995030630964e-09,22.922270809671552,2.765898484218308,3751813.0191529314,13168286.442512602,nine_i
