id,mu,phi,beta,tau,S0,V0,modelname
Eissler40,0.004435772559185426,1.2926983331135544e-07,21.714220181107926,6.875858703791883,3852918.029822361,15910117.580379812,seven_i
