id,mu,phi,beta,lam,S0,V0,modelname
Eissler40,0.001321752795350002,2.332956455916023e-09,16.277349969488245,0.05333474533042778,4396597.245645243,8988965.259586176,one_i
