id,mu,phi,beta,tau,S0,V0,modelname
Eissler40,0.0009887190459462072,4.115191785073581e-09,23.86994340617139,3.4699240487041783,3633496.348100978,15713353.824599236,ten_i
