id,mu,phi,beta,tau,S0,V0,modelname
Eissler40,0.03819956994276183,9.688723851943e-08,16.94752818375962,3.260949399027423,16612861.279912248,8341082.146166136,nine_i
