id,mu,phi,beta,lam,tau,modelname
Eissler40,0.001243796661844615,4.236342656494581e-09,11.886914831312636,4.291376060494925,0.050653334028226554,two_i
