id,mu,phi,beta,H0,V0,modelname
Eissler40,0.0009534678069198271,8.279434498269339e-10,15.739223284993953,4506697.769949111,7438627.616222956,zero_i
