id,mu,phi,beta,tau,S0,V0,modelname
Eissler40,0.016885661212125785,1.0292875213537895e-07,24.299804596091516,6.154554001642494,3580749.750386139,16054110.382769465,eight_i
