id,mu,phi,beta,tau,S0,V0,modelname
Eissler40,0.0034784616038456427,7.220196312526035e-09,23.319483616029625,5.567077324108591,3634893.412989648,14963202.91438971,seven_i
