id,mu,phi,beta,tau,S0,V0,modelname
Eissler40,0.0012721930878544258,4.686519701813942e-09,23.76623847503496,3.515606272634577,3653827.2899281867,15170315.69903428,ten_i
