id,mu,phi,beta,tau,S0,V0,modelname
Eissler40,0.0011623182454033997,6.122979814263235e-09,22.797576216124263,5.3967548548241595,3662226.8026702316,14792143.362134809,seven_i
