id,mu,phi,beta,lam,tau,modelname
Eissler40,0.0026746648411397076,2.99612490075377e-09,11.07719264453037,0.014471759965762379,0.05303971146249933,five_i
