id,mu,phi,beta,lam,tau,modelname
Eissler40,0.0016921196047806606,3.0906890808787953e-09,11.355619254630998,0.026689292094219733,0.04953712687970834,four_i
