id,mu,phi,beta,tau,S0,V0,modelname
Eissler40,0.036926282289986526,4.345292404815169e-08,11.21818572363123,18.28008819199989,4588130.730163972,11690028.750037622,two_i
