id,mu,phi,beta,tau,S0,V0,modelname
Eissler40,0.0015794382170178224,4.603740124530775e-09,24.643695341061854,3.580273999086612,3624221.000762403,15358414.056301948,ten_i
