id,mu,phi,beta,tau,S0,V0,modelname
Eissler40,0.001101522096303765,8.929305275484587e-09,21.966629891002448,6.791979075270647,3789017.0695161056,14757741.21550037,six_i
