id,mu,phi,beta,H0,V0,modelname
Eissler40,0.0015310184890743618,8.656701036799915e-10,15.651857063448823,4391811.440196629,7006954.13485888,zero_i
