id,mu,phi,beta,lam,tau,S0,V0,modelname
Eissler40,0.0008556911407842139,2.3686684769392813e-09,15.771386040791462,0.00013935001027520451,0.05054642029035399,4461284.458828341,9463071.939495988,three_i
