id,mu,phi,beta,lam,tau,S0,V0,modelname
Eissler40,0.01765902010526109,6.69208848063917e-07,20.063171996432253,0.03399380884626268,0.050558673496281584,331513.34772012033,46319906.48549767,five_i
