id,mu,phi,beta,lam,tau,modelname
Eissler40,0.0008078182722575733,2.7212837968796244e-09,11.693837506487261,0.0004947651844878876,0.05198398170428714,two_i
