id,mu,phi,beta,lam,tau,modelname
Eissler40,0.003307891280474182,4.143991610976043e-09,11.747172965960413,1.3354184760635928,0.05299639983820886,four_i
