id,mu,phi,beta,lam,tau,modelname
Eissler40,0.010469704885621775,1.735998015690278e-09,34.56493913805139,0.018860797202431733,0.04723469991594695,three_i
