id,mu,phi,beta,lam,tau,modelname
Eissler40,0.002325014186641697,2.932007695112341e-09,11.015341585760183,0.010333266494925115,0.051417308861261515,five_i
