id,mu,phi,beta,modelname
Eissler40,0.0007025810489271948,9.008120148121782e-10,10.721829038191473,zero_i
