id,mu,phi,beta,tau,S0,V0,modelname
Eissler40,0.23342410068017982,1.931299295949083e-06,22.68687567891781,6.244643569751,3803946.3311536172,16339560.748289136,eight_i
