id,mu,phi,beta,tau,S0,V0,modelname
Eissler40,0.0018298646256219343,6.132119981957365e-09,23.929626525046597,5.42235099659877,3603776.383108184,15125968.407063095,seven_i
