id,mu,phi,beta,tau,S0,V0,modelname
Eissler40,0.001504558445816836,8.638753303661794e-09,21.616362813504622,7.832570580289763,3749206.396765355,14123894.737708127,five_i
