id,mu,phi,beta,tau,S0,V0,modelname
Eissler40,0.1588677767087705,1.0239661165246341e-07,100.8236401249776,7.394902095544101,8642840.748079585,27779957.41127438,nine_i
