id,mu,phi,beta,tau,S0,V0,modelname
Eissler40,0.010294876421362948,2.4165065385078313e-08,23.700808419783694,6.647959393812535,3577673.119232725,15754548.697764384,seven_i
