id,mu,phi,beta,tau,S0,V0,modelname
Eissler40,0.0009132942503120216,3.7979025360610205e-09,16.823398564345116,13.259954513000507,4230036.5477805855,10928218.922823524,two_i
