id,mu,phi,beta,tau,S0,V0,modelname
Eissler40,0.001521277729180106,5.538285711812146e-09,17.555964119710417,10.482032238152486,4182572.7099085203,11997481.058422264,three_i
