id,mu,phi,beta,tau,S0,V0,modelname
Eissler40,0.004350451398021942,1.505941343000776e-08,21.38833186076662,7.222708739037147,3751688.5447244644,15283989.934213325,six_i
