id,mu,phi,beta,tau,S0,V0,modelname
Gao41,0.037227932676051206,2.526075677377659e-08,81.87829208924526,2.988990434968105,481332.72567722027,132974.11327792984,ten_i
