id,mu,phi,beta,tau,S0,V0,modelname
Gao41,0.022707339151505922,7.026884280044923e-10,87.20505992472366,0.0021209097827143615,559953.3492537179,139695.01662620905,two_i
