id,mu,phi,beta,tau,S0,V0,modelname
Gao41,0.02601366049537103,7.906654655087306e-10,65.52625535829453,0.005531374524098714,543005.6326410967,222780.44455779236,six_i
