id,mu,phi,beta,lam,tau,modelname
Gao41,0.02262151362624504,1.3966507285341264e-09,60.79414509853142,0.02951786542245114,0.07398301376194769,four_i
