id,mu,phi,beta,lam,tau,modelname
Gao41,0.025821114585582505,8.522400385141334e-10,42.39505758917952,0.0404298095271817,1.2611537630858658,four_i
