id,mu,phi,beta,tau,S0,V0,modelname
Gao41,0.02373557167782234,1.5033408132897302e-09,99.80587821058744,4.164936367040606,532836.3485273449,129647.68216864744,two_i
