id,mu,phi,beta,lam,tau,S0,V0,modelname
Gao41,0.14392921664284508,4.2330478331928925e-07,10.740966286548813,0.06012003015850742,0.060138408721130944,233447.22050667967,847502.7557932917,two_i
