id,mu,phi,beta,tau,S0,V0,modelname
Gao41,0.03225407993225265,1.6646172106778936e-08,71.19204412056847,2.9545503719161386,667723.8399848588,237021.20437239265,ten_i
