id,mu,phi,beta,tau,S0,V0,modelname
Gao41,0.03127375973499848,1.0852118760015528e-08,99.17910472695813,3.073698161433579,456090.84533657803,127635.59467523506,eight_i
