id,mu,phi,beta,tau,S0,V0,modelname
Gao41,0.021901471713710447,7.045241941700403e-10,95.54432236155223,0.02670646862329464,538012.2087918535,132573.3432470641,four_i
