id,mu,phi,beta,lam,tau,modelname
Gao41,0.027761577251601346,8.487233505396305e-10,36.2944540281176,0.0025248878223789314,14.956438024778393,three_i
