id,mu,phi,beta,modelname
Gao41,0.02790894045681022,8.512291833751742e-10,35.994625155417346,zero_i
