id,mu,phi,beta,tau,S0,V0,modelname
Gao41,0.02577512194901795,1.1216997665279536e-09,91.4879892291178,5.06370569657013,500078.3433885362,135049.29864736,one_i
