id,mu,phi,beta,lam,tau,modelname
Gao41,0.024531992050423664,9.094838553858973e-10,45.432231772945876,0.022126720032258178,0.5705768339640788,five_i
