id,mu,phi,beta,tau,S0,V0,modelname
Gao41,0.02011484092218959,8.283089825516906e-10,97.9347020311551,1.2549234640702078,639670.907612636,241959.86422917616,three_i
