id,mu,phi,beta,lam,tau,modelname
Gao41,0.024546875320426403,9.169314705712935e-10,45.581629059406374,0.023252903028011532,0.5277512188626949,four_i
