id,mu,phi,beta,tau,S0,V0,modelname
Gao41,0.03560557087376616,2.7533422642218238e-08,59.535630880442426,3.186791392117793,650620.8681201431,256424.8869367152,ten_i
