id,mu,phi,beta,tau,S0,V0,modelname
Gao41,0.02199088974479512,7.089662987903404e-10,89.4946487186811,0.05753827719429435,576858.8447694043,144628.54268948405,four_i
