id,mu,phi,beta,tau,S0,V0,modelname
Gao41,0.025535360604558265,1.1766301257814404e-09,91.53131805564603,5.134603221020086,478645.7696737821,135021.48907918876,one_i
