id,mu,phi,beta,lam,tau,S0,V0,modelname
Gao41,0.02384438542624346,8.056005150309031e-10,75.79042058988004,0.13622781338404147,1.91674761572888,559718.2605259671,171247.74219210923,three_i
