id,mu,phi,beta,tau,S0,V0,modelname
Gao41,0.030177013775699438,7.711394700826408e-09,99.53680540046031,3.145134997265021,475744.7637607659,124505.3975252267,seven_i
