id,mu,phi,beta,lam,modelname
Gao41,0.027485931812572653,8.562059295622074e-10,36.710077498653504,7.309395224753102,one_i
