id,mu,phi,beta,tau,S0,V0,modelname
Gao41,0.02627812240180279,7.950089722498711e-10,62.39132972063628,0.01056989743214557,558151.0126284694,215278.29649878762,one_i
