id,mu,phi,beta,tau,S0,V0,modelname
Gao41,0.023234469786148335,7.2488036296582394e-09,128.0896505471795,2.828765191207033,587789.611219831,205222.5005382218,nine_i
