id,mu,phi,beta,modelname
Gao41,0.027764019971252083,8.400292840529526e-10,36.61986944460091,zero_i
