id,mu,phi,beta,lam,tau,modelname
Gao41,0.02772391650255986,8.603371101336871e-10,36.111379676834524,0.000544056992313182,8.071468620215796,five_i
