id,mu,phi,beta,tau,S0,V0,modelname
Gao41,0.02499969869016262,4.3245439678102856e-09,116.59808115930997,3.0929236037097554,520578.5291352517,120423.96169759032,six_i
