id,mu,phi,beta,tau,S0,V0,modelname
Gao41,0.025272598076955678,7.382003620667818e-10,66.46748095064387,0.24013949381410313,618003.0539519546,222460.33539356408,one_i
