id,mu,phi,beta,lam,tau,H0,V0,modelname
Gao41,0.01823243781657125,1.0323983317076921e-09,82.58300949107539,0.09365813993977493,0.21981314729521234,996915.3474091606,116186.58125721558,five_i
