id,mu,phi,beta,tau,S0,V0,modelname
Gao41,0.023388422168640722,8.151827990970398e-10,72.5087392201434,0.39014791204199084,578654.5556418396,223306.26387427785,two_i
