id,mu,phi,beta,lam,tau,modelname
Gao41,0.02514470842659633,9.048014121677341e-10,44.632375538125636,0.01781589542253926,0.5281285733320913,two_i
