id,mu,phi,beta,lam,tau,modelname
Gao41,0.027575777351471806,8.083689358039239e-10,38.384420865073615,0.00020075924600380303,16.597043320071627,four_i
