id,mu,phi,beta,tau,S0,V0,modelname
Gao41,0.022607931258126327,4.127298578051499e-09,101.02142689938157,2.7734024745145316,658954.455767206,188433.51242957756,seven_i
