id,mu,phi,beta,lam,tau,modelname
Gao41,0.0275507670414567,8.359523224944581e-10,37.567686520632535,0.004007468348878346,7.2274871829930305,three_i
