id,mu,phi,beta,tau,S0,V0,modelname
Gao41,0.02289396219490894,6.793824954523785e-10,90.99578559528592,0.00425638806072496,549305.6400730291,145044.85793359007,eight_i
