id,mu,phi,beta,lam,tau,S0,V0,modelname
Gao41,0.022510427217104518,7.081213411705007e-10,89.50724931385939,0.00640050137250029,8.540690561354445,549980.6056076884,135515.5779944328,two_i
