id,mu,phi,beta,tau,S0,V0,modelname
Gao41,0.02568110282438583,2.103247011807306e-09,109.78215248909305,3.8302458667988426,462863.22318825184,124218.12311752107,three_i
