id,mu,phi,beta,lam,tau,S0,V0,modelname
Gao41,0.014917094022130015,1.2748594414544841e-08,38.689018748468555,0.969651636062891,0.0617138058597052,3289040.1432531844,79097.83690136057,three_i
