id,mu,phi,beta,lam,tau,modelname
Gao41,0.025191733366885294,8.681645401745402e-10,44.62875881688832,0.026546959028947572,0.7407630451861428,five_i
