id,mu,phi,beta,tau,S0,V0,modelname
Gao41,0.027426289062296712,8.471562756438235e-06,18.602763192115464,8.058827528590944,50251.32138109758,2033276.2653639608,eight_i
