id,mu,phi,beta,tau,S0,V0,modelname
Gao41,0.025924513343495305,3.6572663714134696e-09,111.22670285964617,3.3116041860548067,477632.2647217052,124521.55993693181,five_i
