id,mu,phi,beta,tau,S0,V0,modelname
Gao41,0.025468218734695597,1.6448395165146571e-09,96.55099971264087,4.384515924692611,497300.1537100266,131679.2612394044,two_i
