id,mu,phi,beta,tau,S0,V0,modelname
Gao41,0.03101376764370842,1.041290723492504e-08,103.47160851377058,3.0922226245762356,473805.54220213235,125782.22717453673,eight_i
