id,mu,phi,beta,tau,S0,V0,modelname
Gao41,0.028779118530053802,7.61181861332763e-09,98.66109795799808,3.1308122070061413,489159.5772816301,123591.34176151374,seven_i
