id,mu,phi,beta,modelname
Gao41,0.02769787796290637,8.13800796005505e-10,37.87877250597753,zero_i
