id,mu,phi,beta,tau,S0,V0,modelname
Gao41,0.030487575317775472,5.984507220866053e-09,57.07234946694658,3.339806825465121,673103.5398853724,247509.0568055457,six_i
