id,mu,phi,beta,tau,S0,V0,modelname
Gao41,0.024879804629326534,7.700851378055276e-10,73.54898052102169,0.004385651361896595,519486.2767314011,220532.10283462942,three_i
