id,mu,phi,beta,lam,modelname
Gao41,0.0244318906470343,9.807636861590056e-10,46.638174701246925,0.3424601020089657,one_i
