id,mu,phi,beta,lam,modelname
Gao41,0.027073308511848315,8.303046239406833e-10,38.703467659164595,6.706828703653567,one_i
