id,mu,phi,beta,lam,tau,modelname
Gao41,0.0259135031873755,8.641237724973851e-10,42.700062494450954,0.030814289816693735,0.8666915620196606,two_i
