id,mu,phi,beta,H0,V0,modelname
Gao41,0.02699449133006864,9.47957833452666e-10,48.04777290572236,584675.5863482563,232460.8516639723,zero_i
