id,mu,phi,beta,tau,S0,V0,modelname
Gao41,0.030916241651387726,1.607042123042366e-08,98.27759784495746,2.8545965423868314,535503.1430133182,141580.0764413923,ten_i
