id,mu,phi,beta,tau,S0,V0,modelname
Gao41,0.022088942263167738,6.720102879421565e-10,96.00857275149254,0.0018422191581936363,550552.2341191896,135176.84730715014,nine_i
