id,mu,phi,beta,tau,S0,V0,modelname
Gao41,0.026335846134982736,2.808086181630965e-09,101.19229307614371,3.4837083622780973,494624.2042276112,123446.1657359793,four_i
