id,mu,phi,beta,lam,tau,modelname
Gao41,0.027708818986203067,8.256867043541124e-10,37.58032546098832,0.000705739573910438,19.06555519770354,five_i
