id,mu,phi,beta,tau,S0,V0,modelname
Gao41,0.025801056820263922,2.834406144949759e-09,105.10252747731501,3.518197019699562,497192.9104897659,119975.76753578954,four_i
