id,mu,phi,beta,tau,S0,V0,modelname
Gao41,0.0199849306972963,1.0892699809456031e-09,81.42914180567067,3.2527228436110325,758189.19159205,247484.13214587333,two_i
