id,mu,phi,beta,lam,H0,V0,modelname
Gao41,0.035220900698539136,3.2041268632974966e-09,21.268325286534814,0.1479370585825415,1327948.2754703895,113634.93056983726,one_i
