id,mu,phi,beta,H0,V0,modelname
Gao41,0.022693962620845283,6.713897767046966e-10,92.8087720066933,552217.008299239,140192.09516468373,zero_i
