id,mu,phi,beta,lam,tau,H0,V0,modelname
Gao41,0.017175514180850008,7.431804629509973e-10,84.62411407672165,0.3426756544531168,1.1424472305864501,111961.06450905066,99916.1205612725,two_i
