id,mu,phi,beta,tau,S0,V0,modelname
Gao41,0.030593626113157798,2.102911764084499e-08,65.04208008733616,2.9988466315944287,688120.3556336793,198598.8000854619,ten_i
