id,mu,phi,beta,lam,tau,S0,V0,modelname
Gao41,0.018692402017232008,7.300993125599153e-10,121.80877955756152,0.11182036302863278,0.46759320499250323,594047.1123650884,132619.41213517985,four_i
