id,mu,phi,beta,tau,S0,V0,modelname
Gao41,0.02183925599309849,6.772204017865053e-10,93.89796112392028,0.03534809743307669,573475.3452370941,142845.44457180478,seven_i
