id,mu,phi,beta,H0,V0,modelname
Gao41,0.022988956235346726,7.152481007561204e-10,84.62118722777002,561540.8504708811,143636.41403433098,zero_i
