id,mu,phi,beta,lam,tau,modelname
Gao41,0.027589015387260014,8.54266903213213e-10,36.59532437563948,0.0009115230763109014,9.756971383640042,two_i
