id,mu,phi,beta,tau,S0,V0,modelname
Gao41,0.0297075338357233,9.858019775913688e-09,107.54176955098535,3.082475454528566,481629.34867941873,127000.80075136988,eight_i
