id,mu,phi,beta,H0,V0,modelname
Gao41,0.02472117645550327,7.702618280058214e-10,75.80913977771131,509634.8360966994,184258.90778082339,zero_i
