id,mu,phi,beta,tau,S0,V0,modelname
Gao41,0.03241527131217321,1.6998944129364746e-08,95.0822823832025,3.095298065285404,496606.1592657453,125935.66137219148,nine_i
