id,mu,phi,beta,tau,S0,V0,modelname
Gao41,0.0285373391897593,6.680778519667528e-09,101.21510731944548,3.069598028972819,498737.11392234295,132571.94605641236,seven_i
