id,mu,phi,beta,tau,S0,V0,modelname
Gao41,0.02700049663058629,9.631305888257142e-09,87.48829444745839,2.9335417517803135,659743.1690739543,245862.78956415455,nine_i
