id,mu,phi,beta,modelname
Gao41,0.02772354698218815,8.387438223542436e-10,36.72181627118985,zero_i
