id,mu,phi,beta,tau,S0,V0,modelname
Gao41,0.030496042974788154,1.1426375336044092e-08,80.27592397329241,2.8876927161100614,548719.2197411237,215169.08701634943,nine_i
