id,mu,phi,beta,tau,S0,V0,modelname
Gao41,0.02499861693703718,7.211329751997132e-10,76.85796997583306,0.023279460530397332,532170.8426375649,223537.43254576522,five_i
