id,mu,phi,beta,tau,S0,V0,modelname
Gao41,0.03027616771157632,1.2268006909504714e-08,60.42949676040602,2.933190281643113,732128.4398371762,238865.09006524313,nine_i
