id,mu,phi,beta,lam,tau,modelname
Gao41,0.027693173198136772,8.431995515814919e-10,36.72911671664628,0.0008734404277777616,13.890557679075412,two_i
