id,mu,phi,beta,tau,S0,V0,modelname
Gao41,0.025960124405935654,1.1896930467667272e-09,96.35892323917895,5.3601911022761035,458819.684971387,132528.69664970387,one_i
