id,mu,phi,beta,tau,S0,V0,modelname
Gao41,0.021627033409268324,6.906085775936237e-10,92.35382255015979,0.01447818040886629,581285.5360636506,125597.02457268328,five_i
