id,mu,phi,beta,tau,S0,V0,modelname
Gao41,0.025012229476531363,1.5608687208447453e-09,107.55145685026459,4.335639741557527,471242.5617041962,124395.6572591943,two_i
