id,mu,phi,beta,tau,S0,V0,modelname
Gao41,0.02593180877236669,2.9410030399556966e-09,105.28593378408775,3.5585455054552946,479756.2893298605,117820.27681981564,four_i
