id,mu,phi,beta,tau,S0,V0,modelname
Gao41,0.023431266941802226,4.722461732126757e-08,32.421590238408406,6.105513457234307,1711461.2321663848,929390.1407169137,six_i
