id,mu,phi,beta,tau,S0,V0,modelname
Gao41,0.03769726438490537,2.4391584356545785e-08,86.66392840040115,2.9930437786367436,458480.04853048094,137628.85126946788,ten_i
