id,mu,phi,beta,tau,S0,V0,modelname
Gao41,0.022727716544320327,7.099284105209119e-10,86.56806709982035,0.03094242031877469,564231.8004907992,137679.01064807808,three_i
