id,mu,phi,beta,tau,S0,V0,modelname
Gao41,0.026339440039185622,7.3208515389677645e-09,79.67572412748451,3.2490532403932106,633396.701831795,192084.99806477805,seven_i
