id,mu,phi,beta,H0,V0,modelname
Gao41,0.022745864749159607,6.926729331074329e-10,90.2439465661546,548366.696797077,139384.7418364535,zero_i
