id,mu,phi,beta,lam,modelname
Gao41,0.025860980523159396,9.399475128499231e-10,40.4923175698924,0.6416297732580402,one_i
