id,mu,phi,beta,tau,S0,V0,modelname
Gao41,0.025169884339648813,6.822391507401089e-10,72.54740755822216,0.005051843072005595,599138.3781825657,207535.27435415657,one_i
