id,mu,phi,beta,tau,S0,V0,modelname
Gao41,0.02753116682859186,8.756216248452288e-09,94.46404799881005,3.1784398524854534,580052.5432346067,223456.62258065798,eight_i
