id,mu,phi,beta,tau,S0,V0,modelname
Gao41,0.029097729951784085,6.173119522014921e-09,93.5693172496325,3.334369838014942,510282.58963620313,120384.14985275386,six_i
