id,mu,phi,beta,H0,V0,modelname
Gao41,0.021862932314469986,6.690053138576815e-10,95.61071624550013,566041.7085752598,132388.95661086563,zero_i
