id,mu,phi,beta,tau,S0,V0,modelname
Gao41,0.021887319458742616,6.605258668098654e-10,99.61319526732534,0.26256993367943493,559950.396377404,140838.26999329144,one_i
