id,mu,phi,beta,tau,S0,V0,modelname
Gao41,0.023758935935377052,8.402645468862534e-10,65.17374608799774,0.2411840436125749,629801.7054320382,217580.646403609,three_i
