id,mu,phi,beta,lam,tau,modelname
Gao41,0.027867577614536787,8.531044799144293e-10,35.97627330472037,0.00021938783862907653,19.680949816462597,four_i
