id,mu,phi,beta,lam,S0,V0,modelname
Gao41,0.02144064303419598,6.368641644725724e-10,107.20453519164298,4.827320772114982,551927.5840562669,128210.20179426142,one_i
