id,mu,phi,beta,tau,S0,V0,modelname
Gao41,0.02454053478043575,8.392956142460357e-10,57.71719145381089,0.05067205052878641,646318.252674599,220113.58192523866,four_i
