id,mu,phi,beta,tau,S0,V0,modelname
Gao41,0.026844598386692137,5.226794603184678e-09,88.75454279974915,2.9582972039066036,563750.9709849807,236081.17107892013,seven_i
