id,mu,phi,beta,tau,S0,V0,modelname
Gao41,0.03486569868171008,1.75279977730233e-08,88.97865881905335,3.058784973476949,457341.4277849733,127009.17096991157,nine_i
