id,mu,phi,beta,tau,S0,V0,modelname
Gao41,0.03332856476245866,1.6332923505061877e-08,91.06414021601164,3.0631715863476687,474141.94152358297,138472.89639339093,nine_i
