id,mu,phi,beta,lam,tau,S0,V0,modelname
Gao41,0.023263639636626914,6.947976237782848e-10,88.53552975805029,0.0026713999306693715,17.38150570955812,543955.5844827787,143994.0992807841,four_i
