id,mu,phi,beta,tau,S0,V0,modelname
Gao41,0.024771945208227005,7.461042529758734e-10,70.64932370632653,0.006779038312805177,579030.278679582,205199.75045240743,three_i
