id,mu,phi,beta,tau,S0,V0,modelname
Gao41,0.036701508284274015,2.343092589191149e-08,82.39484536321113,2.95244038398846,486287.69030020555,136980.2873519572,ten_i
