id,mu,phi,beta,lam,modelname
Gao41,0.027691588885226444,8.365657456719584e-10,36.86531931295803,15.832878530284052,one_i
