id,mu,phi,beta,lam,tau,modelname
Gao41,0.024677036760908086,9.58341374913545e-10,44.17086986619559,0.05895467751022524,0.4780892770771423,three_i
