id,mu,phi,beta,tau,S0,V0,modelname
Gao41,0.029182518667761365,7.217187261719754e-09,106.85957436564793,3.13481190302198,484186.40901709767,127649.55822240708,seven_i
