id,mu,phi,beta,H0,V0,modelname
Gao41,0.02264540665160301,7.064382851692368e-10,87.0913195599788,562623.9825652005,136421.84296652136,zero_i
