id,mu,phi,beta,lam,S0,V0,modelname
Gao41,0.031243581342274823,1.6808595483956941e-09,63.471807594000744,0.1688774937757785,438055.3522660382,134774.7805251947,one_i
