id,mu,phi,beta,tau,S0,V0,modelname
Gao41,0.023354584338482122,7.679565340323407e-10,71.65376466560755,0.08542900086998471,620622.5322524685,233203.30369899928,five_i
