id,mu,phi,beta,tau,S0,V0,modelname
Gao41,0.029263583680232717,1.1779572212897702e-08,104.47060317068535,2.92038209275999,514811.4752461201,135066.9098284581,nine_i
