id,mu,phi,beta,tau,S0,V0,modelname
Gao41,0.024837010895896072,7.049362858569116e-10,73.18439416816115,0.005258298436495728,570765.9091090014,207447.42301128633,four_i
