id,mu,phi,beta,H0,V0,modelname
Gao41,0.02262739008023712,7.187855951909823e-10,87.45305554393626,548646.770562596,139522.5646232383,zero_i
