id,mu,phi,beta,tau,S0,V0,modelname
Gao41,0.02233819146283425,7.101261362723146e-10,93.60282267984395,0.08203920195645148,537670.5256518798,131624.88807810398,three_i
