id,mu,phi,beta,tau,S0,V0,modelname
Gao41,0.025687986451722218,8.093123081096244e-10,60.470511281171184,0.030332246758676806,586714.3307337958,203823.85313019226,two_i
