id,mu,phi,beta,tau,S0,V0,modelname
Gao41,0.030942609373952348,8.836009389383491e-09,74.99863083872918,2.997518538369431,595172.1531404058,219220.2745549258,eight_i
