id,mu,phi,beta,tau,S0,V0,modelname
Gao41,0.024552681127107106,7.32279548064162e-10,69.24542493366354,0.012634247695216745,609470.9896776417,203656.32430743251,two_i
