id,mu,phi,beta,modelname
Gao41,0.02773094199038675,8.392197545169567e-10,36.66843939058196,zero_i
