id,mu,phi,beta,tau,S0,V0,modelname
Gao41,0.02333375144877699,8.232245155297941e-10,69.6352442206205,1.5865934745200672,649056.3924326233,243006.76302507627,one_i
