id,mu,phi,beta,tau,S0,V0,modelname
Gao41,0.0245670506476841,1.7639830289586909e-09,18.68119849085894,0.6041441717411374,7648087.866517467,241046.9821531942,one_i
