id,mu,phi,beta,lam,tau,modelname
Gao41,0.024153382120928494,8.996683376234389e-10,48.29687140364691,0.047128788895469995,0.4689325178050366,three_i
