id,mu,phi,beta,tau,S0,V0,modelname
Gao41,0.02275870565147342,6.94597900303955e-10,87.07077791676751,0.005625945884415269,567726.12602913,140362.67569847114,three_i
