id,mu,phi,beta,tau,S0,V0,modelname
Gao41,0.02236995332386166,6.967622921906765e-10,89.53748398563606,0.01511957970583617,568718.7004105198,145711.26540092824,five_i
