id,mu,phi,beta,lam,tau,S0,V0,modelname
Gao41,0.020179757818480165,8.185764951547106e-10,117.58072737900302,0.1628288144103043,0.3761163170824615,541352.7622644097,149486.83398399613,five_i
