id,mu,phi,beta,tau,S0,V0,modelname
Gao41,0.047576493364966284,3.962224798639948e-08,32.2284075067869,3.7245477067769412,686321.8888918628,269721.3267791449,eight_i
