id,mu,phi,beta,H0,V0,modelname
Gao41,0.025878453388066703,7.268983776331263e-10,74.65263608134681,503908.30784977856,224478.3305297778,zero_i
