id,mu,phi,beta,H0,V0,modelname
Gao41,0.025085798840496668,6.87138259499981e-10,76.48614467044538,557287.3766636454,231249.88144909524,zero_i
