id,mu,phi,beta,tau,S0,V0,modelname
Gao41,0.02288236757110366,6.747523335098318e-10,94.45265640027246,0.01982827835912174,536938.4634705391,154685.88166165634,ten_i
