id,mu,phi,beta,tau,S0,V0,modelname
Gao41,0.027103379630407123,4.344623309733606e-09,77.91175418786418,3.0742833047414475,575123.9733126365,235473.25446752805,six_i
