id,mu,phi,beta,tau,S0,V0,modelname
Gao41,0.02499875686841733,7.43191777478313e-10,70.72556294841844,0.002804277946603326,565607.7239174519,220199.28070518366,six_i
