id,mu,phi,beta,tau,S0,V0,modelname
Gao41,0.026032769400474907,4.75893859693412e-09,109.69583408161543,3.139753328932768,500546.1942822386,123274.11975022459,six_i
