id,mu,phi,beta,tau,S0,V0,modelname
Gao41,0.022740925810968274,6.705202260693083e-10,96.5691909880916,0.023870969209533018,533198.8022730647,142146.69309211965,five_i
