id,mu,phi,beta,tau,S0,V0,modelname
Gao41,0.03095445458761069,1.5217250722902803e-08,93.58172137330101,2.9265983848416925,590290.51634829,216377.32920891303,ten_i
