id,mu,phi,beta,tau,S0,V0,modelname
Gao41,0.02348423296408742,7.040992956670895e-10,81.80172083304889,0.012951812051822964,551163.029853057,187609.63169471323,five_i
