id,mu,phi,beta,tau,S0,V0,modelname
Gao41,0.02474429701920373,9.485250733613599e-10,57.617484170497725,0.1387257674639431,583336.551851226,253902.31089891572,seven_i
