id,mu,phi,beta,lam,tau,S0,V0,modelname
Gao41,0.022709057173068748,7.041646327783663e-10,88.47742303202875,0.001237564620336776,25.570477584303173,557294.6663194139,143445.8268322391,five_i
