id,mu,phi,beta,tau,S0,V0,modelname
Gao41,0.03481825881586518,1.3097086722826004e-08,61.47263646722663,3.2041125766026894,576033.0870707809,213104.04580152838,eight_i
