id,mu,phi,beta,tau,S0,V0,modelname
Gao41,0.027927416975709857,5.458048414682325e-09,101.38896881441651,3.2072810865374763,479866.39643534465,118687.43080792454,six_i
