id,mu,phi,beta,tau,S0,V0,modelname
Gao41,0.022000793037711134,7.050825212305241e-10,91.40236859712867,0.13530370299570998,568297.9980640379,136768.5662615378,two_i
