id,mu,phi,beta,tau,S0,V0,modelname
Gao41,0.02288669997941196,6.899423670140098e-10,91.2651616121897,0.05277132262660288,542800.5533550538,143774.0809045802,three_i
