id,mu,phi,beta,tau,S0,V0,modelname
Gao41,0.025463636689117036,8.491640424487011e-10,60.32070800255423,0.003205218458831767,569378.3875914817,216309.45745530855,four_i
