id,mu,phi,beta,tau,S0,V0,modelname
Gao41,0.023054304001250286,7.456711283297319e-10,81.91093579386023,0.19621919709848049,588794.9726677187,228336.78677171282,five_i
