id,mu,phi,beta,lam,tau,modelname
Gao41,0.027632437147898745,8.3796049668139e-10,37.20079247632188,0.0033094150142870143,9.912821051317271,two_i
