id,mu,phi,beta,tau,S0,V0,modelname
Gao41,0.02258806460342529,7.305709202372683e-10,86.17451161661816,0.0288337933413942,553268.4796790603,146775.0518255181,five_i
