id,mu,phi,beta,tau,S0,V0,modelname
Gao41,0.022883280434695143,2.503923864022513e-09,77.27719278653161,3.364598144686945,654556.18672547,250385.46620852136,four_i
