id,mu,phi,beta,H0,V0,modelname
Gao41,0.025943655906684012,8.383107997831983e-10,61.41100819549371,543597.7774145169,214806.19245828714,zero_i
