id,mu,phi,beta,H0,V0,modelname
Johannessen68,0.459637511555666,3.414622045462437e-09,12.453263005080098,212819.14264036057,119581192.2328901,zero_i
