id,mu,phi,beta,tau,S0,V0,modelname
Johannessen70,0.02651194121448714,3.180039528172862e-08,59.84540442334807,11.908879735097448,248767.3268045753,9258643.904415267,three_i
