id,mu,phi,beta,tau,S0,V0,modelname
Johannessen68,0.31999180962573903,2.466485205290657e-09,22.048937417489217,0.17842156749419605,229077.05442728876,113513693.14794587,one_i
