id,mu,phi,beta,H0,V0,modelname
Johannessen68,0.5096512683778085,3.785085746374855e-09,10.438050774235142,210637.66533653042,120711729.89506373,zero_i
