id,mu,phi,beta,tau,S0,V0,modelname
Johannessen69,0.10367741407074678,2.9937513945004504e-09,278.69408447332825,0.9753085912483576,252592.43383322822,16577091.113486784,four_i
