id,mu,phi,beta,lam,S0,V0,modelname
Johannessen70,0.014348708472770106,6.915040945801232e-09,43.51151376561917,0.04721091480636092,252997.7369057448,8830810.122786527,one_i
