id,mu,phi,beta,modelname
Johannessen69,0.1879246529378465,2.855291912239023e-09,69.08763634265567,zero_i
