id,mu,phi,beta,tau,S0,V0,modelname
Johannessen69,0.08881424553081753,3.73173023219802e-09,343.5469708402683,0.702107428295311,275802.6855154642,19012413.97638774,nine_i
