id,mu,phi,beta,tau,S0,V0,modelname
Johannessen70,0.045745784675960056,5.623022705248476e-09,15.619499764955938,0.5966490616441712,248832.8380020283,9067491.970289566,four_i
