id,mu,phi,beta,H0,V0,modelname
Johannessen70,0.050646822937972215,5.678731534978481e-09,16.262692247841702,258195.83065516246,8206511.304094656,zero_i
