id,mu,phi,beta,tau,S0,V0,modelname
Johannessen70,0.011389095011275198,4.071981767844869e-09,40.97876420539031,2.622705874860337,256166.00249500913,9818308.281810185,five_i
