id,mu,phi,beta,tau,S0,V0,modelname
Johannessen70,0.026226967912160438,4.6500118700451455e-09,22.56523867104823,0.9124628935824403,249502.69826479777,9192861.015268056,seven_i
