id,mu,phi,beta,H0,V0,modelname
Johannessen69,0.26979062763183137,4.740460261338362e-09,40.492794443187414,181542.10656940236,19736054.928982116,zero_i
