id,mu,phi,beta,H0,V0,modelname
Johannessen68,0.20964594908612763,1.7086574669663634e-09,37.70814541617016,251974.3078269864,106401999.41646525,zero_i
