id,mu,phi,beta,lam,tau,modelname
Johannessen68,0.19320494314502684,1.6504705090699588e-09,53.36473316035155,0.003652474536533818,0.5486258609297546,five_i
