id,mu,phi,beta,tau,S0,V0,modelname
Johannessen70,0.003120697321708978,2.9789863638322564e-09,45.06132543790932,5.2523984946401185,268251.42586599,9325599.150671367,two_i
