id,mu,phi,beta,tau,S0,V0,modelname
Johannessen68,0.3005608029542011,2.3692251834172826e-09,25.590879436552818,0.11317861006317465,214302.81487435283,111286285.54705818,four_i
