id,mu,phi,beta,tau,S0,V0,modelname
Johannessen68,0.31095115126048334,2.385364191240839e-09,27.0504359409576,0.16753962926767121,194204.67124750136,112213512.88345714,three_i
