id,mu,phi,beta,tau,S0,V0,modelname
Johannessen70,0.010114379320078422,4.0664927166551225e-09,49.329686349255425,1.7641551832230091,235802.2652771139,10003681.774448592,nine_i
