id,mu,phi,beta,tau,S0,V0,modelname
Johannessen68,0.10594426319428599,3.79040483323383e-09,81.09151685436139,3.547296875719349,225619.6918153222,135167706.00429666,eight_i
