id,mu,phi,beta,tau,S0,V0,modelname
Johannessen70,0.009070706811574005,4.509907069343449e-09,47.21697609623122,2.8636626225840187,241536.3266083494,10040775.02223904,six_i
