id,mu,phi,beta,tau,S0,V0,modelname
Johannessen70,0.004772263725932055,4.694858981948258e-08,66.03483687488894,9.719279948561887,254493.25983885943,9826264.279764954,four_i
