id,mu,phi,beta,tau,S0,V0,modelname
Johannessen70,0.011270054540303281,3.9714832205720304e-09,42.986312091227546,2.521435797527002,246501.70337041194,9352731.137246748,five_i
