id,mu,phi,beta,tau,S0,V0,modelname
Johannessen69,0.12661294771951861,2.839941979017712e-09,216.02224604651263,1.2436654633059305,229284.50137546333,14761610.967649626,two_i
