id,mu,phi,beta,tau,S0,V0,modelname
Johannessen68,0.06637568901297763,3.1434708451095825e-09,60.14592182539314,3.966115304295347,236225.05955107333,139628104.18711388,seven_i
