id,mu,phi,beta,tau,S0,V0,modelname
Johannessen69,0.10411532902012947,3.158068277191189e-09,212.0630097644135,0.459246117901255,290467.42784935003,20388860.25796896,nine_i
