id,mu,phi,beta,tau,S0,V0,modelname
Johannessen68,0.44882995018015187,3.302956159191425e-09,13.764687509935895,0.04761885514201256,200539.51069552157,120893485.23286946,three_i
