id,mu,phi,beta,tau,S0,V0,modelname
Johannessen69,0.010275451346496822,3.349448366448697e-09,435.9417031247454,0.7603147572888825,463522.81939567067,18250485.296049416,ten_i
