id,mu,phi,beta,tau,S0,V0,modelname
Johannessen69,0.08140585247802894,3.918926023070443e-09,364.8365326965563,0.6956091233320258,294101.40288433613,19840778.524892718,ten_i
