id,mu,phi,beta,tau,S0,V0,modelname
Johannessen70,0.0030447475337423827,3.538244209949954e-09,61.150485634250124,1.8060634288350392,247240.30584347923,9822917.071289325,nine_i
