id,mu,phi,beta,tau,S0,V0,modelname
Johannessen70,0.008408020010399602,3.879454719851642e-09,50.10855898175585,1.9334078542094386,238599.9789345109,9997138.574752774,eight_i
