id,mu,phi,beta,tau,S0,V0,modelname
Johannessen70,0.004150703968727834,3.997627053600957e-09,55.89058098924024,2.846986603618631,248096.31279034473,9950117.844224704,six_i
