id,mu,phi,beta,tau,S0,V0,modelname
Johannessen68,0.09092601914121111,1.8606363734470133e-09,85.01926146333169,2.998680933991941,198004.6640382364,135965811.9694762,eight_i
