id,mu,phi,beta,tau,S0,V0,modelname
Johannessen68,0.4561739711933027,3.3882356589724787e-09,12.859825357989987,0.008061202072598157,206975.36481625133,119351367.93940404,five_i
