id,mu,phi,beta,tau,S0,V0,modelname
Johannessen68,0.11208620448449241,3.5623264309741243e-09,4.352417871185235,2.891722473254116,214133.60879695712,146320965.72036916,ten_i
