id,mu,phi,beta,tau,S0,V0,modelname
Johannessen68,0.23328036331001645,6.487788201872284e-10,22.255614944683266,0.03596176512977385,695746.6103500768,30723470.92957792,six_i
