id,mu,phi,beta,tau,S0,V0,modelname
Johannessen70,0.005207030557138564,4.28273913099377e-09,55.53314245551741,2.616876758812924,245194.02805116164,9735866.501969827,seven_i
