id,mu,phi,beta,H0,V0,modelname
Johannessen68,0.403839414375606,3.0734100727301073e-09,12.657358633048933,260372.38845012235,119084395.8585138,zero_i
