id,mu,phi,beta,lam,modelname
Johannessen68,0.14238542197459292,1.4855967641723145e-09,82.95740475130954,0.1802518553853038,one_i
