id,mu,phi,beta,tau,S0,V0,modelname
Johannessen69,0.07708276636059708,3.2025795401166423e-09,344.0051992051301,0.6953029270996702,300486.1664712063,17725740.06166459,eight_i
