id,mu,phi,beta,tau,S0,V0,modelname
Johannessen69,0.13426386193681503,2.9253402749856474e-09,200.16515742743954,1.235748139324364,222806.417307887,15520696.377176698,two_i
