id,mu,phi,beta,tau,S0,V0,modelname
Johannessen68,0.12799345044499957,1.6835075076607568e-09,7.785573141020591,7.52231487124599,208027.71569832193,141963004.25395116,two_i
