id,mu,phi,beta,tau,S0,V0,modelname
Johannessen70,0.07410512481313963,7.68851676097459e-09,11.576109771959032,0.1970328340159105,223182.1741295535,9143699.67520526,nine_i
