id,mu,phi,beta,lam,tau,S0,V0,modelname
Johannessen68,0.3541175599709745,2.6736024122989208e-09,21.4758561960064,0.000292223441939398,1.969150467843421,197010.12541140747,117614077.45146406,four_i
