id,mu,phi,beta,lam,tau,modelname
Johannessen68,0.32214721670815194,2.5541335183619856e-09,22.340076341210295,0.006521038013112666,12.172750237513927,five_i
