id,mu,phi,beta,tau,S0,V0,modelname
Johannessen69,0.09838502364248353,3.3835628249631527e-09,329.05556828580774,0.9313197323345871,277122.53229377035,19410120.911437526,six_i
