id,mu,phi,beta,tau,S0,V0,modelname
Johannessen68,0.04679498622611668,1.5668091261787425e-09,15.345492184545124,3.4768765281513883,236588.54990584234,143385544.992463,seven_i
