id,mu,phi,beta,tau,S0,V0,modelname
Johannessen70,0.005818264055336273,4.230232647068912e-09,59.2916732638745,4.316290188211514,250430.36599974037,9687706.558683446,four_i
