id,mu,phi,beta,H0,V0,modelname
Johannessen68,0.4993194999878372,3.641242160171125e-09,11.676611892845726,197107.4061381938,121023326.45891966,zero_i
