id,mu,phi,beta,tau,S0,V0,modelname
Johannessen68,0.2188682559986242,1.82227923923308e-09,47.44331990132103,0.6670582977504328,189358.9769729538,111327457.08984299,three_i
