id,mu,phi,beta,tau,S0,V0,modelname
Johannessen70,0.054736861722897594,6.0567079969854855e-09,15.177292972960654,0.24173884332075354,251439.50170616718,8187912.816347774,one_i
