id,mu,phi,beta,tau,S0,V0,modelname
Johannessen70,0.036655662906683435,5.069788079209813e-09,13.629050474911681,0.27276451883851216,270281.0251965257,9161480.775651874,five_i
