id,mu,phi,beta,tau,S0,V0,modelname
Johannessen69,0.08917605684901002,3.537130465436577e-09,321.84883392731865,0.6598032999168987,287114.32632587483,19258336.186389767,nine_i
