id,mu,phi,beta,tau,S0,V0,modelname
Johannessen70,0.009088786554024663,3.6402015995265582e-09,35.41621823936476,3.773596868806019,253367.55247875804,9565005.936618714,three_i
