id,mu,phi,beta,tau,S0,V0,modelname
Johannessen69,0.08957609534096925,3.467522993579136e-09,35.57235295315492,0.3595798692701023,173535.42153323258,17723767.899014644,four_i
