id,mu,phi,beta,lam,tau,H0,V0,modelname
Johannessen70,0.015749713029078315,4.012178784680223e-09,36.13739233374731,4.398460963038131,4.30669241710896,298953.729069895,9007299.314585404,three_i
