id,mu,phi,beta,tau,S0,V0,modelname
Johannessen69,0.08535970771044428,3.613829863379074e-09,341.4953158866,0.7547942666849715,282771.12639281584,18343104.857676793,eight_i
