id,mu,phi,beta,lam,tau,modelname
Johannessen70,0.018508331114849504,6.499515707687867e-09,22.471292661723254,0.1937812986810903,0.04826955497659454,four_i
