id,mu,phi,beta,lam,tau,modelname
Johannessen69,0.01073478489852757,1.8804224399113466e-09,47.09895399694133,0.022798267512511544,0.061743570043855646,two_i
