id,mu,phi,beta,tau,S0,V0,modelname
Johannessen69,0.08441066118116745,3.749463018925528e-09,361.73909150278325,0.6660772799333953,280942.7973693362,19929495.020351395,ten_i
