id,mu,phi,beta,tau,S0,V0,modelname
Johannessen69,0.08901063061988417,3.899146315442538e-09,326.1910927222609,0.7160343682656104,286348.33833397354,19248790.59989963,nine_i
