id,mu,phi,beta,tau,S0,V0,modelname
Johannessen68,0.4571868496720343,3.419965699175491e-09,12.635974605500216,0.006517766251127339,213629.64020167716,118996753.31399237,eight_i
