id,mu,phi,beta,tau,S0,V0,modelname
Johannessen70,0.06561957984620233,1.9907839145133562e-07,78.85402493067618,5.864723346159214,237714.5349489684,10052368.363068882,seven_i
