id,mu,phi,beta,tau,S0,V0,modelname
Johannessen68,0.3637600109835322,2.796607207636566e-09,20.170359471166687,0.06888626964790948,195878.29097109856,112753449.44840111,five_i
