id,mu,phi,beta,modelname
Johannessen70,0.05942426996367457,5.664334510735313e-09,9.326207781152311,zero_i
