id,mu,phi,beta,tau,S0,V0,modelname
Johannessen68,0.05820441030995832,1.2560230105136946e-09,28.923730027083376,2.37987238147169,399059.25717848144,17498632.760133114,seven_i
