id,mu,phi,beta,lam,modelname
Johannessen69,0.1460457068944398,2.771884855899745e-09,118.8230155504057,0.6065099557822387,one_i
