id,mu,phi,beta,tau,S0,V0,modelname
Johannessen69,0.10805295129927453,2.8841719594915486e-09,266.03613284973625,1.1467986476558583,250196.72914438788,15423088.260526698,three_i
