id,mu,phi,beta,lam,S0,V0,modelname
Johannessen70,0.06858953349520973,1.730499913221119e-08,24.233986920292306,0.03797076451315127,223873.10878429015,9417126.030781785,one_i
