id,mu,phi,beta,modelname
Johannessen69,0.19116290632492766,2.909781882472964e-09,66.30728144294895,zero_i
