id,mu,phi,beta,tau,S0,V0,modelname
Johannessen69,0.09012098721189205,3.510685391382806e-09,313.58161769789166,0.803043652789533,279052.82960180193,18432396.116717763,seven_i
