id,mu,phi,beta,lam,tau,modelname
Johannessen69,0.15186329561638348,3.0191670892675904e-09,109.07545310118435,0.036032386239951954,0.594379982394417,five_i
