id,mu,phi,beta,tau,S0,V0,modelname
Johannessen70,0.10925654387629284,2.972901280574004e-07,63.54553917246087,10.014109558308006,248784.9154306182,9875316.36937727,four_i
