id,mu,phi,beta,tau,S0,V0,modelname
Johannessen69,0.07384682034050731,3.5676498187639525e-09,363.0757478054437,0.7106939617075939,303543.8053681137,18382957.119992703,nine_i
