id,mu,phi,beta,tau,S0,V0,modelname
Johannessen69,0.09553298596383239,3.272256735942701e-09,298.5196443661169,0.8227248624616501,269773.9386747924,17943093.682519294,six_i
