id,mu,phi,beta,tau,S0,V0,modelname
Johannessen69,0.09636819506926658,3.226386551157006e-09,295.38049958236644,0.7976840361370802,265538.1412379243,17293561.381015103,six_i
