id,mu,phi,beta,tau,S0,V0,modelname
Johannessen68,0.04167335325084235,1.1913023914747316e-09,26.792235831469284,2.2273219977353778,223221.7979213202,139487212.8442682,ten_i
