id,mu,phi,beta,H0,V0,modelname
Johannessen70,0.020753619047330918,9.006314741355183e-09,15.566262131789646,82372.90685320411,16189481.622940015,zero_i
