id,mu,phi,beta,tau,S0,V0,modelname
Johannessen69,0.10244090054604639,3.1978088025456584e-09,268.8075470675047,1.042035037388544,263995.01638242684,16183709.442220062,four_i
