id,mu,phi,beta,tau,S0,V0,modelname
Johannessen70,0.0021715354952481186,4.2809589080225466e-09,55.77243862235108,2.979253579347663,258314.69483007616,9170119.026899979,six_i
