id,mu,phi,beta,tau,S0,V0,modelname
Johannessen69,0.08774900717498209,3.967060813912187e-09,320.9203128212823,0.731736611322854,294583.67746156553,19551939.578461777,nine_i
