id,mu,phi,beta,tau,S0,V0,modelname
Johannessen69,0.11581893093358608,2.8083456088320456e-09,242.65802090337695,1.0465080093886534,242657.1893721656,16669946.054186795,three_i
