id,mu,phi,beta,tau,S0,V0,modelname
Johannessen70,0.004036260100306659,4.188790061923182e-09,51.75965377002978,3.5616147277293067,248903.33784663148,9775443.922230758,five_i
