id,mu,phi,beta,tau,S0,V0,modelname
Johannessen69,0.07864778140021118,3.5940562684905e-09,357.6074927548419,0.641032124380435,294078.0879143362,18962795.566292208,ten_i
