id,mu,phi,beta,lam,tau,S0,V0,modelname
Johannessen69,0.10530548099913578,3.351129358040476e-09,279.52686937217345,0.9020776526885953,0.9855650852382406,256711.50056589226,16967542.003558405,five_i
