id,mu,phi,beta,tau,S0,V0,modelname
Johannessen69,0.09978425771544963,3.148961568652036e-09,298.93648409725614,0.918215435991453,256652.21309596888,17584045.602954097,five_i
