id,mu,phi,beta,tau,S0,V0,modelname
Johannessen70,0.02569025317527275,4.495324349650549e-09,27.67020617744262,6.235484622527176,247283.59966446718,8848513.549354753,one_i
