id,mu,phi,beta,tau,S0,V0,modelname
Johannessen70,0.00171425078636605,3.228647445804882e-09,42.080494155245,1.3897783700090887,258522.62729808717,9758143.979339413,ten_i
