id,mu,phi,beta,tau,S0,V0,modelname
Johannessen69,0.12148885206041458,2.7610525125479656e-09,221.23200497661986,1.231261791617899,236798.15577031416,14474517.93434595,two_i
