id,mu,phi,beta,H0,V0,modelname
Johannessen70,0.05856592859400459,6.249885642185265e-09,12.508216764984592,256471.45428245288,8829756.739665432,zero_i
