id,mu,phi,beta,H0,V0,modelname
Johannessen70,0.04652493815018738,5.39572068125508e-09,16.138187996808565,258881.7452850247,8347245.63262392,zero_i
