id,mu,phi,beta,tau,S0,V0,modelname
Johannessen68,0.3553953605110837,2.6577669955862568e-09,18.881648179086127,0.11169348932472173,219851.47505363834,117638240.39085634,one_i
