id,mu,phi,beta,tau,S0,V0,modelname
Johannessen70,0.09962942851586895,3.4393504746265964e-13,62.19392268923747,12.328769991202046,350815.8123383967,2266173.620029373,one_i
