id,mu,phi,beta,tau,S0,V0,modelname
Johannessen68,0.05497781722686394,1.420258904755115e-09,16.041589544228607,2.9697225339030924,215605.91195971347,144809472.75518686,eight_i
