id,mu,phi,beta,tau,S0,V0,modelname
Johannessen68,0.06626369101653971,1.662383179059737e-09,40.56356384638024,3.055777978950852,211297.47849584123,140719995.22821862,eight_i
