id,mu,phi,beta,H0,V0,modelname
Johannessen68,0.4201257153856343,3.130746278656495e-09,14.828595541989232,208524.3287206028,116922319.49868593,zero_i
