id,mu,phi,beta,tau,S0,V0,modelname
Johannessen69,0.051380043261287235,2.931341706730121e-09,391.61887153133773,0.7610119644265917,339063.5484045803,14703995.347161861,seven_i
