id,mu,phi,beta,tau,S0,V0,modelname
Johannessen70,0.02816712141896213,1.9780691289111623e-08,52.42655446085091,16.71913609300293,240732.41637249588,9355342.998030385,two_i
