id,mu,phi,beta,lam,tau,modelname
Johannessen70,0.023052968888742482,6.727390544682467e-09,19.713906013766703,0.08597851233131452,0.05079109473562582,three_i
