id,mu,phi,beta,lam,tau,H0,V0,modelname
Johannessen70,0.009616331295204575,4.005600624095531e-09,0.864824065675723,3.887967620049384,0.23655311902337592,398639.5185971095,12122145.723300762,four_i
