id,mu,phi,beta,H0,V0,modelname
Johannessen70,0.1361228347238496,6.52487654485603e-09,31.671823861572918,461511.21713927406,3430501.5372741153,zero_i
