id,mu,phi,beta,lam,tau,modelname
Johannessen69,0.11437559586605846,3.1375301851290517e-09,181.57480660827107,1.302225180326348,0.7702081954846909,three_i
