id,mu,phi,beta,lam,tau,modelname
Johannessen70,0.020490737359438457,5.5390795484221006e-09,20.5173145215843,0.024311721001428453,0.05950168915024112,three_i
