id,mu,phi,beta,tau,S0,V0,modelname
Johannessen68,0.49537723421575214,3.6859117583162215e-09,11.208840696458653,0.045777262883057834,205887.00095941522,120272299.23770812,one_i
