id,mu,phi,beta,tau,S0,V0,modelname
Johannessen69,0.12040486737984284,3.0414333483625006e-09,194.73881661797645,1.0229403807453705,265918.350887167,17857806.1688381,three_i
