id,mu,phi,beta,lam,tau,S0,V0,modelname
Johannessen69,0.03420646382466219,1.979569021302571e-06,79.52993830842205,0.028778993745459638,0.0328100391546494,637819.3991072113,99899745.73456664,two_i
