id,mu,phi,beta,tau,S0,V0,modelname
Johannessen70,0.10708289037492039,3.2463075601267045e-07,76.26825577329517,8.175499029835256,238570.77400698073,9857996.994543925,five_i
