id,mu,phi,beta,lam,modelname
Johannessen70,0.025075029789618515,7.435110459614596e-09,20.24310803366034,0.04738868480981771,one_i
