id,mu,phi,beta,tau,S0,V0,modelname
Johannessen69,0.11996566017019418,2.9772331765563857e-09,250.5838872667345,1.1197732142476051,228605.61359143018,16578918.04547474,three_i
