id,mu,phi,beta,tau,S0,V0,modelname
Johannessen68,0.5154254823086385,3.821691705160023e-09,10.660596416282504,0.005755641865057328,203539.1942633187,120192314.80574484,four_i
