id,mu,phi,beta,tau,S0,V0,modelname
Johannessen68,0.08441855653499619,1.1765082114603867e-09,62.28192740550331,3.575626546915136,35558.52381053283,28895260.429496802,seven_i
