id,mu,phi,beta,lam,tau,modelname
Johannessen68,0.12786400534007222,1.498446912235805e-09,106.40264194210009,0.01639166558157915,0.12711389805042372,four_i
