id,mu,phi,beta,tau,S0,V0,modelname
Johannessen68,0.09631786748685144,1.485230409292544e-09,111.47185180673041,5.36476380246509,200310.48699420498,125220268.11197968,three_i
