id,mu,phi,beta,tau,S0,V0,modelname
Johannessen68,0.17954384160709388,8.042036226804467e-09,4.799237454640263,3.3928080966677556,223678.650632882,142181960.78530177,nine_i
