id,mu,phi,beta,tau,S0,V0,modelname
Johannessen68,0.057388393037023186,3.3099075960673504e-09,42.63197113905411,3.1931502538065226,240051.57672389926,138572275.05779573,nine_i
