id,mu,phi,beta,lam,tau,modelname
Johannessen68,0.32119345913664615,2.534950808490522e-09,22.59003250553325,0.0007196347159592343,9.528863867869205,four_i
