id,mu,phi,beta,lam,tau,modelname
Johannessen69,0.12925885230554404,2.473501821245456e-09,152.16885997626238,0.033572639497428385,0.5617997819890357,four_i
