id,mu,phi,beta,tau,S0,V0,modelname
Johannessen70,0.010316349707258624,3.3846518923423073e-09,40.306818169612455,2.2256437229395796,247325.43049145135,9301125.190832423,four_i
