id,mu,phi,beta,H0,V0,modelname
Johannessen70,0.06432800536592545,6.779240596625453e-09,12.946965720236419,254297.38120599248,8332964.745962087,zero_i
