id,mu,phi,beta,lam,tau,modelname
Johannessen68,0.1297275962771422,1.38113718370001e-09,98.48373638675753,0.00839447403451994,0.1689271105998248,three_i
