id,mu,phi,beta,lam,modelname
Johannessen69,0.15103122480028547,2.949520366181576e-09,113.56227600154952,0.554832208660372,one_i
