id,mu,phi,beta,tau,S0,V0,modelname
Johannessen69,0.08499999180491417,3.214809029119179e-09,322.96521045123234,0.7437111672012848,283195.7235737616,17474793.670423917,seven_i
