id,mu,phi,beta,lam,tau,modelname
Johannessen68,0.17441034179109577,1.563987242141955e-09,59.694870865420164,0.0049504663530365225,0.40211978859962083,three_i
