id,mu,phi,beta,lam,tau,S0,V0,modelname
Johannessen70,0.02517127425300634,1.0351483659020514e-08,42.04097465526196,0.747972470747838,0.040118445995184576,241265.50146706044,8915294.134294726,two_i
