id,mu,phi,beta,H0,V0,modelname
Johannessen70,0.04464943286157832,5.323749330215814e-09,16.499757298744687,264395.4010071857,8177004.500770276,zero_i
