id,mu,phi,beta,lam,tau,S0,V0,modelname
Johannessen70,0.01946020859458147,4.984040511923019e-09,34.23761307343117,0.11423419923021182,0.08120044552439504,248456.65698310483,9228357.155336656,five_i
