id,mu,phi,beta,lam,modelname
Johannessen68,0.30074015185115,2.406743225178352e-09,24.495491878466456,3.837677407432901,one_i
