id,mu,phi,beta,tau,S0,V0,modelname
Johannessen69,0.023397941130056978,2.401269374720148e-08,346.9888042347183,1.8801999385206145,489255.47686297656,18796909.63278737,seven_i
