id,mu,phi,beta,tau,S0,V0,modelname
Johannessen69,0.08458262086026722,8.595018296483519e-09,305.7680491491321,5.5810675099804925,120099.63386358826,14289987.557488648,three_i
