id,mu,phi,beta,lam,tau,S0,V0,modelname
Johannessen70,0.048053575891127784,2.955008335431941e-09,44.11570550287441,2.192359968560288,0.021344468572640364,591860.8693583558,15190344.480342634,two_i
