id,mu,phi,beta,tau,S0,V0,modelname
Johannessen69,0.0621831904451738,9.861925789938354e-09,6.700864196909087,0.4557982267880229,409459.6689034022,10862436.915662074,eight_i
