id,mu,phi,beta,lam,tau,S0,V0,modelname
Johannessen68,0.12869729596905174,1.1926000832554828e-09,43.42086436390314,0.23466595818087327,6.099067433278722,296692.09082345176,113031467.66696513,three_i
