id,mu,phi,beta,tau,S0,V0,modelname
Johannessen70,0.01873530660984685,4.619315799217433e-09,39.35520433978422,2.334752665627044,219425.83693782717,9857275.024643986,six_i
