id,mu,phi,beta,H0,V0,modelname
Johannessen70,0.04614837243935804,5.25111144544483e-09,16.967693685256776,257695.66777514902,8351949.460572467,zero_i
