id,mu,phi,beta,tau,S0,V0,modelname
Johannessen70,0.023386653099664267,4.761250428477163e-09,29.40454447794429,1.5596291160280926,240662.6272567585,9121173.588971324,six_i
