id,mu,phi,beta,lam,tau,modelname
Johannessen69,0.14677795475627317,2.878730563321101e-09,118.14850957844864,0.027565846084724163,0.5719466830304495,three_i
