id,mu,phi,beta,tau,S0,V0,modelname
Johannessen68,0.46966284421062426,3.4776704357535053e-09,12.436594636920859,0.032777328954600164,206063.0922372824,121042387.12394363,four_i
