id,mu,phi,beta,lam,tau,modelname
Johannessen70,0.02751947487696995,7.853615646960954e-09,18.052339903044636,0.5022654159958407,0.053427606453510024,five_i
