id,mu,phi,beta,lam,tau,S0,V0,modelname
Johannessen68,0.2730636689686146,2.1216971918576098e-09,35.45377347042978,0.04852975100366903,1.2103602260516202,194867.27855916807,112308641.08800866,five_i
