id,mu,phi,beta,tau,S0,V0,modelname
Johannessen69,0.08330486414840285,3.777547622198902e-09,313.47499210293927,0.7925547989073812,317308.102436513,19219382.20738974,eight_i
