id,mu,phi,beta,lam,tau,modelname
Johannessen68,0.31541301053071963,2.4826114776572077e-09,23.107443411104093,0.00030828694975135103,13.193339859184173,four_i
