id,mu,phi,beta,tau,S0,V0,modelname
Johannessen69,0.14523904007833885,2.740948674343121e-09,172.98094228414746,1.5064106584976031,213487.38981759796,14374678.422784965,one_i
