id,mu,phi,beta,tau,S0,V0,modelname
Johannessen70,0.46752526885817325,1.1342548446237434e-06,27.606176060913278,12.07601599330778,440614.97657095036,26909276.2082721,ten_i
