id,mu,phi,beta,tau,S0,V0,modelname
Johannessen68,0.1074201263107679,4.769279164328096e-09,81.82677650900978,2.9485596968176373,227251.09808448126,136366919.13631356,ten_i
