id,mu,phi,beta,tau,S0,V0,modelname
Johannessen68,0.13954907873878175,1.5247087880159026e-09,72.64706368301758,8.490040111924149,209112.10610816398,121430761.07653968,one_i
