id,mu,phi,beta,lam,modelname
Johannessen69,0.1506546900709612,2.9021367970055887e-09,113.81992537537639,0.5755620878223896,one_i
