id,mu,phi,beta,tau,S0,V0,modelname
Johannessen69,0.14159094195849733,2.6239752240612166e-09,186.20382652265675,1.4665578438384672,209685.23199836398,14709751.258996617,one_i
