id,mu,phi,beta,tau,S0,V0,modelname
Johannessen70,0.019863633862359266,1.648434040759174e-08,39.9361942795719,15.765948584029875,255821.61882095077,9965058.151400335,two_i
