id,mu,phi,beta,lam,tau,modelname
Johannessen68,0.3056710063335547,2.4245028535127736e-09,24.272614732324477,0.001103790291099493,6.633110805460153,three_i
