id,mu,phi,beta,tau,S0,V0,modelname
Johannessen69,0.08665209330071448,3.0494840750775e-09,320.0607314485088,0.787021829361113,275200.7110160202,16523395.330840856,six_i
