id,mu,phi,beta,tau,S0,V0,modelname
Johannessen69,0.08493554507675206,3.5216710945320738e-09,333.2102345421323,0.6574717825568669,280239.86529738695,18520640.975546163,nine_i
