id,mu,phi,beta,tau,S0,V0,modelname
Johannessen70,0.002565078245596887,2.6118593393644325e-09,52.2688654253527,2.6688537646429813,274029.4533179579,8985835.756294295,three_i
