id,mu,phi,beta,tau,S0,V0,modelname
Johannessen68,0.04939243014561907,1.1497879125384612e-09,10.460283961706626,2.194642672347201,214378.06447533556,144644768.1833512,ten_i
