id,mu,phi,beta,tau,S0,V0,modelname
Johannessen68,0.18111297927117034,1.890638153368784e-09,10.84694102735135,10.168534094261785,211005.63603588493,141371226.67403302,one_i
