id,mu,phi,beta,lam,tau,modelname
Johannessen70,0.01838491238955392,5.851180848760216e-09,21.441798594131676,0.030355546932744622,0.05352326176468241,two_i
