id,mu,phi,beta,tau,S0,V0,modelname
Johannessen69,0.14704267607046248,2.732648084870458e-09,160.86431999169267,1.4148070800750876,219394.2385865862,15206586.854172194,one_i
