id,mu,phi,beta,H0,V0,modelname
Johannessen69,0.16907322071409336,2.571117731673982e-09,118.23143698067388,198210.83989354223,14212941.007107172,zero_i
