id,mu,phi,beta,tau,S0,V0,modelname
Johannessen68,0.12832596149501513,2.4340200750262488e-09,20.63285881089289,0.9882888474790379,2223630.920582419,374281318.3986891,four_i
