id,mu,phi,beta,lam,tau,S0,V0,modelname
Johannessen68,0.05667384740046089,1.0886699190614986e-09,51.07472221500605,3.9368226033633724,1.414608339736672,231360.13934175973,136621599.3202799,five_i
