id,mu,phi,beta,tau,S0,V0,modelname
Johannessen70,0.14555013697954042,2.6263148410647683e-08,13.14702058164728,2.8655897984448946,318507.0841287927,6309361.940466877,eight_i
