id,mu,phi,beta,modelname
Johannessen68,0.3250567828919797,2.5509596011573203e-09,22.00441528452213,zero_i
