id,mu,phi,beta,H0,V0,modelname
Johannessen69,0.2969016244491869,2.5927337597520206e-09,26.639345467814813,39045.71363962449,40905675.09265823,zero_i
