id,mu,phi,beta,tau,S0,V0,modelname
Johannessen69,0.11140760488829478,1.2403777252527077e-08,11.892489967224188,6.005965858167504,2103914.7000291506,9222233.6309503,ten_i
