id,mu,phi,beta,tau,S0,V0,modelname
Johannessen69,0.09137505322088264,3.646481878434352e-09,339.706230745317,0.7591224063706128,273734.0461547897,18870623.757097,eight_i
