id,mu,phi,beta,lam,tau,modelname
Johannessen70,0.02022529023099583,5.719472867635164e-09,23.173023078948045,0.02914888135092021,0.05615620431606181,five_i
