id,mu,phi,beta,tau,S0,V0,modelname
Johannessen68,0.4514572105985577,3.3797989293295613e-09,13.197058431818885,0.02012244194744361,206089.756291888,118844615.70379537,five_i
