id,mu,phi,beta,H0,V0,modelname
Johannessen68,0.5881594676745697,4.309118056618196e-09,8.221218920004096,213258.814061087,124219286.59086642,zero_i
