id,mu,phi,beta,tau,S0,V0,modelname
Johannessen68,0.3915767978063971,2.8899878772433866e-09,17.635019821020567,0.036092983593941974,205065.03223755542,120260972.08535351,nine_i
