id,mu,phi,beta,tau,S0,V0,modelname
Johannessen68,0.35683491110343596,2.7143496344879628e-09,19.242405765555237,0.07241681388103553,209471.56385484073,118062611.7128974,six_i
