id,mu,phi,beta,H0,V0,modelname
Johannessen70,0.05140834728782089,5.725643692065802e-09,14.929690607430306,255461.17085882038,8476059.662272723,zero_i
