id,mu,phi,beta,tau,S0,V0,modelname
Johannessen70,0.0171761723688921,3.289122100700458e-09,36.49304378767417,1.0172319677813897,257813.68989641184,8228103.751807738,three_i
