id,mu,phi,beta,tau,S0,V0,modelname
Johannessen68,0.07307165336316987,1.3612129613627942e-09,82.80719905812866,3.934169113075622,210023.30106244455,136252115.1126394,five_i
