id,mu,phi,beta,lam,tau,modelname
Johannessen70,0.009242128741482504,1.7356285089931877e-09,45.726602233491604,0.020692162892355894,0.05926622546211443,two_i
