id,mu,phi,beta,tau,S0,V0,modelname
Johannessen70,0.027631124136017194,7.834321258122402e-09,30.544651283875673,18.985527431045647,245189.4548165517,9299806.536236262,one_i
