id,mu,phi,beta,tau,S0,V0,modelname
Johannessen70,0.0023333792625460587,3.55619582832466e-09,58.02466257593722,5.280205677616151,257737.42550949124,9588447.322049621,three_i
