id,mu,phi,beta,lam,tau,modelname
Johannessen70,0.01736841101734138,5.3939968642569e-09,22.528727743898592,0.6774182519088036,0.06351418773691984,four_i
