id,mu,phi,beta,tau,S0,V0,modelname
Johannessen68,0.0905797469523938,1.6976437409828403e-09,8.779929732672745,4.388410010722422,202516.8600771729,143495735.29916602,five_i
