id,mu,phi,beta,lam,S0,V0,modelname
Johannessen68,0.3506231594800619,2.7410001556584303e-09,20.13401843463878,1.9620061816907068,208677.07227976486,114087168.0738558,one_i
