id,mu,phi,beta,lam,tau,modelname
Johannessen68,0.15444258894624163,1.4607728650952465e-09,73.39093547778558,0.010253449546132297,0.2751800759519641,four_i
