id,mu,phi,beta,lam,tau,modelname
Johannessen70,0.03192201411435381,9.424250980757029e-09,17.536914131961506,1.3988482178221524,0.04593631386438179,two_i
