id,mu,phi,beta,tau,S0,V0,modelname
Johannessen70,0.5169312120357886,4.597458898166937e-07,9.70161450102234,4.647205666052669,188966.82785172667,50625224.05932494,six_i
