id,mu,phi,beta,tau,S0,V0,modelname
Johannessen69,0.11106660012649419,2.931124021809938e-09,239.7131871890195,1.087421912019649,255899.29278165277,15462407.645835359,three_i
