id,mu,phi,beta,tau,S0,V0,modelname
Johannessen69,0.10372925626834524,4.107115155154885e-09,306.5869228758442,0.7961273999971957,262476.6406482693,20035486.595890142,eight_i
