id,mu,phi,beta,tau,S0,V0,modelname
Johannessen68,0.3130342967362662,2.396302866890684e-09,26.80318717108123,0.09732137792142413,193815.66389142512,115695162.39724521,eight_i
