id,mu,phi,beta,tau,S0,V0,modelname
Johannessen68,0.46410722552383077,3.462116684747001e-09,12.323087238568355,0.011577158080104044,211461.46792491098,120137144.099889,nine_i
