id,mu,phi,beta,lam,tau,S0,V0,modelname
Johannessen68,0.16878473687946338,8.797693099771103e-09,10.931119799805293,0.10164901551903523,0.040259817641202116,54545.67539685199,105277190.04707946,four_i
