id,mu,phi,beta,lam,S0,V0,modelname
Johannessen68,0.1005235075843297,1.5470328095929686e-07,151.21818548111352,0.042381310322555335,393493.4206360699,113434444.77334021,one_i
