id,mu,phi,beta,H0,V0,modelname
Johannessen70,0.04075925778426855,4.9287720275164046e-09,17.71835455223992,261604.3196158765,8366862.442998462,zero_i
