id,mu,phi,beta,tau,S0,V0,modelname
Johannessen68,0.06798932438794585,1.3755976711084607e-09,108.12461213349565,3.927339126498873,216003.41783581823,131488973.7133672,five_i
