id,mu,phi,beta,tau,S0,V0,modelname
Johannessen69,0.07923356316812183,2.746208787127434e-09,363.4402255835588,0.976899375451887,301623.468642754,18196921.27417979,five_i
