id,mu,phi,beta,H0,V0,modelname
Johannessen68,0.49892048156973384,3.6788618737883533e-09,11.186271566542933,202904.42444844567,120882653.09439918,zero_i
