id,mu,phi,beta,tau,S0,V0,modelname
Johannessen69,0.11781330539358893,2.858195379979023e-09,235.83475528498872,1.4373479803412184,242471.6211078988,15067494.173692942,two_i
