id,mu,phi,beta,H0,V0,modelname
Johannessen70,0.04971113606373217,5.549296140916744e-09,15.623618927278951,258838.4217133524,8448174.481149033,zero_i
