id,mu,phi,beta,tau,S0,V0,modelname
Johannessen70,0.003980778019123926,3.4040718590101277e-09,51.3337476822075,2.6568807834167147,262514.81161275384,9537249.721115472,five_i
