id,mu,phi,beta,lam,tau,modelname
Johannessen70,0.01841399616922953,6.166793686468808e-09,22.767949139949597,0.06559983356865001,0.049209874203555354,two_i
