id,mu,phi,beta,tau,S0,V0,modelname
Johannessen70,0.1524442226146849,9.389262309265496e-07,53.0617392725903,4.21820098263471,234039.24856986967,11583294.651548667,ten_i
