id,mu,phi,beta,tau,S0,V0,modelname
Johannessen68,0.452199996626395,3.366672029930537e-09,12.661744820077056,0.001270650412733159,212888.17843218046,119347932.99475977,two_i
