id,mu,phi,beta,tau,S0,V0,modelname
Johannessen70,0.013862346650055856,3.862604783929555e-09,41.886533458259926,1.7923145358349508,237444.4458462199,9326910.380710723,six_i
