id,mu,phi,beta,tau,S0,V0,modelname
Johannessen69,0.09746612756235776,3.3178687216165453e-09,302.1072916669396,0.8539386576689133,268999.04612479656,18340693.62777123,six_i
