id,mu,phi,beta,tau,S0,V0,modelname
Johannessen69,0.07626001904059249,3.1327019490549527e-09,345.21582813857725,0.8853854900529443,305184.5360562258,17087753.23702566,six_i
