id,mu,phi,beta,tau,S0,V0,modelname
Johannessen69,0.0914936506339953,3.6501682519747302e-09,330.68929266831884,0.8406479334888304,274313.6671357154,18206175.654519048,seven_i
