id,mu,phi,beta,tau,S0,V0,modelname
Johannessen69,0.12368523277851823,2.774292138365846e-09,202.69691511321867,1.291940647576258,262209.5111777857,16932560.811881706,two_i
