id,mu,phi,beta,lam,tau,S0,V0,modelname
Johannessen69,0.12614113019066592,2.8399200562703263e-09,218.61047887636303,1.3417858174917636,0.7869098307660916,231706.2192863311,15722050.249702903,two_i
