id,mu,phi,beta,tau,S0,V0,modelname
Johannessen69,0.09575979922882036,3.413305743714195e-09,303.0527947640112,0.7026339740191698,280860.03832364455,19189635.816134155,eight_i
