id,mu,phi,beta,tau,S0,V0,modelname
Johannessen68,0.5174818466660637,3.814348023774715e-09,10.394943651884681,0.004983505069320314,206798.4614442286,121828371.66199133,seven_i
