id,mu,phi,beta,lam,S0,V0,modelname
Johannessen69,0.30777438325697537,1.7055484846529467e-08,22.36088537735221,0.18156121082311827,130783.49145063235,9629739.761276674,one_i
