id,mu,phi,beta,tau,S0,V0,modelname
Johannessen70,0.04024518833513895,4.9626871516548045e-09,17.973407530146467,0.018428147766492885,261983.54724692306,8286189.585257825,two_i
