id,mu,phi,beta,lam,modelname
Johannessen70,0.02433470964763912,7.92299633284096e-09,21.08545971086419,0.04313681227547424,one_i
