id,mu,phi,beta,tau,S0,V0,modelname
Johannessen68,0.49869228772980345,3.709353262097455e-09,10.677215313409105,0.0019125283420300518,212400.23696156536,120552261.86125608,six_i
