id,mu,phi,beta,lam,tau,modelname
Johannessen68,0.32072087234723395,2.5309445603624155e-09,22.792737153839795,0.0014417584362961754,8.3966586718493,three_i
