id,mu,phi,beta,tau,S0,V0,modelname
Johannessen68,0.40118504903515273,3.039279135133878e-09,17.45820280857652,0.04169107761300851,190725.23551437852,117104209.60625292,ten_i
