id,mu,phi,beta,tau,S0,V0,modelname
Johannessen70,0.009665601370113044,3.898495022539157e-09,48.88924518971279,1.9428736501683146,243368.1619476642,9634712.089924457,seven_i
