id,mu,phi,beta,H0,V0,modelname
Johannessen69,0.1646394062091616,2.403914399256413e-09,133.4960023636787,189866.16992159322,14069510.70548743,zero_i
