id,mu,phi,beta,modelname
Johannessen70,0.19309668309660485,1.6320198251486306e-08,2.825991984444685,zero_i
