id,mu,phi,beta,H0,V0,modelname
Johannessen68,0.27795623543826303,2.189427400998539e-09,26.684359695471308,228387.40894370296,109813135.7311053,zero_i
