id,mu,phi,beta,tau,S0,V0,modelname
Johannessen68,0.4985011097876605,3.70831071992016e-09,10.787094949979842,0.004076938726755633,208822.12951604748,120481170.86333673,three_i
