id,mu,phi,beta,tau,S0,V0,modelname
Johannessen70,0.04449770628485126,5.068427625879477e-09,18.43756200670688,0.010267080088136933,253951.63642752782,8218542.165163766,one_i
