id,mu,phi,beta,tau,S0,V0,modelname
Johannessen70,0.0030431610831737547,3.6183091876477374e-09,64.07960106391069,1.8927626166770133,245616.26841953408,10047860.027981305,nine_i
