id,mu,phi,beta,tau,S0,V0,modelname
Johannessen70,0.007509005203436341,3.4570525671123607e-09,54.80400038158724,1.3586155793631314,243956.39904868937,9510764.56261878,ten_i
