id,mu,phi,beta,tau,S0,V0,modelname
Johannessen70,0.018650011386322767,3.785724788408963e-09,33.31999074027006,0.9313416242542268,253224.2585794819,9328732.886848716,eight_i
