id,mu,phi,beta,tau,S0,V0,modelname
Johannessen70,0.03567650766408078,4.848135545314708e-09,22.821447714926997,3.814303183483398,239739.83430501726,8826171.497767504,one_i
