id,mu,phi,beta,tau,S0,V0,modelname
Johannessen68,0.5383939436474022,3.9587084815771655e-09,9.896356537887732,0.006490999436657352,205256.0527503918,122327952.60313815,six_i
