id,mu,phi,beta,tau,S0,V0,modelname
Johannessen69,0.11407991944671846,3.0770456783089848e-09,243.38116344897108,1.1587861126644103,247735.64716636436,16045568.575086195,three_i
