id,mu,phi,beta,tau,S0,V0,modelname
Johannessen68,0.15119509379269533,2.3094012178530804e-09,9.497056332628782,0.8090080716165218,98624.20707302906,135736673.83964422,one_i
