id,mu,phi,beta,H0,V0,modelname
Johannessen69,0.16169954256158534,2.4800960549934624e-09,124.8999282686305,214765.22757774117,14969336.950589513,zero_i
