id,mu,phi,beta,lam,modelname
Johannessen68,0.18140554126348354,1.5556908527221007e-09,58.923143753940955,0.509715242721066,one_i
