id,mu,phi,beta,lam,tau,modelname
Johannessen69,0.09372240608092612,3.400133851678789e-09,244.22916166413395,1.088161649412185,0.9223841579092542,five_i
