id,mu,phi,beta,tau,S0,V0,modelname
Johannessen69,0.08380685545136528,3.6937234592559503e-09,352.70365138830545,0.717446372697034,289302.485475217,19413589.22732949,nine_i
