id,mu,phi,beta,lam,modelname
Johannessen70,0.021638082660586994,5.9267888841267536e-09,21.10809086392792,0.05658128507406989,one_i
