id,mu,phi,beta,tau,S0,V0,modelname
Johannessen69,0.3320797715548063,7.47782872720449e-09,24.11667173876065,1.7442903663577276,310651.10146648,26045170.55076851,one_i
