id,mu,phi,beta,lam,tau,H0,V0,modelname
Johannessen69,0.1007945702861378,1.961628957265654e-09,174.88072025642126,0.0007849240681575141,3.789436007143536,126755.60575022556,10741087.223529465,five_i
