id,mu,phi,beta,tau,S0,V0,modelname
Johannessen68,0.10127893286347485,1.8200185560270946e-09,104.20483402675333,3.490379761905395,196515.76523827377,129265239.71190155,six_i
