id,mu,phi,beta,tau,S0,V0,modelname
Johannessen69,0.08053334276290727,3.843138799806045e-09,359.31628599424704,0.6755644877674778,292839.133217931,18789241.219031587,ten_i
