id,mu,phi,beta,tau,S0,V0,modelname
Johannessen69,0.10670824769921472,3.579165820258333e-09,262.02610784541235,0.9768763903737825,268506.09736386733,18164331.55386101,five_i
