id,mu,phi,beta,tau,S0,V0,modelname
Johannessen68,0.18520319894856216,1.8513600111372014e-09,11.512351422831353,9.514955774871403,195966.21374771593,141055858.19030598,one_i
