id,mu,phi,beta,tau,S0,V0,modelname
Johannessen69,0.08580920429810229,3.353885262036113e-09,308.8568412801147,0.7658609585320117,287062.2201122498,18222249.361904066,seven_i
