id,mu,phi,beta,tau,S0,V0,modelname
Johannessen70,0.020572446478879056,1.1821551880302735e-08,54.66070009747636,14.084750669786603,236845.61279164936,9077105.13505506,two_i
