id,mu,phi,beta,tau,S0,V0,modelname
Johannessen70,0.058078358611071766,1.1687169157632238e-07,65.98930403144527,9.975299315838996,241071.73231315604,9911808.013414586,four_i
