id,mu,phi,beta,tau,S0,V0,modelname
Johannessen70,0.004267039129186396,3.791996051019651e-09,49.5048496133493,2.019035156918161,254451.52006987945,10027223.095989686,eight_i
