id,mu,phi,beta,tau,S0,V0,modelname
Johannessen68,0.06899481638273687,1.4225202997909475e-07,27.99667507508687,106.82506196555558,784414.8125461129,59727095.710034266,four_i
