id,mu,phi,beta,H0,V0,modelname
Johannessen68,0.48806467724797065,3.722629693154589e-09,11.105227935706967,211413.90692446905,116710741.25672501,zero_i
