id,mu,phi,beta,tau,S0,V0,modelname
Johannessen70,0.004811724189904043,3.833406484176996e-09,48.14509884161051,2.3890039869449935,236191.1478932693,9897470.209639195,seven_i
