id,mu,phi,beta,H0,V0,modelname
Johannessen69,0.16410011797665905,2.435381210726819e-09,131.60397757585994,192358.18148831718,14171851.64658544,zero_i
