id,mu,phi,beta,lam,tau,modelname
Johannessen69,0.14341824534243863,2.7272343531626283e-09,122.76728921361125,0.006727473917699898,0.584653930116952,two_i
