id,mu,phi,beta,modelname
Johannessen70,0.1911329374034122,1.6121870356571918e-08,2.879878782862641,zero_i
