id,mu,phi,beta,H0,V0,modelname
Johannessen69,0.17196917219671412,2.624121449821554e-09,113.26126103470833,208446.3339006435,15361309.09767,zero_i
