id,mu,phi,beta,tau,S0,V0,modelname
Johannessen68,0.24201246767407752,2.3112533355400552e-08,5.843012139239919,8.993936789211991,295093.2177061326,141557553.7636458,three_i
