id,mu,phi,beta,tau,S0,V0,modelname
Johannessen70,0.005468050815677885,3.439897284887959e-09,53.88398210202145,3.27179162122799,249731.3111517721,9183030.53574796,four_i
