id,mu,phi,beta,tau,S0,V0,modelname
Johannessen68,0.09202734940746561,2.42534724271818e-09,11.016953105179779,3.755125255841759,216007.82148610783,144435970.1658239,seven_i
