id,mu,phi,beta,tau,S0,V0,modelname
Johannessen69,0.08903853969040662,3.5729291014568976e-09,338.503648240411,0.8425175191889325,280415.5994818255,18159941.80948032,seven_i
