id,mu,phi,beta,tau,S0,V0,modelname
Johannessen68,0.14280951256006638,3.6530027962703404e-09,11.213505666314944,4.50378968345042,211796.57148055447,142881874.63111007,six_i
