id,mu,phi,beta,tau,S0,V0,modelname
Johannessen68,0.42475876376582306,3.2042725560224842e-09,13.904130458595803,0.019082887343715448,211605.26230330684,117193784.60090697,one_i
