id,mu,phi,beta,tau,S0,V0,modelname
Johannessen68,0.08810057970497125,1.2985604645832503e-09,34.62576408721313,6.974444279955292,222623.00592782177,134690406.0126375,two_i
