id,mu,phi,beta,lam,tau,modelname
Johannessen68,0.3066924241019921,2.429760032708538e-09,24.46289398545348,0.0027082562549365944,5.793089492059272,two_i
