id,mu,phi,beta,tau,S0,V0,modelname
Johannessen70,0.0027930215186889856,2.3200260848153304e-09,58.705806128811105,1.4666965676198929,266087.1005276007,8616759.40225217,four_i
