id,mu,phi,beta,lam,tau,modelname
Johannessen68,0.15139190599557842,1.4809285502833051e-09,78.95929826730989,0.04092892591873362,0.22331204960668116,two_i
