id,mu,phi,beta,lam,tau,modelname
Johannessen69,0.09632029099768288,3.4188851114755925e-09,238.8473625808923,1.0682971819762206,0.8873611331378938,five_i
