id,mu,phi,beta,tau,S0,V0,modelname
Johannessen70,0.012846200946390426,3.4302990719912093e-09,40.41536515497042,0.865485676512476,251676.83463315622,8990799.67720991,nine_i
