id,mu,phi,beta,H0,V0,modelname
Johannessen68,0.3305549315986145,2.5032884464539556e-09,20.43471231130905,227669.22385900526,115058646.04574521,zero_i
