id,mu,phi,beta,lam,tau,modelname
Johannessen68,0.32067834216278757,2.533966568939393e-09,22.279794515039917,0.0005457064438292214,14.121098130561496,five_i
