id,mu,phi,beta,tau,S0,V0,modelname
Johannessen70,0.010425637013298029,1.1982042203997633e-08,62.840394599596834,14.72504767219649,257175.1901962531,8766697.242379583,two_i
