id,mu,phi,beta,lam,tau,modelname
Johannessen70,0.02600133362528893,7.556033265503917e-09,20.20722574208555,0.07970461049702597,0.04845298656552927,four_i
