id,mu,phi,beta,H0,V0,modelname
Johannessen70,0.04627242480698179,5.224776694894831e-09,17.485211833455075,259000.94860239822,8240458.618018164,zero_i
