id,mu,phi,beta,lam,tau,modelname
Johannessen70,0.01844663256651367,5.235032876506524e-09,22.75932366172,0.03813103174428153,0.060084494910291456,four_i
