id,mu,phi,beta,tau,S0,V0,modelname
Johannessen70,0.0037285730954821172,4.241578512560255e-09,56.420960354714886,1.802973189210415,249380.54646470398,9616754.508891942,ten_i
