id,mu,phi,beta,lam,modelname
Johannessen68,0.30743057996860207,2.453971105078213e-09,24.569062256130834,3.2222428723862055,one_i
