id,mu,phi,beta,tau,S0,V0,modelname
Johannessen70,0.005961751645036865,3.599865204773316e-09,39.59804250873263,1.3633192654340156,250514.12105165204,9959116.780605564,ten_i
