id,mu,phi,beta,tau,S0,V0,modelname
Johannessen70,0.09918232075611896,9.212971835147456e-08,64.80080125058697,7.794884756013014,231092.51440847808,10076178.527712395,five_i
