id,mu,phi,beta,tau,S0,V0,modelname
Johannessen69,0.09329484195665178,3.062737804114222e-09,286.0248726940234,0.8739045320355673,279736.79266395303,16520710.146383442,five_i
