id,mu,phi,beta,tau,S0,V0,modelname
Johannessen68,0.11665293989301899,1.920131808363127e-09,35.55622124250116,5.186463956794839,197841.93623906345,138769308.58653206,four_i
