id,mu,phi,beta,tau,S0,V0,modelname
Johannessen70,0.0043993026921145435,4.115339104090152e-09,50.58524006378484,1.813762404295503,249220.73335441714,10216506.149040027,ten_i
