id,mu,phi,beta,tau,S0,V0,modelname
Johannessen68,0.44455406349117055,3.319250707425018e-09,13.564937819478232,0.0011762213348521222,205517.77927162685,117599813.52406229,two_i
