id,mu,phi,beta,tau,S0,V0,modelname
Johannessen68,0.1135687184100016,1.4991872092760106e-09,102.68119149963053,6.485078369841252,210191.62150690958,124825466.9558127,two_i
