id,mu,phi,beta,tau,S0,V0,modelname
Johannessen70,0.10795030036622762,2.875143282471239e-07,72.90696501104013,5.1982797654791355,226347.54082870967,10531846.22121432,eight_i
