id,mu,phi,beta,H0,V0,modelname
Johannessen69,0.17107142283943103,2.527521103951428e-09,116.04626850097472,208881.58702047792,15683186.43380352,zero_i
