id,mu,phi,beta,lam,tau,modelname
Johannessen68,0.31272598275894525,2.4577176871014887e-09,23.759844475274093,0.0010434125723322659,10.874081629152736,two_i
