id,mu,phi,beta,tau,S0,V0,modelname
Johannessen69,0.10497801436662905,3.427969789740737e-09,286.85002766177087,0.9815758799920732,260553.9681253153,17399753.375613596,five_i
