id,mu,phi,beta,tau,S0,V0,modelname
Johannessen68,0.48343044123554874,3.55011417462051e-09,11.555777668731123,0.0012480444522072064,207583.4875405124,121500722.7776482,seven_i
