id,mu,phi,beta,lam,tau,modelname
Johannessen69,0.10321796768947758,3.2890497966347185e-09,214.57898931417665,1.1830847099459312,0.8115001640572826,four_i
