id,mu,phi,beta,lam,tau,modelname
Johannessen68,0.12936502942135086,1.3801544614217643e-09,94.79322122333357,0.016873403352400028,0.1697758034894832,two_i
