id,mu,phi,beta,lam,H0,V0,modelname
Johannessen68,0.0031809340552188233,4.1242137615961414e-10,374.38387350963495,0.06687400891520626,243313.38439736213,115267164.8478491,one_i
