id,mu,phi,beta,tau,S0,V0,modelname
Johannessen69,0.037735256894764285,3.5807614973523607e-09,10.825804214585391,0.5666617552262745,279569.7655444059,2286633.0515465266,three_i
