id,mu,phi,beta,tau,S0,V0,modelname
Johannessen68,0.50249449052152,3.7244585203316947e-09,10.908759645454777,0.004731217581799851,204742.63805846058,120961839.93927954,nine_i
