id,mu,phi,beta,tau,S0,V0,modelname
Johannessen69,0.12568153381338076,2.816911666291847e-09,218.19019670191926,1.273933890007003,234007.59589591905,15147746.265521338,two_i
