id,mu,phi,beta,tau,S0,V0,modelname
Johannessen68,0.467115591464819,3.5086292811924084e-09,11.857297958356385,0.0017329663244685942,214767.3248799671,118795621.5979744,eight_i
