id,mu,phi,beta,tau,S0,V0,modelname
Johannessen70,0.03165411411530272,4.92577416506445e-09,23.348428672504802,5.027859982901428,254002.84986822624,8858088.849770196,one_i
