id,mu,phi,beta,tau,S0,V0,modelname
Johannessen68,0.09683311457771208,1.7534846013717012e-09,32.69645953620224,5.208193783379561,209227.56458926667,139185559.2254624,four_i
