id,mu,phi,beta,tau,S0,V0,modelname
Johannessen69,0.10031003716769947,3.2598027231993104e-09,270.9549923014614,0.9071553940450172,269112.03439781256,17353103.10348645,five_i
