id,mu,phi,beta,tau,S0,V0,modelname
Johannessen69,0.2821115727123729,6.742340977088031e-09,28.004592101075954,0.22115786441599541,283207.71491461544,5043388.823628565,five_i
