id,mu,phi,beta,tau,S0,V0,modelname
Johannessen70,0.018533164604249187,4.772640632549074e-09,34.49641409303041,1.607835873437198,232723.4124613122,9434937.941689411,eight_i
