id,mu,phi,beta,tau,S0,V0,modelname
Johannessen70,0.038053492613074974,2.4933633093485646e-07,16.501076492273086,3.4256160051490503,126911.10611751648,5319023.643142323,ten_i
