id,mu,phi,beta,tau,S0,V0,modelname
Johannessen70,0.004647898718323237,3.351373527128285e-09,44.650778181534164,1.56103875891191,261196.86673059818,9773882.317175036,eight_i
