id,mu,phi,beta,lam,tau,S0,V0,modelname
Johannessen70,0.022903086143025143,9.525071008901498e-09,43.13285184108199,0.5213827219285253,0.04284231027792598,251181.8115902455,8989815.033266263,three_i
