id,mu,phi,beta,tau,S0,V0,modelname
Johannessen69,0.08766573248413359,3.73151762279787e-09,346.33195342065045,0.7899914762793249,282964.8814692687,18771218.41078087,eight_i
