id,mu,phi,beta,modelname
Johannessen70,0.09919591059254114,8.603540255207557e-09,5.908398164161355,zero_i
