id,mu,phi,beta,tau,S0,V0,modelname
Johannessen69,0.07738059919502437,3.822840235218432e-09,380.68426036490195,0.6909870313448091,295748.5860836662,19083470.359979212,ten_i
