id,mu,phi,beta,tau,S0,V0,modelname
Johannessen70,0.021469213654993487,4.790620051892501e-09,32.675835939553906,1.3066612990864706,231161.35514527102,9047131.373700568,eight_i
