id,mu,phi,beta,tau,S0,V0,modelname
Johannessen68,0.4824886764248094,3.566186142918039e-09,11.435074351864312,0.0017168757295439403,209110.1049836394,120997258.89934209,ten_i
