id,mu,phi,beta,tau,S0,V0,modelname
Johannessen69,0.08918962693616043,3.8657116456879815e-09,326.34947322132797,0.7024602668155642,278718.7420689244,18814021.835533507,nine_i
