id,mu,phi,beta,H0,V0,modelname
Johannessen69,0.16235087403451479,2.441073179739469e-09,128.50356746662746,199895.57894378225,13588209.51956325,zero_i
