id,mu,phi,beta,lam,tau,modelname
Johannessen70,0.022131967723754267,4.95872752360499e-09,19.6233567169022,0.07806076434494201,0.07806440084325687,five_i
