id,mu,phi,beta,tau,S0,V0,modelname
Johannessen70,0.005664471826351981,4.18300062114502e-09,56.520998584231464,1.777440632172771,241585.61256843255,10070536.116585143,ten_i
