id,mu,phi,beta,tau,S0,V0,modelname
Johannessen69,0.09828772188969509,3.321375848657759e-09,284.3435636925298,0.9435373078719184,266980.2536494514,17203123.080327716,five_i
