id,mu,phi,beta,tau,S0,V0,modelname
Johannessen70,0.10160071487520693,2.0291846011479617e-08,6.334598708915343,2.0159388826794826,3084337.108766924,11268688.173132442,seven_i
