id,mu,phi,beta,tau,S0,V0,modelname
Johannessen69,0.08218434590949934,3.8000404980431006e-09,355.20309504505366,0.665665731732587,290674.24851564475,19144811.795327142,ten_i
