id,mu,phi,beta,tau,S0,V0,modelname
Johannessen68,0.4838518903901366,3.5767481925391335e-09,11.766673771334839,0.005795917536101538,206204.7566400766,120020256.79467584,one_i
