id,mu,phi,beta,lam,tau,modelname
Johannessen69,0.11302214716962151,3.063230124061494e-09,186.22776325050896,1.3013569809066532,0.7914406402400134,three_i
