id,mu,phi,beta,tau,S0,V0,modelname
Johannessen68,0.5058449014278119,3.7124275508571446e-09,10.405182517264333,0.002527202211767281,210555.05157837755,122659511.0300149,two_i
