id,mu,phi,beta,tau,S0,V0,modelname
Johannessen69,0.09051574398730451,3.5066859725028877e-09,319.77971088923266,0.7175334363691823,278104.3011767894,18645332.969085712,eight_i
