id,mu,phi,beta,tau,S0,V0,modelname
Johannessen69,0.42234069027293153,1.3706871500200646e-08,11.335167812378348,0.19432171901340878,778455.3809714348,19814607.2171598,one_i
