id,mu,phi,beta,tau,S0,V0,modelname
Johannessen69,0.09165741969701226,3.2194440506886964e-09,289.66643816580483,0.8170199757561496,287981.9466500931,17253441.20103661,six_i
