id,mu,phi,beta,tau,S0,V0,modelname
Johannessen69,0.14375302739040985,3.386933200735582e-09,160.2956271063964,1.5187788636345472,273060.1100959041,18080461.470895007,two_i
