id,mu,phi,beta,tau,S0,V0,modelname
Johannessen70,0.030473244037838527,8.898941895798714e-09,55.37423794955713,7.856811278699291,86795.51780226425,10475646.435490204,three_i
