id,mu,phi,beta,tau,S0,V0,modelname
Johannessen70,0.03469207715683869,5.093973555243125e-09,19.283363146424318,0.694622940070994,240878.351277314,9437093.753442312,eight_i
