id,mu,phi,beta,lam,modelname
Johannessen70,0.02532674692552798,7.555187744026803e-09,20.51697483381767,0.04677157386422669,one_i
