id,mu,phi,beta,tau,S0,V0,modelname
Johannessen70,0.004299597413724889,4.2907689297266595e-09,61.44359428703298,2.3132991372351315,248334.68528953768,9687193.827446695,eight_i
