id,mu,phi,beta,tau,S0,V0,modelname
Johannessen69,0.09569525869972667,3.3864440194318872e-09,303.42233588070775,0.860843563634194,272245.7562640313,17875382.544247072,six_i
