id,mu,phi,beta,tau,S0,V0,modelname
Johannessen69,0.119429295384678,2.7673194582797575e-09,211.21958842985464,1.2502404700023049,254917.11957306703,14685482.437916918,two_i
