id,mu,phi,beta,tau,S0,V0,modelname
Johannessen68,0.23013213169271518,1.8257263953322959e-09,45.874907713894984,0.18274809919557217,198203.75783738005,108416675.73710391,five_i
