id,mu,phi,beta,tau,S0,V0,modelname
Johannessen69,0.10724843364868679,3.0244759774478316e-09,258.2617152137307,0.9661045556929044,259340.9532904282,16735541.745495183,four_i
