id,mu,phi,beta,lam,modelname
Johannessen69,0.15141946592250605,2.9506378072903557e-09,112.60791762159437,0.5608876720775032,one_i
