id,mu,phi,beta,tau,S0,V0,modelname
Johannessen70,0.03976086252113363,4.9740869836805926e-09,22.441294402338258,1.3793696683017904,241747.40734631362,8550283.068842256,two_i
