id,mu,phi,beta,lam,tau,S0,V0,modelname
Johannessen70,0.0022824374704782627,2.123051210106552e-09,54.65680771425821,0.7544306320590322,3.0786532567047287,280491.75666215754,7857266.358988107,three_i
