id,mu,phi,beta,modelname
Johannessen69,0.19113715510051807,2.9027638575617076e-09,66.44923753883965,zero_i
