id,mu,phi,beta,tau,S0,V0,modelname
Johannessen69,0.08302581986753632,3.966451579094643e-09,337.58348106977576,0.6632020056830028,288206.3539966918,18627097.984184038,ten_i
