id,mu,phi,beta,tau,S0,V0,modelname
Johannessen68,0.051008520754736456,1.5928250387012553e-09,89.3255711347787,3.4195926721299883,228404.63867020293,138472009.29355246,seven_i
