id,mu,phi,beta,lam,tau,modelname
Johannessen69,0.13878471444218707,2.8248672449082644e-09,126.5755384588726,0.12994674624929775,0.6700624778500684,five_i
