id,mu,phi,beta,tau,S0,V0,modelname
Johannessen70,0.00619724563055034,4.241028143383262e-09,55.720120342468476,3.476302847913336,246714.84833196303,9671924.013383778,five_i
