id,mu,phi,beta,lam,tau,modelname
Johannessen70,0.02244775305170275,7.173800954255716e-09,22.129246393550776,0.05119267734919439,0.04641227359284409,two_i
