id,mu,phi,beta,tau,S0,V0,modelname
Johannessen70,0.028938648075164802,4.5639295819450645e-09,23.821568501406297,1.8258083231798319,243842.70607922206,9164636.80077617,three_i
