id,mu,phi,beta,lam,tau,S0,V0,modelname
Johannessen70,0.015649414407017878,3.62799454652582e-09,9.485107418673692,1.7409859303931385,0.37825019204284493,250603.48702769016,11538485.873342497,four_i
