id,mu,phi,beta,lam,tau,S0,V0,modelname
Johannessen68,0.06384744607882664,5.495271252893347e-10,91.95686465988118,0.0016566380370975433,2.6501678611266035,18758.989566121178,107781855.15015027,three_i
