id,mu,phi,beta,tau,S0,V0,modelname
Johannessen68,0.13099273152514743,4.3784083639777905e-09,89.29785767191262,3.2486221850931316,213668.5773202778,139311036.7266359,nine_i
