id,mu,phi,beta,tau,S0,V0,modelname
Johannessen68,0.06033490308605338,1.8470923032836266e-09,72.81729789807295,2.8442585892095344,216643.7863841751,136834610.42132342,nine_i
