id,mu,phi,beta,tau,S0,V0,modelname
Johannessen68,0.4941785952819401,3.6726251188754138e-09,11.051827435976923,0.014344196301984623,208986.90464957245,121287925.08339375,seven_i
