id,mu,phi,beta,lam,tau,S0,V0,modelname
Johannessen69,0.15656102364231886,3.000608210888564e-09,169.1806124597106,0.019540432129351467,0.5601737711742486,198936.43471804584,16759799.987888739,five_i
