id,mu,phi,beta,tau,S0,V0,modelname
Johannessen70,0.011797474103512996,3.117975707215637e-09,39.039580694781776,1.186553057700661,252931.31769171325,8582261.714292446,four_i
