id,mu,phi,beta,tau,S0,V0,modelname
Johannessen68,0.14200452091083668,1.6935605844486592e-09,89.591011208208,6.229976708412313,180439.21821825506,123301481.75984855,two_i
