id,mu,phi,beta,tau,S0,V0,modelname
Johannessen70,0.0055570776353250735,3.819707062218965e-09,59.612411634291,2.3586144653934147,237763.10422603646,9604050.684702478,seven_i
