id,mu,phi,beta,tau,S0,V0,modelname
Johannessen70,0.04090846570451591,5.224214047698752e-09,16.83589013335309,0.29088844868988145,251011.70028356343,8679822.168116422,five_i
