id,mu,phi,beta,tau,S0,V0,modelname
Johannessen69,0.13771906820831104,2.622752762605842e-09,191.71727590330815,1.6273285823177046,220562.68095999007,14519206.044883365,one_i
