id,mu,phi,beta,tau,S0,V0,modelname
Johannessen68,0.39022353957097716,2.99080627597686e-09,17.093949589091423,0.09633148328994726,202011.33187636104,117523234.2927495,five_i
