id,mu,phi,beta,lam,tau,modelname
Johannessen69,0.11420926877834776,3.183999709953916e-09,184.61580215913472,1.331463159092802,0.7328431100589006,three_i
