id,mu,phi,beta,tau,S0,V0,modelname
Johannessen69,0.10934357551186903,3.2441361101217463e-09,278.0921070891537,1.0908981920036165,252022.24951738032,17195193.252694935,four_i
