id,mu,phi,beta,tau,S0,V0,modelname
Johannessen68,0.1176627577313449,2.054407530980656e-09,7.963004516162495,6.764614257480126,208719.56844307474,138092220.71486223,three_i
