id,mu,phi,beta,lam,tau,H0,V0,modelname
Johannessen69,0.09699490365621762,2.7746204966876853e-09,195.27661288736783,1.292873115020128,0.724423672196925,131544.5325624855,14464143.137821194,two_i
