id,mu,phi,beta,tau,S0,V0,modelname
Johannessen68,0.2136526624695274,2.7366371366368806e-07,39.91858780812653,3.425031483528696,269279.78628245555,137267292.09461272,nine_i
