id,mu,phi,beta,tau,S0,V0,modelname
Johannessen68,0.43944839879333375,3.2869838205213817e-09,14.82358513016061,0.22349856467290824,197517.65723059973,120383887.10177615,two_i
