id,mu,phi,beta,tau,S0,V0,modelname
Johannessen70,0.04002148854117452,4.832496917674141e-09,18.033755637142637,0.648056348712233,253621.06161421357,8736290.689688992,one_i
