id,mu,phi,beta,tau,S0,V0,modelname
Johannessen69,0.14010267443598326,2.70965040447232e-09,166.51548651572548,1.4659667372003955,237672.3659905523,14873956.43817733,one_i
