id,mu,phi,beta,tau,S0,V0,modelname
Johannessen70,0.15444042332132654,4.5551909407534574e-08,9.655353429927336,6.355540676295111,119656.4228099643,1995242.7661951988,four_i
