id,mu,phi,beta,tau,S0,V0,modelname
Johannessen68,0.4997229849966629,3.7004290645786256e-09,10.818377872530816,0.0016646833957229194,209143.21223074457,120924471.52376291,ten_i
