id,mu,phi,beta,tau,S0,V0,modelname
Johannessen70,0.0031875957608453963,2.800453865569496e-09,54.16261702282031,1.554338822560424,255469.30261512348,9265657.598145459,seven_i
