id,mu,phi,beta,lam,S0,V0,modelname
Johannessen69,0.17031928941852711,3.458803612085737e-09,112.36193179533333,0.6555311691966502,226242.0308494663,16388955.774457868,one_i
