id,mu,phi,beta,tau,S0,V0,modelname
Johannessen70,0.02957694219167145,4.658926276612418e-09,26.055051575232042,2.861460549625734,246093.88744869636,8971585.217716927,two_i
