id,mu,phi,beta,tau,S0,V0,modelname
Johannessen70,0.032920754410046514,4.4431732710362596e-09,23.825736596786847,0.21564376663075155,254291.51827558086,8468177.584431814,nine_i
