id,mu,phi,beta,lam,tau,H0,V0,modelname
Johannessen69,0.05942786056007519,6.862474676887176e-09,6.306558274845229,0.019082494448428994,0.5865736434499113,130115.15455754212,16707406.854675805,four_i
