id,mu,phi,beta,lam,tau,modelname
Johannessen69,0.14370616084497997,2.7590586917613396e-09,126.4894708673629,0.015521705275156323,0.5662277322546538,three_i
