id,mu,phi,beta,modelname
Johannessen68,0.32483977228270433,2.548976915442471e-09,22.084843948290196,zero_i
