id,mu,phi,beta,lam,tau,modelname
Johannessen69,0.14667461510105873,2.9209119587376745e-09,120.75154317869503,0.1699288779858577,0.5377074885086158,two_i
