id,mu,phi,beta,tau,S0,V0,modelname
Johannessen70,0.045832710074441216,5.830582148932981e-09,15.482431054439422,2.2142023646447138,258549.22831574988,8825487.270377439,one_i
