id,mu,phi,beta,H0,V0,modelname
Johannessen70,0.049137076477497064,5.621358640085998e-09,16.06755468698184,256102.87080568663,8182246.445604395,zero_i
