id,mu,phi,beta,tau,S0,V0,modelname
Johannessen70,0.018964032458293673,3.8902516149764396e-09,35.80222312940125,0.7603653984973723,242033.0984105182,8785560.144597843,nine_i
