id,mu,phi,beta,lam,tau,modelname
Johannessen68,0.13510866668414015,1.5093413345665383e-09,91.28612624657433,0.00932919430423563,0.14599321722460556,five_i
