id,mu,phi,beta,lam,tau,modelname
Johannessen70,0.0141793710832356,5.440125678869731e-09,24.51868895928368,0.43935862306407025,0.05374952449824478,three_i
