id,mu,phi,beta,tau,S0,V0,modelname
Johannessen68,0.09047210076252406,1.921935015684764e-09,19.765900437352993,3.962639684146629,206352.01711000604,142195297.53121474,six_i
