id,mu,phi,beta,lam,tau,modelname
Johannessen69,0.15526484744732716,3.0503152205882227e-09,106.79912279230035,0.006567960909239506,0.5594719314872715,two_i
