id,mu,phi,beta,modelname
Johannessen68,0.240038413984657,1.8546491336539401e-09,36.399489222797214,zero_i
