id,mu,phi,beta,tau,S0,V0,modelname
Johannessen69,0.13822767184058035,2.6438280331982765e-09,173.90059171027676,1.5399085929634018,234967.04234567247,15110479.505988277,one_i
