id,mu,phi,beta,modelname
Johannessen68,0.32016622327488875,2.486738267199073e-09,23.092291626592665,zero_i
