id,mu,phi,beta,tau,S0,V0,modelname
Johannessen68,0.21456627551619284,6.885226466968336e-07,63.665197199582266,4.005765785450104,329300.2633407243,21790355.8034407,eight_i
