id,mu,phi,beta,tau,S0,V0,modelname
Johannessen69,0.1518515408725269,2.891910523059907e-09,158.8026626781363,1.7407966466832718,226568.2657437439,18141611.26887828,one_i
