id,mu,phi,beta,lam,tau,H0,V0,modelname
Johannessen70,0.020001502447132512,6.813903641769812e-09,36.48311162032827,18.1397081333903,1.345843569523521,407336.3986805372,9435532.551718123,two_i
