id,mu,phi,beta,tau,S0,V0,modelname
Johannessen70,0.003004401696909883,3.938058739548083e-09,51.093547991993084,1.9242410371612892,256705.18951877306,9758921.57215989,nine_i
