id,mu,phi,beta,tau,S0,V0,modelname
Johannessen70,0.011513196460679736,3.952756381429105e-09,46.53864715037393,3.968408784875524,243146.39182943938,9060317.293334354,three_i
