id,mu,phi,beta,tau,S0,V0,modelname
Johannessen70,0.09901701984928989,3.2071052075109e-09,20.193835454241253,0.05369333948218618,717387.786630437,8874979.926572902,nine_i
