id,mu,phi,beta,lam,tau,modelname
Johannessen70,0.030195917740097736,8.3824903000824e-09,18.579576749039795,0.058779547929851746,0.04666492444388065,three_i
