id,mu,phi,beta,lam,tau,S0,V0,modelname
Johannessen69,0.15281503628405532,3.0158889900719302e-09,152.51789357103084,0.1468289378440713,0.7136669729536994,217605.55709080043,15934661.607014485,three_i
