id,mu,phi,beta,tau,S0,V0,modelname
Johannessen69,0.10830859761393359,3.242382602717537e-09,266.3474640599066,1.061213925867277,256942.87577225565,17027227.019488174,four_i
