id,mu,phi,beta,tau,S0,V0,modelname
Johannessen69,0.09631609523479116,3.4147965713067858e-09,289.9253734558501,0.834692398546191,273480.4810866368,16817514.487665165,six_i
