id,mu,phi,beta,lam,tau,modelname
Johannessen69,0.1278063902612778,3.016117501000324e-09,152.93045071997375,1.555027953901145,0.6772766988605399,two_i
