id,mu,phi,beta,lam,tau,S0,V0,modelname
Johannessen68,0.3821534409247489,2.8552201422847946e-09,17.177155625705673,0.0030437650949309072,7.820274638349189,215994.5371267136,117972807.06096943,two_i
