id,mu,phi,beta,tau,S0,V0,modelname
Johannessen70,0.017957321389151168,4.442191450702891e-09,36.153207584614925,3.7950823484764378,244286.25639719455,9526697.892777238,three_i
