id,mu,phi,beta,tau,S0,V0,modelname
Johannessen69,0.1060301512361266,2.956100181044511e-09,237.70188083850283,1.0967923780124968,264550.751574279,15826447.297441,three_i
