id,mu,phi,beta,tau,S0,V0,modelname
Johannessen70,0.021733909812286234,3.968505986726179e-09,26.99980217224696,0.590701454895461,257047.90868401426,8817836.005265724,seven_i
