id,mu,phi,beta,lam,tau,modelname
Johannessen68,0.30952218461537157,2.4420788746398046e-09,23.7982686278705,0.003796386228148898,11.83531620744779,three_i
