id,mu,phi,beta,tau,S0,V0,modelname
Johannessen68,0.030173062679597257,1.6545321306466076e-08,30.137016365210002,3.8326397126524245,224117.4070342356,42833654.994606085,ten_i
