id,mu,phi,beta,tau,S0,V0,modelname
Johannessen70,0.006191467896071587,7.692742897438164e-09,56.55603174447356,13.278828457560891,254061.0779493584,9514132.064692326,two_i
