id,mu,phi,beta,tau,S0,V0,modelname
Johannessen70,0.05032225701487754,5.8328704596693394e-09,18.67516163581722,1.3253926742036246,233811.8340615232,8682324.865048114,two_i
