id,mu,phi,beta,tau,S0,V0,modelname
Johannessen68,0.08111136089436813,2.0428840493245925e-09,10.37070157565515,4.101261103499454,220029.77838725245,140918706.72299165,six_i
