id,mu,phi,beta,tau,S0,V0,modelname
Johannessen70,0.01047752055533766,3.886225641670442e-09,32.9154687801143,2.7055769301723473,247208.48091628661,10399302.930839391,five_i
