id,mu,phi,beta,tau,S0,V0,modelname
Johannessen68,0.30771293441157627,2.4540618712117972e-09,23.17618724313718,0.18737681715591079,216389.39818903126,115265898.180673,four_i
