id,mu,phi,beta,tau,S0,V0,modelname
Johannessen68,0.11148147040227965,1.343746279984735e-09,115.58355137355922,5.314772372665174,195215.30836088656,120043594.92698362,two_i
