id,mu,phi,beta,lam,tau,modelname
Johannessen70,0.023346930962668773,7.4419796932863746e-09,20.894944726904708,0.03842261821703711,0.04545001329690302,three_i
