id,mu,phi,beta,lam,tau,modelname
Johannessen69,0.09380242948358385,3.312391147953522e-09,245.03067363455526,1.0597512362111867,0.920052190747658,five_i
