id,mu,phi,beta,lam,tau,modelname
Johannessen69,0.1391778590926935,2.780847189186709e-09,133.46758023244738,0.0857441248477232,0.5388351864527869,four_i
