id,mu,phi,beta,H0,V0,modelname
Johannessen68,0.37868201982292804,2.9247054563454106e-09,16.742161849279597,218412.90072402498,112400991.48734799,zero_i
