id,mu,phi,beta,H0,V0,modelname
Johannessen69,0.16838181290395315,2.4366035384519676e-09,127.72430476915466,190305.87929714014,14498236.395525282,zero_i
