id,mu,phi,beta,tau,S0,V0,modelname
Johannessen68,0.11928657877155203,4.901976385596597e-09,51.38317167142444,2.9968431987269795,219076.84922149344,139477852.7758657,ten_i
