id,mu,phi,beta,tau,S0,V0,modelname
Johannessen69,0.1338139865021006,2.8536069001321693e-09,208.45498594936436,1.2544687941819648,221826.76433375975,16366400.265192214,two_i
