id,mu,phi,beta,tau,S0,V0,modelname
Johannessen68,0.04394420600419351,1.3571619743451177e-09,46.813790445753725,3.761135487898157,233934.96970885628,137091216.95124707,six_i
