id,mu,phi,beta,lam,tau,modelname
Johannessen70,0.025671991224118187,8.32810857178597e-09,22.063348923775738,0.049605064660127124,0.04322976734922438,five_i
