id,mu,phi,beta,tau,S0,V0,modelname
Johannessen68,0.15100076020933917,2.3704779628199674e-09,269.1784273162492,1.6647301605520584,2960935.0858308747,42471967.260683276,five_i
