id,mu,phi,beta,tau,S0,V0,modelname
Johannessen69,0.0980891743816857,2.9477510692886043e-09,285.363694582417,0.9924850123982744,267295.40046489506,16433695.161008602,four_i
