id,mu,phi,beta,tau,S0,V0,modelname
Johannessen69,0.1265926112897744,5.111925915898613e-09,174.8054792278887,1.357562176826013,309198.591901882,18560796.271458466,four_i
