id,mu,phi,beta,lam,tau,S0,V0,modelname
Johannessen68,0.11978684695575433,1.4649506405299917e-09,16.24989953893311,0.32258196751561424,0.10147540655640219,234169.10621673183,133616951.34823519,two_i
