id,mu,phi,beta,tau,S0,V0,modelname
Johannessen70,0.07556724536800978,1.5183749720711574e-07,79.90904093142338,5.870175138282647,228767.50869203283,10314004.358360495,seven_i
