id,mu,phi,beta,lam,tau,modelname
Johannessen69,0.10168410995364904,3.2272884439801185e-09,216.27718409746856,1.1988277669413225,0.8893038974177986,four_i
