id,mu,phi,beta,tau,S0,V0,modelname
Johannessen69,0.08785828884815587,3.2086975047600885e-09,311.4585085147085,0.7427400663536043,286919.6269429201,17761598.132479187,seven_i
