id,mu,phi,beta,tau,S0,V0,modelname
Johannessen70,0.02669783753422133,4.822896926154002e-09,27.04596293766777,7.77685234069527,242366.09667551616,9053230.911506493,one_i
