id,mu,phi,beta,H0,V0,modelname
Johannessen69,0.1792556436993897,2.5205642142302093e-09,98.6586449096543,238620.76920707998,17366869.652695585,zero_i
