id,mu,phi,beta,tau,S0,V0,modelname
Johannessen68,0.08205926013575428,2.162470423225597e-09,129.41240337487721,3.195556159453732,204962.84482474774,132899415.04603465,eight_i
