id,mu,phi,beta,lam,modelname
Johannessen69,0.008091391556550056,1.886182114445863e-09,49.032766733858,0.02349742439813162,one_i
