id,mu,phi,beta,tau,S0,V0,modelname
Johannessen68,0.10459804731674174,1.752521503947769e-09,66.70708346865875,6.373642521048368,219366.04332137815,138191705.85049272,three_i
