id,mu,phi,beta,tau,S0,V0,modelname
Johannessen68,0.07118291455354094,1.4634988910288964e-09,34.18173458115378,2.529811511803886,204180.66741026536,142570759.0689768,nine_i
