id,mu,phi,beta,tau,S0,V0,modelname
Johannessen68,0.46238422096091797,3.427852819486537e-09,12.393316775631378,0.00016507572735161946,207910.88688502277,119694847.38018328,three_i
