id,mu,phi,beta,tau,S0,V0,modelname
Johannessen70,0.06612998189134983,4.028535285888294e-07,18.10831791464985,88.4842977326832,832262.1579135724,38280223.45221336,ten_i
