id,mu,phi,beta,tau,S0,V0,modelname
Johannessen70,0.018220419649570264,4.1263498298514534e-09,31.05005326264853,1.036339391782245,235849.73415176553,9684419.112509845,nine_i
