id,mu,phi,beta,tau,S0,V0,modelname
Johannessen68,0.08578689221027726,1.4714565565089706e-09,75.04526600833645,4.621783278801479,212681.6247604579,134201642.26631476,four_i
