id,mu,phi,beta,tau,S0,V0,modelname
Johannessen69,0.0935947489320926,3.752666437386604e-09,313.9243114843151,0.8442896581103584,276841.3354712018,18476378.649920844,seven_i
