id,mu,phi,beta,tau,S0,V0,modelname
Johannessen70,0.005832585020782238,4.802003085447439e-09,59.29031782376631,3.6004826993159402,247940.5426063139,10660469.1671836,six_i
