id,mu,phi,beta,lam,tau,S0,V0,modelname
Johannessen70,0.011489882539994929,1.1844284149790128e-08,52.407950119300246,2.33738682460394,0.04015955665480361,249119.737372247,9576678.78607629,four_i
