id,mu,phi,beta,modelname
Johannessen69,0.1897376010650302,2.8850831768266322e-09,67.57942683023636,zero_i
