id,mu,phi,beta,tau,S0,V0,modelname
Johannessen70,0.050293253424644885,5.731353753450865e-09,12.126278543905217,0.062218382677329896,260582.40760420475,9265946.223516762,three_i
