id,mu,phi,beta,tau,S0,V0,modelname
Johannessen70,0.016703216531717496,3.6498693960473226e-09,32.73400452408578,1.110030211640898,249395.35767919107,9188002.280804876,six_i
