id,mu,phi,beta,modelname
Johannessen70,0.20413801715712998,1.7240706608347504e-08,2.6635050328435237,zero_i
