id,mu,phi,beta,tau,S0,V0,modelname
Johannessen70,0.0036119075237085662,3.580639355270325e-09,58.75618633087357,2.7494227745637634,242650.3589900965,9627931.566587226,six_i
