id,mu,phi,beta,tau,S0,V0,modelname
Johannessen69,0.09944809676632171,3.286100977625807e-09,282.333462322768,0.9404855266018667,271155.9360453709,17455111.013799332,five_i
