id,mu,phi,beta,lam,modelname
Kim52,0.04556203152707481,1.5804937042344058e-06,1.9780070664922087,0.07606610566978608,one_i
