id,mu,phi,beta,tau,S0,V0,modelname
Kim52,0.016969696774806586,1.2620092218222304e-06,4.59207478903925,8.815157563381044,73036.59784072908,11884.673970085352,three_i
