id,mu,phi,beta,tau,S0,V0,modelname
Kim52,0.0024155265430998614,1.410235705798563e-06,9.415775840516671,4.135019506039667,85190.77969422366,15641.762131874082,ten_i
