id,mu,phi,beta,tau,S0,V0,modelname
Kim52,0.04287132830717203,2.6320971816325103e-09,13.524648777102168,1.7179272586965555,264156.5171746483,3017.283145909953,six_i
