id,mu,phi,beta,lam,S0,V0,modelname
Kim52,0.01624596715276274,3.7075110459160465e-07,4.751988482242718,0.08980421832733033,55655.593559536304,5440.425733496076,one_i
