id,mu,phi,beta,tau,S0,V0,modelname
Kim52,0.0049429790661317426,1.5912465641848514e-06,7.565466234485727,5.551720949772279,87433.76027428918,16410.935471461486,seven_i
