id,mu,phi,beta,tau,S0,V0,modelname
Kim52,0.012705725216318018,1.4314883135662634e-06,6.0514238244849725,7.691707833951331,73618.78913039737,10669.718404519634,four_i
