id,mu,phi,beta,tau,S0,V0,modelname
Kim52,0.005076234036794796,1.5202371488576733e-06,8.035400005257863,4.935055696230794,83671.44684483437,16504.134779971275,eight_i
