id,mu,phi,beta,lam,tau,modelname
Kim52,0.025913164812529112,1.724580216230965e-06,4.033141986573768,9.109817397050687,0.11264274931764479,three_i
