id,mu,phi,beta,tau,S0,V0,modelname
Kim52,0.0016286128007664885,1.2399413587966742e-06,9.114548994266693,4.430228978450774,91293.20287141025,14711.526924345882,nine_i
