id,mu,phi,beta,lam,tau,modelname
Kim52,0.02057393531689637,1.7793828089376913e-06,5.14759810588533,7.857053683499994,0.12451336699330236,four_i
