id,mu,phi,beta,H0,V0,modelname
Kim52,0.016070375369815884,1.7420355377122428e-07,4.696156313699947,49302.62026680135,5352.492611905177,zero_i
