id,mu,phi,beta,lam,tau,modelname
Kim52,0.02082436428907922,1.7769687640052072e-06,5.107065156130241,7.810371005591814,0.1250747990399832,four_i
