id,mu,phi,beta,lam,S0,V0,modelname
Kim52,0.022114717106600162,4.985334699138226e-07,4.03357132657296,0.08170850809043802,50633.02386952843,6085.539234168476,one_i
