id,mu,phi,beta,lam,tau,S0,V0,modelname
Kim52,0.010252135890485993,1.5554386693907009e-06,6.8273711952631695,7.018956591730932,0.1486386572846213,76454.36908537257,13236.063344558244,five_i
