id,mu,phi,beta,tau,S0,V0,modelname
Kim52,0.021268261802050655,2.9752303621686465e-09,63.631038381857444,0.369787220309651,176162.59356258184,29009.29546460323,ten_i
