id,mu,phi,beta,lam,H0,V0,modelname
Kim52,0.06966174619989755,9.849691406167323e-06,1.9707104692327815,0.05586249212439682,29437.986048174418,18715.880976649958,one_i
