id,mu,phi,beta,lam,tau,modelname
Kim52,0.041365701082501295,1.3486753289428662e-06,2.0999584196169514,0.025086215235639465,0.07336252856287026,five_i
