id,mu,phi,beta,modelname
Kim52,0.009467300849147637,1.661521549070906e-09,56.24598634206705,zero_i
