id,mu,phi,beta,tau,S0,V0,modelname
Kim52,0.020724055336564285,5.144164545080447e-07,3.9135156313607755,12.413876358486984,55851.83131219091,5951.608810708984,one_i
