id,mu,phi,beta,tau,S0,V0,modelname
Kim52,0.003941469169948221,1.396074179752341e-06,8.81044980960421,4.498876593619167,84759.74210944156,16314.190700606992,nine_i
