id,mu,phi,beta,tau,S0,V0,modelname
Kim52,0.006589526319427082,1.433828794538895e-06,7.001342533829978,6.926106891619191,82595.85299679708,12403.96176250674,five_i
