id,mu,phi,beta,lam,tau,S0,V0,modelname
Kim52,0.013637682953323347,1.4832599647424955e-07,6.55253013427228,0.9612069206701108,3.0566891041259328,45462.65430095841,4778.214443583743,two_i
