id,mu,phi,beta,tau,S0,V0,modelname
Kim52,0.0027884867662802196,1.4395126042502929e-06,9.041290093947433,4.569331284062687,84404.71812495583,15737.621921179894,nine_i
