id,mu,phi,beta,tau,S0,V0,modelname
Kim52,0.009942725751333408,1.7076108550981303e-06,6.844144838221689,6.097378170313613,78097.325564758,15107.755010156048,six_i
