id,mu,phi,beta,tau,S0,V0,modelname
Kim52,0.005794945801314146,1.5103153133434673e-06,7.455216068467118,6.144272390424006,83530.83369537901,13832.593775299898,six_i
