id,mu,phi,beta,tau,S0,V0,modelname
Kim52,0.008086973517618608,1.670033245962037e-06,6.918949428627922,6.191950564313308,80745.76570097046,15481.648187518813,six_i
