id,mu,phi,beta,lam,tau,modelname
Kim52,0.010445610520150965,1.6845685855037657e-07,6.396629691046251,0.03745385232792467,0.12035380277130112,two_i
