id,mu,phi,beta,tau,S0,V0,modelname
Kim52,0.008398503819148745,1.5726703669980327e-06,7.337741772220784,6.160813642360915,79489.82957130515,14655.664860935838,six_i
