id,mu,phi,beta,tau,S0,V0,modelname
Kim52,0.008572991627416156,1.5049812675808193e-06,6.600654434666215,6.898577253262762,83519.95884341333,13394.781356387724,five_i
