id,mu,phi,beta,H0,V0,modelname
Kim52,0.01627051509493577,1.7730454801399204e-07,4.735474851874501,46899.05972278899,5269.848371032041,zero_i
