id,mu,phi,beta,lam,tau,S0,V0,modelname
Kim52,0.020131087001886764,6.373426513842447e-07,4.781572051119956,1.6271078246194866,0.08109818535351433,52521.5385648134,6853.189480865234,four_i
