id,mu,phi,beta,tau,S0,V0,modelname
Kim52,0.006020607562290531,1.5237635192908083e-06,7.789014152021383,5.4734165500338054,80590.3010960102,15062.038759204206,seven_i
