id,mu,phi,beta,tau,S0,V0,modelname
Kim52,0.006045353992236992,1.4655891911900963e-06,7.528658641723547,5.449836038939319,83447.52673212213,16255.822068687557,seven_i
