id,mu,phi,beta,modelname
Kim52,0.02022679970642083,1.802701544530139e-07,3.2622614854830965,zero_i
