id,mu,phi,beta,lam,tau,S0,V0,modelname
Kim52,0.011541746503310382,1.3158881421955566e-06,6.005949356718029,7.777850328767403,0.13516942155098108,74902.76055096732,11229.93143183702,four_i
