id,mu,phi,beta,tau,S0,V0,modelname
Kim52,0.01098909123303759,1.544855462029851e-06,6.501736998155873,6.860437473307469,74034.97503569633,13396.23142500611,five_i
