id,mu,phi,beta,H0,V0,modelname
Kim52,0.016146421892556356,1.7587495409796068e-07,4.707798148936131,48337.56730636344,5139.729090547054,zero_i
