id,mu,phi,beta,tau,S0,V0,modelname
Kim52,0.016363160661284085,1.5466555187176581e-06,5.544563393377043,7.65268146601345,67145.51997980833,12124.446990226425,four_i
