id,mu,phi,beta,lam,modelname
Kim52,0.04534892800231848,1.5811631107164304e-06,1.983687013554935,0.07566574955691852,one_i
