id,mu,phi,beta,H0,V0,modelname
Kim52,0.014981284544595587,1.249747042704955e-07,7.155850631372689,42325.52455648112,6770.0063402313035,zero_i
