id,mu,phi,beta,modelname
Kim52,0.025444629758797768,2.3142612007459648e-07,2.4582653380297574,zero_i
