id,mu,phi,beta,tau,S0,V0,modelname
Kim52,0.012128057051542731,1.5724399845139577e-06,6.642598998279353,6.902984307200814,74243.18657344287,13555.8269147762,five_i
