id,mu,phi,beta,lam,tau,modelname
Kim52,0.03457053464116625,8.661440158100395e-07,2.353518781126462,0.018091235078011515,0.07538139266304446,three_i
