id,mu,phi,beta,tau,S0,V0,modelname
Kim52,0.0021642857248365464,1.4020233347038027e-06,8.837467276951605,4.466314641469693,86844.91430008279,14953.536736368427,nine_i
