id,mu,phi,beta,lam,tau,S0,V0,modelname
Kim52,0.01513166474791549,1.624501963128441e-07,5.343961556965252,0.02647915844352115,3.493189101054465,47740.020499116064,4990.351563666001,three_i
