id,mu,phi,beta,tau,S0,V0,modelname
Kim52,0.014421070881049136,1.6996826346586786e-07,5.1277934258275355,0.3268938343810953,51758.16646562787,5273.691089067541,three_i
