id,mu,phi,beta,tau,S0,V0,modelname
Kim52,0.0022002000292448143,4.368214011359876e-07,10.877930688730464,3.760170175892779,74615.6884023732,11549.649391015611,eight_i
