id,mu,phi,beta,lam,tau,modelname
Kim52,0.04377624379414536,1.4254637874047225e-06,2.0239147923375334,0.025495686482331248,0.07587990948860528,two_i
