id,mu,phi,beta,tau,S0,V0,modelname
Kim52,0.005143620149467976,1.569545106905179e-06,7.84945322559448,5.000465669194114,83794.59734556114,17313.74384060431,eight_i
