id,mu,phi,beta,tau,S0,V0,modelname
Kim52,0.005126190544846518,1.5694444350396309e-06,8.438664193687575,4.619321146485412,84033.3877054857,18689.207045269293,nine_i
