id,mu,phi,beta,lam,tau,modelname
Kim52,0.03311699724502209,1.6881360749447723e-06,2.9471213161257634,10.612492667123139,0.09338965743976263,two_i
