id,mu,phi,beta,tau,S0,V0,modelname
Kim52,0.018990893336977514,9.284745012458728e-07,4.21696828425974,10.076805072224248,65525.73741784375,7396.988007521786,two_i
