id,mu,phi,beta,tau,S0,V0,modelname
Kim52,0.030705738111185973,6.821245147910825e-07,3.1129756594214864,12.79671976290276,45858.1832738319,9136.36098517008,one_i
