id,mu,phi,beta,H0,V0,modelname
Kim52,0.01690628649036886,1.377428739936519e-08,38.313541263043824,234798.43589164197,2812.441674529813,zero_i
