id,mu,phi,beta,tau,S0,V0,modelname
Kim52,0.0031505754375993405,1.4229690560527915e-06,8.760476981796838,4.108486527858216,84858.60938873448,16636.46358592026,ten_i
