id,mu,phi,beta,tau,S0,V0,modelname
Kim52,0.024763699284307515,5.602685495017116e-07,3.456853628011651,12.36214603017513,53565.477001563086,7728.161264692961,one_i
