id,mu,phi,beta,lam,tau,modelname
Kim52,0.04486578898185156,1.543125670088499e-06,1.992235229616037,0.12873240691143478,0.07635433194439727,two_i
