id,mu,phi,beta,lam,modelname
Kim52,0.01999705967183168,3.8419982226711597e-07,3.338858006305366,0.08943743282441904,one_i
