id,mu,phi,beta,tau,S0,V0,modelname
Kim52,0.005484038563577159,1.5423680455465587e-06,7.745676686523669,5.529693591776387,83691.39602394527,15795.564165156144,seven_i
