id,mu,phi,beta,tau,S0,V0,modelname
Kim52,0.021492290962203238,8.837228772887166e-07,4.3890393949035955,10.019072657461738,57153.96086942459,7782.39099087061,two_i
