id,mu,phi,beta,tau,S0,V0,modelname
Kim52,0.004846535342912565,1.6703553239598378e-07,7.899751878626629,1.2945936075149465,70156.21430183508,5597.642784204637,six_i
