id,mu,phi,beta,tau,S0,V0,modelname
Kim52,0.011641536517779823,1.6511417007549836e-06,6.459438135984317,6.816831205302907,74657.31744373505,13197.300532700108,five_i
