id,mu,phi,beta,tau,S0,V0,modelname
Kim52,0.008807680830989397,1.5685365236919524e-06,7.176495558811156,6.093668552051737,78332.49341975534,14645.119253708974,six_i
