id,mu,phi,beta,lam,tau,modelname
Kim52,0.009937887873389535,1.7346857367852891e-07,5.782052303237781,0.03639036921909609,0.13591451651523961,three_i
