id,mu,phi,beta,lam,tau,S0,V0,modelname
Kim52,0.01665781248642297,1.236088490581348e-06,5.1430200154349475,8.75910691277021,0.11188903801357493,67967.82697270562,9520.056666138287,three_i
