id,mu,phi,beta,tau,S0,V0,modelname
Kim52,0.004489284238958866,1.4971189772348237e-06,8.734632502486233,4.499128728213682,80816.81618026028,15772.647241692,nine_i
