id,mu,phi,beta,lam,tau,modelname
Kim52,0.01714903000053628,1.8284407816606992e-06,6.180145575740673,6.948074313449469,0.14327099554072711,five_i
