id,mu,phi,beta,tau,S0,V0,modelname
Kim52,0.020795946676552737,8.856319015489157e-07,4.269833913217382,10.011325584010864,60582.90717753159,7958.806690930031,two_i
