id,mu,phi,beta,lam,tau,modelname
Kim52,0.02573617436065296,1.7874415742932522e-06,4.052889525768759,9.220377685117988,0.11104382586212486,three_i
