id,mu,phi,beta,tau,S0,V0,modelname
Kim52,0.020145819037962864,8.634545015353245e-07,4.465470203815455,10.011733967184982,60320.41298763346,7270.428984555595,two_i
