id,mu,phi,beta,tau,S0,V0,modelname
Kim52,0.03263717090523299,5.0589349764134965e-09,32.55538695185017,0.2128111164771768,609859.7404826683,167988.29076211635,seven_i
