id,mu,phi,beta,tau,S0,V0,modelname
Kim52,0.012533806850992877,1.4074287918546842e-06,5.9812463440561725,7.77545250603388,73597.65215821656,11424.330663946725,four_i
