id,mu,phi,beta,tau,S0,V0,modelname
Kim52,0.01848666960195324,3.8969447264021155e-07,4.601700807441963,11.451559453983549,52939.40031170508,5725.858876894728,one_i
