id,mu,phi,beta,tau,S0,V0,modelname
Kim52,0.0057987692945370185,1.586210398048223e-06,7.499296999454753,5.511898037189481,82443.25693225642,16027.730441781603,seven_i
