id,mu,phi,beta,modelname
Kim52,0.02549205498817039,2.3220326354507553e-07,2.4502413481051164,zero_i
