id,mu,phi,beta,modelname
Kim52,0.025469714053344507,2.313320670734597e-07,2.457647921135263,zero_i
