id,mu,phi,beta,tau,S0,V0,modelname
Kim52,0.005321835163641465,1.547518416577617e-06,9.16772455090034,4.614524408834699,78207.71406813605,16302.320889020513,nine_i
