id,mu,phi,beta,tau,S0,V0,modelname
Kim52,0.0012027223042860682,1.408369504986155e-07,12.143753243849341,1.8101299513302305,72104.1896854694,8858.339197161293,seven_i
