id,mu,phi,beta,tau,S0,V0,modelname
Kim52,0.023069132755400193,5.245253235900914e-07,3.889296507271816,12.37632561214545,50227.84972744458,6324.414350997964,one_i
