id,mu,phi,beta,tau,S0,V0,modelname
Kim52,0.011478051094511459,1.3155581022779892e-06,5.960731870250123,7.6590098383636676,77002.24760297411,11228.879378098347,four_i
