id,mu,phi,beta,tau,S0,V0,modelname
Kim52,0.004097413829483495,1.4784685090027358e-06,8.727213540476713,4.4870466211650495,84806.42834933463,15746.762619637986,nine_i
