id,mu,phi,beta,tau,S0,V0,modelname
Kim52,0.021822763515142535,5.137581928149326e-07,4.067246989629667,12.506529244312267,50844.06963631826,6058.948695157192,one_i
