id,mu,phi,beta,lam,tau,modelname
Kim52,0.008659059761976317,1.820496850068826e-07,6.318405325970618,0.03119781190577711,0.10906839828402878,four_i
