id,mu,phi,beta,tau,S0,V0,modelname
Kim52,0.027789523475987957,6.699188864599785e-07,2.9584730542974063,12.083015626600785,53689.49064847094,8404.83642952703,one_i
