id,mu,phi,beta,tau,S0,V0,modelname
Kim52,0.004834557121976694,1.5242012325712032e-06,8.867788107678782,4.992469320684724,79076.42637500467,14616.079754745151,eight_i
