id,mu,phi,beta,tau,S0,V0,modelname
Kim52,0.024659404295014578,2.8647425608659623e-08,13.341746381288091,0.2750068392364173,1606238.6638706622,11983.264358924645,three_i
