id,mu,phi,beta,H0,V0,modelname
Kim52,0.01664223346102632,1.750336092280682e-07,4.710706632808177,47610.53157419737,5170.526268042526,zero_i
