id,mu,phi,beta,tau,S0,V0,modelname
Kim52,0.016985151635579492,1.4174951937838238e-06,4.66079461783929,9.02601244866637,70824.20945434665,11040.729113425135,three_i
