id,mu,phi,beta,tau,S0,V0,modelname
Kim52,0.022978730156671644,1.1111498761042582e-06,3.7481700517421146,10.391264106754992,66476.85207206184,9614.927663472256,two_i
