id,mu,phi,beta,lam,tau,S0,V0,modelname
Kim52,0.003558441624384459,1.4447964169844444e-07,8.848312225862337,0.9606196027484784,1.3951086579114405,64088.48704989466,3782.478071049427,five_i
