id,mu,phi,beta,tau,S0,V0,modelname
Kim52,0.015775510924923093,1.2237480764648544e-06,4.9942703705381435,8.886175347908189,73744.55005575709,10305.95304921182,three_i
