id,mu,phi,beta,tau,S0,V0,modelname
Kim52,0.003917662816142844,1.4911592314211831e-06,8.28544661926906,5.020746266045551,85899.01292562812,16512.634916663028,eight_i
