id,mu,phi,beta,tau,S0,V0,modelname
Kim52,0.003982584399405789,1.4494919584661556e-06,8.093081425568739,5.513684312216525,85967.3854709002,14827.328406262166,seven_i
