id,mu,phi,beta,lam,tau,modelname
Kim52,0.021133722799773578,1.784666153490297e-06,5.161295736152979,7.933937395373728,0.1298416050065905,four_i
