id,mu,phi,beta,tau,S0,V0,modelname
Kim52,0.009175978550497147,1.5130459305237867e-06,6.734303962628246,6.853485004668601,78798.98998327309,12572.865125434446,five_i
