id,mu,phi,beta,tau,S0,V0,modelname
Kim52,0.011044201299983973,1.869406415527185e-07,5.555314358137207,3.7505547379273896,57983.118265543715,5272.037950837129,one_i
