id,mu,phi,beta,modelname
Kim52,0.02554812691508854,2.3316718920433562e-07,2.4339226058259182,zero_i
