id,mu,phi,beta,lam,modelname
Kim52,0.045128427877958927,1.5499285244899096e-06,1.9828751908264977,0.07624927926255198,one_i
