id,mu,phi,beta,tau,S0,V0,modelname
Kim52,0.0076165356643265346,1.5713805140024091e-06,7.329471671357568,6.177709416092094,80995.4930845579,14583.700914382654,six_i
