id,mu,phi,beta,H0,V0,modelname
Kim52,0.020035281816614847,1.8643040277777322e-07,3.908119554451058,47406.684874255036,8309.332993019905,zero_i
