id,mu,phi,beta,H0,V0,modelname
Kim52,0.018861729005598238,1.7748420010235693e-07,4.194827186262643,47309.872895896864,7651.148125074467,zero_i
