id,mu,phi,beta,tau,S0,V0,modelname
Kim52,0.010128819368766381,1.1859113599883377e-06,6.244627053363128,7.461579191866574,77001.35480800534,9759.462868202423,four_i
