id,mu,phi,beta,tau,S0,V0,modelname
Kim52,0.012859983018578212,1.4064920685164532e-06,5.543590310254329,7.614950574991101,78120.11521855864,12038.833011308077,four_i
