id,mu,phi,beta,tau,S0,V0,modelname
Kim52,0.022098364402399446,5.041901810077077e-07,3.84943324199481,12.247001926766934,54824.878868528365,6232.766000619278,one_i
