id,mu,phi,beta,tau,S0,V0,modelname
Kim52,0.011575197200053938,1.601316128481137e-06,6.675775776967892,6.87654897300411,73499.27512532042,12843.203470284852,five_i
