id,mu,phi,beta,tau,S0,V0,modelname
Kim52,0.026335978619615386,1.2918027022584684e-06,3.732552534153236,10.461463991117595,58953.898533675994,9085.839659983443,two_i
