id,mu,phi,beta,H0,V0,modelname
Kim52,0.016270390851934394,1.7493216946681402e-07,4.703662267480134,48332.4764170929,5286.081007427027,zero_i
