id,mu,phi,beta,lam,tau,H0,V0,modelname
Kim52,0.011473751864337469,1.6810977861431213e-07,5.071321831268141,0.26984793782282906,4.220847391016145,109320.42649521182,4668.71982751639,five_i
