id,mu,phi,beta,tau,S0,V0,modelname
Kim52,0.0060692911846122665,1.6206927469505606e-06,7.719344578919542,5.574860889916142,82754.98711565844,16171.177092086202,seven_i
