id,mu,phi,beta,tau,S0,V0,modelname
Kim52,0.01765476225816124,1.3759858791814147e-06,4.869197547738467,8.839841203935137,69469.69933739287,9846.200371931047,three_i
