id,mu,phi,beta,tau,S0,V0,modelname
Kim52,0.010703840176842202,1.5194548951480876e-06,6.6277704524047945,6.843257578852605,75418.21730495642,13099.762291559935,five_i
