id,mu,phi,beta,tau,S0,V0,modelname
Kim52,0.0037437416893754062,1.4341993317480376e-06,8.946439515955577,4.100542628068822,85668.43773460892,16668.626747042625,ten_i
