id,mu,phi,beta,tau,S0,V0,modelname
Kim52,0.00016694135740952254,9.846241884490017e-11,14.421581289369993,0.23104279426686225,25311.711049419442,98350.65346692958,four_i
