id,mu,phi,beta,tau,S0,V0,modelname
Kim52,0.005831162826092267,1.5905911690928256e-06,7.983681581459009,5.008396946131854,83092.71180837246,17383.09526985041,eight_i
