id,mu,phi,beta,tau,S0,V0,modelname
Kim52,0.0054672854463803265,1.491956204148404e-06,7.568420417440714,5.439959295835308,85641.95779203792,15464.403925384922,seven_i
