id,mu,phi,beta,lam,tau,S0,V0,modelname
Kim52,0.020054733481027178,9.663337304045359e-07,4.156126260592223,9.451937570261764,0.09189974370856399,64151.211622024304,7613.476559423919,two_i
