id,mu,phi,beta,tau,S0,V0,modelname
Kim52,0.014117492766718292,1.0272530070370278e-06,5.420247354168726,8.700818589459876,68434.71225973577,9121.869568568745,three_i
