id,mu,phi,beta,tau,S0,V0,modelname
Kim52,0.018942116171699462,1.8320392145865588e-07,4.088106587434732,0.42964640330784126,49015.61701891283,8975.9431852056,one_i
