id,mu,phi,beta,tau,S0,V0,modelname
Kim52,0.006533996779760051,1.5756952948595092e-06,8.179567372785828,4.978065617392879,80349.73458602843,16437.84078740282,eight_i
