id,mu,phi,beta,tau,S0,V0,modelname
Kim52,0.020157655212993883,1.963721700273474e-07,3.653526243603524,0.04687318041382608,50468.073965585434,9232.410961814852,ten_i
