id,mu,phi,beta,tau,S0,V0,modelname
Kim52,0.002381993839075477,1.190635354629516e-06,8.730248784968987,6.085323900778858,84719.34553750198,11549.905006542234,six_i
