id,mu,phi,beta,tau,S0,V0,modelname
Kim52,0.017079481458230274,1.0835899597889407e-06,5.395213654541713,8.596701270050092,63485.034154316076,9080.849907849975,three_i
