id,mu,phi,beta,H0,V0,modelname
Kim52,0.01801261851685852,1.7835820669840465e-07,4.162178721552335,50223.4628308912,7547.4653088278255,zero_i
