id,mu,phi,beta,tau,S0,V0,modelname
Kim52,0.013662364489376588,1.3506686125974974e-06,5.880007365101062,7.664557679471256,71481.87382016476,11763.934451044448,four_i
