id,mu,phi,beta,lam,modelname
Kim52,0.04259146540271322,1.299280046861012e-06,2.0759858319773734,0.0757028571994893,one_i
