id,mu,phi,beta,tau,S0,V0,modelname
Kim52,0.00027508477543622455,3.5399408982401778e-09,424.6832234345924,0.03312807816655176,22330.913128117016,14149.06316404336,eight_i
