id,mu,phi,beta,tau,S0,V0,modelname
Kim52,0.0022593941964240832,1.2848287386137033e-06,8.584420948456826,3.9695909887436556,91921.11301274068,15904.607270588765,ten_i
