id,mu,phi,beta,tau,S0,V0,modelname
Kim52,0.003342531492389251,1.512707727067789e-06,8.877165326073227,4.543325866577808,84748.10778808419,15961.396017728339,nine_i
