id,mu,phi,beta,tau,S0,V0,modelname
Kim52,0.0139964731084918,1.7305416496554699e-07,5.34669012875625,0.5737410716492524,51263.867130921986,5556.486371521353,three_i
