id,mu,phi,beta,lam,tau,modelname
Kim52,0.008022467802342198,1.6287090843587708e-07,6.98289186379782,0.036973242429761605,0.11499410871660709,five_i
