id,mu,phi,beta,tau,S0,V0,modelname
Kim52,0.008010406801854542,1.3555520533464877e-06,6.729603818742397,6.764768823885033,82900.04666718633,12840.58635488948,five_i
