id,mu,phi,beta,tau,S0,V0,modelname
Kim52,0.0216904596989506,1.0319694118380954e-06,4.055701150204655,10.21684363046132,63307.792707755914,7913.074926487147,two_i
