id,mu,phi,beta,H0,V0,modelname
Kim52,0.01672717853628874,1.814857869208124e-07,3.9981352316627223,56312.36649625711,7596.767046307583,zero_i
