id,mu,phi,beta,tau,S0,V0,modelname
Kim52,0.01130615329872337,1.3086352734913477e-06,6.2277903010689055,7.6221210527336565,74925.85425707372,10181.822772788755,four_i
