id,mu,phi,beta,tau,S0,V0,modelname
Kim52,0.0027163501924874598,1.4358375959450037e-06,9.391458846499226,4.117930475219001,84448.01473614151,15323.78644795759,ten_i
