id,mu,phi,beta,tau,S0,V0,modelname
Kim52,0.024344825135084416,1.0689962607315248e-06,3.8569411606166004,10.381707121876616,58308.34689661161,9785.253223750162,two_i
