id,mu,phi,beta,tau,S0,V0,modelname
Kim52,0.003796179496257699,4.227884469142994e-07,8.651713809284823,6.436301950605733,74811.51159131879,10702.70660671467,four_i
