id,mu,phi,beta,tau,S0,V0,modelname
Kim52,0.016366309167984434,1.145395353584437e-06,5.108318490996278,8.607837338657443,67346.95663478758,9493.560223888564,three_i
