id,mu,phi,beta,tau,S0,V0,modelname
Kim52,0.0031610233932990828,1.1435705802204807e-06,9.853305628122596,4.330400968042527,81853.75044180495,13251.369986107453,nine_i
