id,mu,phi,beta,tau,S0,V0,modelname
Kim52,0.0029212336722985325,1.3522855455769744e-06,9.232299991931631,4.045118787707107,84951.40076504958,15200.178199288039,ten_i
