id,mu,phi,beta,tau,S0,V0,modelname
Kim52,0.013904878880230743,1.722920457924196e-07,5.205825798204933,0.6776544031567633,52179.80772960567,5385.645700790276,two_i
