id,mu,phi,beta,tau,S0,V0,modelname
Kim52,0.003972589602544816,1.4894627460442967e-06,8.60763004001896,4.072392852278328,84919.59731625303,16283.316967485232,ten_i
