id,mu,phi,beta,lam,tau,modelname
Kim52,0.043907084879153804,1.5319327412761763e-06,1.9989667320633644,0.016474305399358784,0.07506808680082011,four_i
