id,mu,phi,beta,tau,S0,V0,modelname
Kim52,0.011413501881881295,1.5809900065439573e-06,6.574651697037179,6.833525485257012,73564.4961246012,13063.386009242979,five_i
