id,mu,phi,beta,tau,S0,V0,modelname
Kim52,0.007901784394212014,1.4134256793999022e-06,7.493939093335633,6.064990416822497,77001.83264685229,14106.22484356278,six_i
