id,mu,phi,beta,H0,V0,modelname
Kim52,0.01610743360075024,1.7669623666644319e-07,4.58731957332587,50036.83949198277,5096.768222595625,zero_i
