id,mu,phi,beta,lam,tau,H0,V0,modelname
Kim52,0.010866171080536856,1.9123162198825028e-07,5.066854284555161,1.00640526509575,4.355025626741271,140788.11034533303,5288.078649336077,four_i
