id,mu,phi,beta,tau,S0,V0,modelname
Kim52,0.03397719476640413,1.8165064473824638e-06,3.321454068920485,10.938692792124261,52716.63272684557,11750.094481694816,two_i
