id,mu,phi,beta,tau,S0,V0,modelname
Kim52,0.005570570126745245,1.4796623240415121e-06,8.420586408680212,4.918881442862442,80740.97293049401,15520.686566991024,eight_i
