id,mu,phi,beta,tau,S0,V0,modelname
Kim52,0.03802672793742551,8.147895807892874e-09,3.7765239078390316,1.616203989477083,202851.59833305064,2494.6955865160508,ten_i
