id,mu,phi,beta,tau,S0,V0,modelname
Kim52,0.005463411854375756,1.6284097927875593e-06,8.312979397806991,5.030459899843237,81086.8526012414,16050.757057825098,eight_i
