id,mu,phi,beta,tau,S0,V0,modelname
Kim72,0.1152696453369081,2.952197570796222e-07,3.0043701227729254,0.16503813521425345,31111.765557685783,86335.15896313061,ten_i
