id,mu,phi,beta,lam,tau,modelname
Kim72,0.09968964405106207,1.607728884346364e-07,3.925617863437711,0.026529110057330232,0.4242990140466515,five_i
