id,mu,phi,beta,tau,S0,V0,modelname
Kim71,0.0533150315526575,4.4354852511512776e-08,951.0460376249398,1.1210957458366586,673.6878412528022,184171.44524468,one_i
