id,mu,phi,beta,tau,S0,V0,modelname
Kim71,0.20859699285237762,7.073832856773012e-07,9.716583069437746,4.200770491150801,994.6730775272483,180952.4907581719,ten_i
