id,mu,phi,beta,tau,S0,V0,modelname
Kim71,0.0498886966744688,1.150641009831471e-07,1948.2419808275006,2.1912865947036315,739.2645141514929,221399.78164036915,eight_i
