id,mu,phi,beta,tau,S0,V0,modelname
Kim71,0.057754108574057494,2.5972487588745606e-07,43.492912263987584,0.2319141962163963,254.49879656730107,985456.447167803,three_i
