id,mu,phi,beta,modelname
Kim71,0.0631831669106498,4.923040893730501e-08,475.78565788916904,zero_i
