id,mu,phi,beta,tau,S0,V0,modelname
Kim71,0.04950057484370625,4.835758075015542e-08,1092.1266030657682,0.3249443043388851,700.1872449856238,192556.0778648799,ten_i
