id,mu,phi,beta,H0,V0,modelname
Kim72,0.12574676991206807,2.277049347383547e-07,2.31890862850337,38918.71408442935,85369.8784026585,zero_i
