id,mu,phi,beta,lam,tau,modelname
Kim72,0.2362796564108035,1.1139817377349694e-06,1.5986047923572448,1.4459344987212948,0.30916064967815504,three_i
