id,mu,phi,beta,lam,tau,H0,V0,modelname
Kim72,0.0954589931067688,2.8187378886452243e-07,2.1380412339907537,0.008902354495039061,2.313233768380044,119290.24314331979,51758.95986271189,four_i
