id,mu,phi,beta,modelname
Kim72,0.20239119291413243,3.5067114555750007e-07,1.3419954146719375,zero_i
