id,mu,phi,beta,lam,modelname
Kim71,0.057187096178538135,5.263312257161891e-08,664.1891842264937,0.29729121409157033,one_i
