id,mu,phi,beta,tau,S0,V0,modelname
Kim71,0.05035045679291958,1.0867970863729918e-07,1851.5355680041334,2.3306111192964845,732.4723229126065,210840.90985859296,seven_i
