id,mu,phi,beta,tau,S0,V0,modelname
Kim71,0.053448397789834935,5.4376339384474563e-08,899.6537321014357,1.8031222817031234,729.2075801386169,203058.50655275965,two_i
