id,mu,phi,beta,tau,S0,V0,modelname
Kim71,0.047895501620222804,8.265336390265782e-08,1597.391906690177,2.5477083712068884,803.2364695753593,214274.9562672385,five_i
