id,mu,phi,beta,tau,S0,V0,modelname
Kim72,0.11046004223782317,2.9547960370424907e-07,3.0351058149808736,0.18407662795248472,34875.33737139807,82521.30730965307,ten_i
