id,mu,phi,beta,tau,S0,V0,modelname
Kim71,0.04780949822650848,1.0370510262892525e-07,1842.372973562222,2.318927046143231,788.6537226111445,220917.83122651468,seven_i
