id,mu,phi,beta,tau,S0,V0,modelname
Kim71,0.04353528687467238,6.998086341560809e-08,1696.8955292864816,2.1329914777877694,762.5193770305016,183786.10627474808,five_i
