id,mu,phi,beta,tau,S0,V0,modelname
Kim71,0.15580212080763312,8.669667969484647e-07,46.03751894610058,5.020072305985579,1290.6725588731351,208937.59155411445,seven_i
