id,mu,phi,beta,lam,tau,S0,V0,modelname
Kim72,0.14711088369844447,5.102066344523302e-07,2.6044721045573076,0.14422244470989193,0.3136713469974435,26830.758236824662,82048.66685953335,three_i
