id,mu,phi,beta,tau,S0,V0,modelname
Kim71,0.04378799168593686,6.846178168039409e-08,1566.1258635319207,2.6285276512219915,819.9131757818462,202447.6762144887,four_i
