id,mu,phi,beta,tau,S0,V0,modelname
Kim71,0.05270292500112572,1.1984170402603806e-07,1882.91919167327,2.2108880166738984,735.1713421969074,228697.50261550702,eight_i
