id,mu,phi,beta,tau,S0,V0,modelname
Kim72,0.11212269255819547,2.852281736341884e-07,3.0090775737007913,0.36110930943725084,32010.65246561959,78183.72219207913,four_i
