id,mu,phi,beta,lam,tau,S0,V0,modelname
Kim71,0.05958232773675878,7.055176153837994e-08,936.199107211579,0.33320812484952855,0.19743900628745498,659.7204520192294,200139.63724371867,four_i
