id,mu,phi,beta,modelname
Kim72,0.20331778410251128,3.5196230786045825e-07,1.337784704373634,zero_i
