id,mu,phi,beta,lam,tau,modelname
Kim71,0.05706826764914713,5.078758060068508e-08,639.5654532401605,0.034625445713367585,0.3933988898891573,two_i
