id,mu,phi,beta,tau,S0,V0,modelname
Kim72,0.11493593529263046,3.01882259135372e-07,2.842162392161753,0.16934415511271525,32982.49560063388,82180.59690583886,nine_i
