id,mu,phi,beta,tau,S0,V0,modelname
Kim72,0.12620861699685082,3.60974215490779e-07,2.3312907584018236,0.5765150390601579,57010.2170792262,142965.52634613847,five_i
