id,mu,phi,beta,tau,S0,V0,modelname
Kim71,0.05006961334334777,5.0056620497418564e-08,1100.689372445701,0.7636999906431247,707.4210797609405,201758.9726961504,five_i
