id,mu,phi,beta,tau,S0,V0,modelname
Kim72,0.1297451453479158,3.106820512795872e-07,2.200813878973353,1.3721519064858902,47365.9955209949,116376.4280528958,one_i
