id,mu,phi,beta,tau,S0,V0,modelname
Kim71,0.049969423292381444,5.13151819915675e-08,1050.2277998760724,2.121963749800628,762.4466791760084,209894.92049820334,two_i
