id,mu,phi,beta,lam,tau,H0,V0,modelname
Kim71,0.040523459561831066,4.4223750891271565e-08,1073.9613586425298,0.6718950676581121,0.4429094643443524,2516.0968521817585,174661.60999496654,two_i
