id,mu,phi,beta,tau,S0,V0,modelname
Kim71,0.05183350352025964,4.249366193696892e-08,976.4935622237125,0.10415105459194111,695.3369322829363,186911.29277413327,nine_i
