id,mu,phi,beta,tau,S0,V0,modelname
Kim72,0.1534593450434933,6.476481684168295e-07,2.7204691040463227,2.6916009423432943,32849.99152996622,94315.09949823194,two_i
