id,mu,phi,beta,tau,S0,V0,modelname
Kim72,0.12527555020012032,3.4724344918887235e-07,2.309060179635258,0.6280429449937647,52926.32901355464,124622.3480477512,four_i
