id,mu,phi,beta,lam,tau,S0,V0,modelname
Kim72,0.12318301387070774,2.923512296931876e-07,2.744635878749469,0.03705401334931604,1.2336577824595119,25009.93776647682,76976.94937285603,two_i
