id,mu,phi,beta,lam,tau,modelname
Kim71,0.05025851936176402,7.684551792107654e-08,1155.8869980596362,3.108451227141001,0.30257937445230243,four_i
