id,mu,phi,beta,tau,S0,V0,modelname
Kim72,0.1131256213575215,2.9023449159156237e-07,3.0858169637398047,0.1938348152189678,29970.71771572119,80360.44621391875,eight_i
