id,mu,phi,beta,tau,S0,V0,modelname
Kim72,0.1203290177508251,3.388215400182721e-07,2.5181153475168405,0.491994286592804,53606.63604948449,132578.19597267883,six_i
