id,mu,phi,beta,H0,V0,modelname
Kim72,0.12456719916954534,2.2660824950674703e-07,2.3679120277695187,38377.32985491309,90224.62667155456,zero_i
