id,mu,phi,beta,tau,S0,V0,modelname
Kim71,0.05007568400286486,4.176864590151751e-08,1008.3415033662327,0.09325900610409871,711.8727508091001,182684.87707698878,ten_i
