id,mu,phi,beta,H0,V0,modelname
Kim71,0.05596978834498242,4.385703733229206e-08,863.3965595259076,631.8215148274593,179494.2942073794,zero_i
