id,mu,phi,beta,tau,S0,V0,modelname
Kim72,0.11506640808762726,3.0474666584418686e-07,2.9907316534453607,0.19996120859675656,31097.491593348106,86156.40718213064,nine_i
