id,mu,phi,beta,tau,S0,V0,modelname
Kim71,0.05757539438805502,4.704564274753199e-08,841.1917927104103,0.2736042893243586,678.3605407067753,228278.7542958361,five_i
