id,mu,phi,beta,tau,S0,V0,modelname
Kim72,0.10947334733622642,2.9951622519678655e-07,3.194314655165335,0.24680455538392967,33363.9401231744,83170.69965721866,eight_i
