id,mu,phi,beta,lam,tau,modelname
Kim72,0.22734124144692686,1.1846618361794002e-06,1.7841806326249385,1.1355837256011725,0.31194165483118674,five_i
