id,mu,phi,beta,lam,tau,S0,V0,modelname
Kim71,0.05535750218854337,5.977947712165957e-08,933.4473816446017,0.3322722818911486,0.26052842609045296,675.7313186779435,206738.40390888197,three_i
