id,mu,phi,beta,lam,tau,modelname
Kim71,0.05015052795230569,8.378696875068579e-08,1253.2146478924572,2.829617065957255,0.3333858071400551,five_i
