id,mu,phi,beta,tau,S0,V0,modelname
Kim71,0.036482346286545626,7.82388206804632e-08,1799.4123429401025,1.7966805215154174,994.9849524664415,219764.35561344246,eight_i
