id,mu,phi,beta,H0,V0,modelname
Kim71,0.05723326283640974,4.3527054559898625e-08,790.8872417158168,690.3742546943054,212513.0759842854,zero_i
