id,mu,phi,beta,tau,S0,V0,modelname
Kim71,0.051268971050044965,4.209556699655044e-08,1023.26575414294,0.29282057745440904,665.901480643374,185668.7512063023,three_i
