id,mu,phi,beta,modelname
Kim71,0.06281032573788471,4.8333825966865036e-08,489.132759667898,zero_i
