id,mu,phi,beta,lam,modelname
Kim72,0.11495660432235662,1.9326357041586745e-07,3.1784659191584743,0.3719125061283718,one_i
