id,mu,phi,beta,lam,tau,modelname
Kim71,0.05363456081537365,4.926592550471702e-08,759.2974069833341,0.030404191894579054,0.28003931976400476,three_i
