id,mu,phi,beta,tau,S0,V0,modelname
Kim72,0.11045500579245657,2.9745767871480566e-07,3.0559165477925005,0.30863610414042714,34623.83715864428,81438.28286517237,six_i
