id,mu,phi,beta,tau,S0,V0,modelname
Kim72,0.11259847632139543,3.0317248419964984e-07,3.0757109530012503,0.18463710381022364,32262.37765778399,85194.40195197583,ten_i
