id,mu,phi,beta,H0,V0,modelname
Kim71,0.05289660124136437,4.372717847423082e-08,854.2949809518603,689.6882497615788,171191.4731961639,zero_i
