id,mu,phi,beta,tau,S0,V0,modelname
Kim71,0.04020003938351048,7.477783996532133e-08,1556.4605686692394,1.770287055796569,953.313146230271,214700.27922541014,seven_i
