id,mu,phi,beta,tau,S0,V0,modelname
Kim71,0.05287016633305375,4.454740132191678e-08,767.5735190424089,0.05423049227216865,795.627709777994,194082.21088507056,four_i
