id,mu,phi,beta,H0,V0,modelname
Kim72,0.12237294903570747,2.504100132989395e-07,2.907366800034674,19625.814688636485,62655.57424738331,zero_i
