id,mu,phi,beta,tau,S0,V0,modelname
Kim71,0.09100039659755557,1.6521819692773837e-07,11.934699556709969,0.8150807028757183,2742.194938710058,93104.12167739189,five_i
