id,mu,phi,beta,H0,V0,modelname
Kim72,0.12684865794332933,2.579062159267572e-07,2.2885293716427624,34973.693726334626,80943.2170959554,zero_i
