id,mu,phi,beta,tau,S0,V0,modelname
Kim72,0.11776328313906453,2.7393952799172603e-07,3.005307712419379,0.7546481999566236,23635.386912424226,70034.91708780258,one_i
