id,mu,phi,beta,tau,S0,V0,modelname
Kim71,0.05263939724182028,4.6826395422798185e-08,1044.9857494423304,0.6781949830691361,631.4136940160162,190514.99942854574,three_i
