id,mu,phi,beta,lam,modelname
Kim72,0.25188477882851656,9.465381350500083e-07,1.3403326409302871,0.3061865704095636,one_i
