id,mu,phi,beta,tau,S0,V0,modelname
Kim72,0.06123554492122612,2.3007415938610757e-06,21.997086043920277,31.387599907513003,98928.38816170211,36399.75267723722,ten_i
