id,mu,phi,beta,tau,S0,V0,modelname
Kim71,0.04768711539822409,4.7405368994724396e-08,1127.7620787330754,1.4871673351626118,730.2379597748842,174093.76543831642,two_i
