id,mu,phi,beta,tau,S0,V0,modelname
Kim72,0.061152827941065295,3.7960968241538725e-08,11.7430630222957,0.13289460008557336,59456.70143480387,464460.24768379395,five_i
