id,mu,phi,beta,lam,tau,modelname
Kim72,0.24142881310061093,1.0357354282782675e-06,1.4875409121028835,1.686550142935335,0.30815310762087433,two_i
