id,mu,phi,beta,tau,S0,V0,modelname
Kim72,0.17533460879283336,7.072277611592948e-08,40.69607488695487,4.585905569883318,688129.8904758702,230639.36079291304,one_i
