id,mu,phi,beta,lam,tau,modelname
Kim72,0.20271989909197868,5.983721646611596e-07,1.514195276637702,0.02711267127714964,0.3215909518565303,four_i
