id,mu,phi,beta,modelname
Kim71,0.06286470179531557,4.832257270943072e-08,488.9656120871715,zero_i
