id,mu,phi,beta,tau,S0,V0,modelname
Kim72,0.11466559389980892,2.9933518628212485e-07,2.970531624177403,0.48623022790529447,30014.030130508123,78505.07731245646,three_i
