id,mu,phi,beta,tau,S0,V0,modelname
Kim72,0.051866098071218295,2.49767903901703e-07,5.678864870136484,0.7743022850170015,102430.27304496722,126898.92698290574,ten_i
