id,mu,phi,beta,tau,S0,V0,modelname
Kim71,0.05593442270665149,4.5185203128841506e-08,855.8537105162562,0.19428514331893323,645.6342695604836,187820.07294077778,two_i
