id,mu,phi,beta,tau,S0,V0,modelname
Kim72,0.1302259252853236,3.645797236769094e-07,2.3120117331643053,0.34649739428365345,50410.581823680375,140057.8143737179,eight_i
