id,mu,phi,beta,tau,S0,V0,modelname
Kim71,0.05250322798031369,1.0603462752796859e-07,1523.0160015363006,1.9202426763615215,775.9563113873559,232170.4947106239,eight_i
