id,mu,phi,beta,tau,S0,V0,modelname
Kim71,0.04823143338927308,4.477098144552014e-08,1116.6020656658568,0.35995396795394724,694.4242252999692,181529.6982143562,six_i
