id,mu,phi,beta,tau,S0,V0,modelname
Kim71,0.04618521737772611,7.91782060787453e-08,1597.5356286360131,2.418496648981808,785.983567480276,209519.83952130642,five_i
