id,mu,phi,beta,lam,tau,S0,V0,modelname
Kim72,0.1169756700275928,2.512556817462357e-07,3.2458821402558025,0.12303140431742852,2.818075422685249,21305.989956383804,70812.65526725941,two_i
