id,mu,phi,beta,tau,S0,V0,modelname
Kim71,0.052458381941761154,4.5681332812450747e-08,971.2870472071983,1.3174674259030836,666.3087722960938,183669.29920850028,one_i
