id,mu,phi,beta,tau,S0,V0,modelname
Kim72,0.08933318838067243,2.6197280127211776e-07,3.618026594907773,1.0397797065899284,72586.51354750294,113785.65392119081,four_i
