id,mu,phi,beta,tau,S0,V0,modelname
Kim71,0.06092590011801655,6.275949556618829e-08,716.4665961078072,4.1574453746437285,749.0683483308115,233355.2780862663,one_i
