id,mu,phi,beta,lam,S0,V0,modelname
Kim72,0.12126021423287735,2.887346240298165e-07,2.795892636418939,1.1450802924919476,25387.08018675819,74670.26015682342,one_i
