id,mu,phi,beta,tau,S0,V0,modelname
Kim71,0.04848505683765294,4.849910352863209e-08,1201.3022336712456,0.949265768385401,686.513570404714,190017.78054154993,four_i
