id,mu,phi,beta,H0,V0,modelname
Kim71,0.05678088089716606,4.394481469322623e-08,843.5757091651869,630.4841012941686,186385.67664354225,zero_i
