id,mu,phi,beta,H0,V0,modelname
Kim71,0.057012549049825285,4.4510468253233685e-08,818.8403053784135,629.5807275762226,189593.06388206474,zero_i
