id,mu,phi,beta,tau,S0,V0,modelname
Kim71,0.058515843800485724,4.457961587355119e-08,859.5278755802364,0.14899836407953446,580.9983148041795,192748.96386195888,one_i
