id,mu,phi,beta,tau,S0,V0,modelname
Kim71,0.20881948015160573,2.770003533464687e-07,17.575935664621035,0.11532738875712636,338.5963584686424,219005.32526547613,six_i
