id,mu,phi,beta,tau,S0,V0,modelname
Kim71,0.050248749170967215,1.1787108899049961e-07,1905.6740291758026,1.820249552589673,804.8422159125022,233853.07288253703,ten_i
