id,mu,phi,beta,tau,S0,V0,modelname
Kim72,0.12327449763023614,3.020047901731719e-07,2.7415066923297617,0.5684732722285472,27447.418063274927,85613.312324247,two_i
