id,mu,phi,beta,tau,S0,V0,modelname
Kim72,0.13552077108657007,3.6525519746055624e-07,2.246568405287727,0.31390524206024883,45814.39707621433,139793.2989721496,eight_i
