id,mu,phi,beta,lam,tau,modelname
Kim71,0.05625615050700511,5.311617953321592e-08,703.489152182534,0.03289189560814399,0.2580109417167004,four_i
