id,mu,phi,beta,tau,S0,V0,modelname
Kim71,0.0662116597443183,5.8210921812443896e-08,498.1891379834512,0.10924995583574466,743.3435649811145,241922.28846551795,seven_i
