id,mu,phi,beta,tau,S0,V0,modelname
Kim71,0.09232680230753558,4.715916936798292e-07,37.50013239367489,8.810183572459186,1715.8974036640964,150281.24721942356,six_i
