id,mu,phi,beta,lam,modelname
Kim71,0.05653754890470271,5.25933670795042e-08,667.9528723736639,0.2988022953360836,one_i
