id,mu,phi,beta,lam,S0,V0,modelname
Kim71,0.0694499051145319,6.303181213592364e-08,587.5457039199014,0.6965391580079054,574.7328631841169,241639.01600883837,one_i
