id,mu,phi,beta,tau,S0,V0,modelname
Kim72,0.09411320028843603,2.7390941671617334e-07,3.613326571115026,0.7678388722651392,62773.371993102715,119269.19793585512,five_i
