id,mu,phi,beta,tau,S0,V0,modelname
Kim72,0.11288457318656565,2.9475715774563493e-07,3.0089572831379776,0.396339669024295,31833.954529714225,79809.90456224036,four_i
