id,mu,phi,beta,tau,S0,V0,modelname
Kim72,0.11486620385459431,2.943267007438106e-07,3.0019935408048073,0.21253386903497873,30070.242680190233,80946.87186511802,seven_i
