id,mu,phi,beta,lam,tau,H0,V0,modelname
Kim72,0.07870196575316195,2.605452557336256e-07,3.121297739093887,0.25706180406227147,0.6972382602840284,46446.71307509866,60811.60744838734,five_i
