id,mu,phi,beta,lam,tau,modelname
Kim71,0.05607177461387856,5.0347938559518726e-08,710.8539283405447,0.031517023189491795,0.3075872299017401,four_i
