id,mu,phi,beta,tau,S0,V0,modelname
Kim72,0.11299518809635457,3.426548703902768e-07,2.576354507731612,0.4590160939741885,67061.71118067521,139294.35146439023,eight_i
