id,mu,phi,beta,H0,V0,modelname
Kim72,0.12308940978726074,2.5130662090358877e-07,2.866671678803625,19891.766489437538,63499.392811389065,zero_i
