id,mu,phi,beta,tau,S0,V0,modelname
Kim71,0.046494940635331175,5.337783894384932e-08,1180.6605954007082,0.6628614764071729,775.4217821328076,201620.52020527513,eight_i
