id,mu,phi,beta,tau,S0,V0,modelname
Kim71,0.058571246619428086,4.8739530390320095e-08,690.1749261598007,0.11818234770906741,715.0915214584686,217969.18483996656,six_i
