id,mu,phi,beta,tau,S0,V0,modelname
Kim72,0.11778640668700381,2.9953275388022554e-07,2.8691916502034065,0.6119040112270949,28401.90257721138,79230.28688303709,two_i
