id,mu,phi,beta,tau,S0,V0,modelname
Kim71,0.04975380766339401,1.0716535210523494e-07,1772.6259618529987,2.0845338717472535,790.1608066078174,229849.29511644112,eight_i
