id,mu,phi,beta,tau,S0,V0,modelname
Kim71,0.05361306199508741,1.8805234638263248e-07,38.0689955712651,0.9109032354361812,363.2364384621017,1484341.3404237188,two_i
