id,mu,phi,beta,tau,S0,V0,modelname
Kim72,0.11517775810568798,2.930682919909832e-07,2.9998989475665994,0.17839369026748875,30791.648710202022,85003.17179593493,nine_i
