id,mu,phi,beta,tau,S0,V0,modelname
Kim71,0.054329874757532565,4.722151890613651e-08,867.0748213174844,0.8660133719779906,704.5738889704937,231171.5657446471,two_i
