id,mu,phi,beta,tau,S0,V0,modelname
Kim71,0.05650090845976226,4.9420207690032557e-08,650.0188232063427,0.03827783179709235,773.7193712530819,215747.8526811234,nine_i
