id,mu,phi,beta,H0,V0,modelname
Kim71,0.05423235816819159,4.112102498735234e-08,923.5962448697418,647.5986338295822,179947.3551340843,zero_i
