id,mu,phi,beta,lam,tau,S0,V0,modelname
Kim71,0.050764862950496065,7.06130536608535e-08,703.6061469485869,0.24913570174271382,0.17637748968669587,1007.8913452922924,204658.80146779207,two_i
