id,mu,phi,beta,lam,modelname
Kim72,0.24896752556142776,9.22723085495773e-07,1.3505335129914586,0.3050237698744711,one_i
