id,mu,phi,beta,tau,S0,V0,modelname
Kim71,0.04888206140981961,6.473929903377714e-08,689.3945584509686,0.6353975105107273,1051.7491888718814,236837.09198747593,nine_i
