id,mu,phi,beta,lam,modelname
Kim72,0.25407451428599603,9.586682782467908e-07,1.3434338167620876,0.30252134823685956,one_i
