id,mu,phi,beta,tau,S0,V0,modelname
Kim72,0.11888972934056881,3.548644653212106e-07,2.4996267372561816,0.44691623757061333,54731.47540492599,126725.24156956132,seven_i
