id,mu,phi,beta,tau,S0,V0,modelname
Kim71,0.05447556269832172,5.234479570668262e-08,822.8935803949229,2.3577535806417855,726.1186396829485,203672.78732718286,one_i
