id,mu,phi,beta,tau,S0,V0,modelname
Kim71,0.0521406398320993,4.610210160665372e-08,984.1166671953627,1.4836670913377357,678.7984340072458,177317.06169892845,one_i
