id,mu,phi,beta,tau,S0,V0,modelname
Kim72,0.08481007305064564,2.4224916030882886e-07,4.09151830751212,0.649647886914953,67572.60619917378,108540.65702613283,six_i
