id,mu,phi,beta,H0,V0,modelname
Kim72,0.12522341165239398,2.560171025320488e-07,2.809340439132523,18875.124872166292,64129.23105584468,zero_i
