id,mu,phi,beta,tau,S0,V0,modelname
Kim72,0.14371214204726404,3.8249466615226965e-07,1.9276161089250337,1.0455827728164415,55994.2580072091,147383.8073869212,two_i
