id,mu,phi,beta,lam,tau,modelname
Kim72,0.007366440204666628,1.3674308073107142e-09,63.52838734140967,0.02120604895751819,0.056264105567723884,two_i
