id,mu,phi,beta,tau,S0,V0,modelname
Kim71,0.05417434069598757,1.2370026836635466e-07,1660.7512771044155,2.0173401220707587,782.7233048681284,249253.87004906908,nine_i
