id,mu,phi,beta,lam,tau,modelname
Kim72,0.23073877901226333,1.1678560526330082e-06,1.6974253004133089,1.314341891189061,0.3134715554697568,four_i
