id,mu,phi,beta,tau,S0,V0,modelname
Kim71,0.04704271803622187,5.59317109265876e-08,1152.783948340114,2.060573006393503,813.8634797434104,209964.19395132796,three_i
