id,mu,phi,beta,H0,V0,modelname
Kim71,0.060761841477779556,4.714583797578109e-08,654.4104853641763,711.5761492257581,233631.84365511232,zero_i
