id,mu,phi,beta,tau,S0,V0,modelname
Kim72,0.11546638358685543,3.457541663585028e-07,2.4395001994456127,0.5266685748709914,55497.77299538219,111825.80804690708,five_i
