id,mu,phi,beta,lam,tau,S0,V0,modelname
Kim71,0.05153917700043157,4.5202584303697924e-08,1072.3714284562848,0.2383283494772287,0.6107490256239082,673.6152677493052,188811.4983292441,three_i
