id,mu,phi,beta,tau,S0,V0,modelname
Kim71,0.20468556116850364,3.5939526598261707e-07,24.202070978382253,0.6819402505880959,1346.9043910882403,137151.0058305614,two_i
