id,mu,phi,beta,H0,V0,modelname
Kim72,0.12243990698173192,2.490744585671174e-07,2.9112865444474147,19474.295373608482,62425.26622028448,zero_i
