id,mu,phi,beta,tau,S0,V0,modelname
Kim72,0.11967391921642498,3.403251443604461e-07,2.579769307283294,0.3064358244706064,52452.34936663185,131593.09146881834,ten_i
