id,mu,phi,beta,tau,S0,V0,modelname
Kim71,0.048920786724554494,4.48911248671639e-08,1102.8387157989457,0.8666655333695721,720.6252703146268,196885.72624295935,three_i
