id,mu,phi,beta,tau,S0,V0,modelname
Kim71,0.04694810497077622,8.349543787895416e-08,1666.0297008193047,1.9332806753530813,789.7288584636477,230041.11941286264,seven_i
