id,mu,phi,beta,tau,S0,V0,modelname
Kim72,0.03108583206501941,2.095593044234545e-07,8.606083334572272,1.013729073329556,113451.70103011426,110793.2362050825,nine_i
