id,mu,phi,beta,lam,tau,modelname
Kim71,0.05720646314864669,5.2373626429674896e-08,669.3927748591814,0.029128767057488292,0.2947220143916517,two_i
