id,mu,phi,beta,tau,S0,V0,modelname
Kim72,0.12213094045408365,3.573066790616002e-07,2.307738813480254,0.5284796489914051,55478.5529198673,120995.95405417896,five_i
