id,mu,phi,beta,tau,S0,V0,modelname
Kim71,0.04813956669219342,8.203529892482066e-08,1673.8011488265363,2.540165415076405,756.1508425590388,212387.98565327044,five_i
