id,mu,phi,beta,lam,tau,modelname
Kim72,0.2102869831363855,6.457650309802315e-07,1.4990708407362856,0.01935824079470015,0.3036258535389615,five_i
