id,mu,phi,beta,tau,S0,V0,modelname
Kim71,0.05190702037406848,1.215065856110514e-07,1762.806634608276,2.138237196491159,766.9831694403923,208251.0714690091,eight_i
