id,mu,phi,beta,lam,tau,modelname
Kim72,0.23233604851270642,1.0786125481203616e-06,1.6026815600623243,1.444735870137359,0.3115039107650469,three_i
