id,mu,phi,beta,tau,S0,V0,modelname
Kim71,0.05758980549965399,1.1714528262846234e-07,1627.8012457731922,2.3109177319103416,688.3794510817215,229516.80967657565,seven_i
