id,mu,phi,beta,tau,S0,V0,modelname
Kim72,0.23523543787447976,3.5252570156681133e-06,60.37461529585656,19.42504349744454,117407.917116555,200018.6406321726,five_i
