id,mu,phi,beta,tau,S0,V0,modelname
Kim72,0.11147189487734539,2.927254419483565e-07,2.9808255428444976,0.15103172360711314,32528.804370184615,75818.3709685901,ten_i
