id,mu,phi,beta,lam,tau,modelname
Kim72,0.2370698061037152,1.2290134952717342e-06,1.714851717067283,1.3587991782212374,0.310338254415488,four_i
