id,mu,phi,beta,tau,S0,V0,modelname
Kim71,0.052418504501851385,1.1132342655377667e-07,2003.0761357114345,1.726894953485546,709.8903258415837,227118.2448506839,ten_i
