id,mu,phi,beta,tau,S0,V0,modelname
Kim72,0.11940129351981893,3.1794391101747863e-07,2.8415881442169466,0.2347091215841377,29653.27608686455,87051.13484250668,seven_i
