id,mu,phi,beta,tau,S0,V0,modelname
Kim72,0.10765828971639507,3.002920848175519e-07,3.2066749767313563,0.2414459238293032,33433.91363415584,78063.30277250767,eight_i
