id,mu,phi,beta,tau,S0,V0,modelname
Kim72,0.12233493699403507,3.0045471840494076e-07,2.7689928092164324,1.034860835866658,26012.125702941154,79701.61024703857,one_i
