id,mu,phi,beta,lam,tau,modelname
Kim71,0.0075190846136781635,1.2575440755396318e-09,64.66968462025243,0.021515516700408167,0.05461179966309035,four_i
