id,mu,phi,beta,tau,S0,V0,modelname
Kim72,0.12960367355312702,3.7230910649949704e-07,2.2775832635718,0.8553449957605328,49207.51931511778,126909.79402000543,three_i
