id,mu,phi,beta,lam,tau,modelname
Kim72,0.0861784833775436,1.4251535565989716e-07,5.11542136289516,0.015202280948424896,0.36051966916083994,three_i
