id,mu,phi,beta,tau,S0,V0,modelname
Kim72,0.1186906681423894,2.9148597005978085e-07,2.9034901958372648,0.40184635593422285,27787.531575995203,81157.2329323317,three_i
