id,mu,phi,beta,tau,S0,V0,modelname
Kim72,0.11681704824642099,6.000345795382288e-08,2.9058813489946616,0.06497591880168162,36097.39398641976,466380.57417560846,three_i
