id,mu,phi,beta,tau,S0,V0,modelname
Kim71,0.05966649119806014,5.843057199516112e-08,787.0484849949436,1.2345406724499917,708.5956454078868,252572.86532475305,three_i
