id,mu,phi,beta,tau,S0,V0,modelname
Kim72,0.11721036418614332,3.133701599717366e-07,2.846309486131426,0.2110355856747946,31890.165857694563,86396.87014921644,eight_i
