id,mu,phi,beta,tau,S0,V0,modelname
Kim71,0.047422998107553176,1.1138040029904583e-07,2027.5922279853603,1.9597122419127604,786.7951899940301,221435.58548225716,nine_i
