id,mu,phi,beta,tau,S0,V0,modelname
Kim71,0.049353361086973656,9.544784403664456e-08,1571.4871781972774,2.4597770828195893,826.8501378290109,228076.97914746054,six_i
