id,mu,phi,beta,tau,S0,V0,modelname
Kim71,0.05036447424750296,1.0921904135545085e-07,1878.0063683541273,1.853162551133906,754.1195904135209,214262.556409804,nine_i
