id,mu,phi,beta,tau,S0,V0,modelname
Kim71,0.0444123929418422,5.98990539762623e-08,1405.8204321744279,1.9938909324501455,774.6959333746578,194294.91897077553,four_i
