id,mu,phi,beta,tau,S0,V0,modelname
Kim71,0.05083268978669089,4.266889513289614e-08,1010.3667429079073,0.1267732882933614,673.612416380646,173106.70454678024,six_i
