id,mu,phi,beta,lam,tau,S0,V0,modelname
Kim72,0.11629753815695565,2.5226106562981914e-07,3.2210303908468263,0.001978204373352151,1.1809039581248555,25566.561688757083,77148.5292096094,three_i
