id,mu,phi,beta,modelname
Kim72,0.007651259440421295,1.3493669567708633e-09,50.78997979896014,zero_i
