id,mu,phi,beta,tau,S0,V0,modelname
Kim72,0.19711535723985418,1.1282781379759326e-06,2.963238634623412,2.3003095276771885,34186.947329178714,128988.22287096262,four_i
