id,mu,phi,beta,tau,S0,V0,modelname
Kim72,0.1179752956695053,2.8952999231721796e-07,2.8688420309199216,0.9233710943253997,26704.910444608966,72861.4773571604,one_i
