id,mu,phi,beta,tau,S0,V0,modelname
Kim71,0.04957138599475563,5.125303102425255e-08,1091.211262334172,0.5188749057365372,687.1885027452271,188578.93545206776,seven_i
