id,mu,phi,beta,lam,tau,S0,V0,modelname
Kim72,0.1435771905814916,4.795293650462441e-07,2.595407154073103,0.07921070898096846,0.3084088855298354,30681.22890054974,86060.21807540448,four_i
