id,mu,phi,beta,lam,tau,modelname
Kim71,0.058731089882992145,4.9572025210876e-08,601.284885208597,0.04768724042607309,0.5190847258706808,three_i
