id,mu,phi,beta,tau,S0,V0,modelname
Kim72,0.12936634447024395,3.1500870335897407e-07,2.4432198291744647,1.0665728616401136,44799.17414331543,127353.46527011316,two_i
