id,mu,phi,beta,lam,tau,S0,V0,modelname
Kim71,0.050511779793163764,4.467007541033436e-08,1058.6060714596551,0.07641940894803738,0.6476445739788503,679.5806550293935,183766.54536141703,five_i
