id,mu,phi,beta,tau,S0,V0,modelname
Kim71,0.05367174780044787,4.5666827378704165e-08,954.6781320462245,0.5310091279760734,640.378854007573,185656.31146388673,two_i
