id,mu,phi,beta,tau,S0,V0,modelname
Kim72,0.10957225470185819,2.8958716154479673e-07,3.091631232537819,0.27098559928467214,33468.91020897879,77824.68919301395,six_i
