id,mu,phi,beta,tau,S0,V0,modelname
Kim72,0.12749040569597175,3.560944349324296e-07,2.349173162121112,0.303136986953811,50409.812399400864,135774.0933215854,nine_i
