id,mu,phi,beta,lam,tau,modelname
Kim72,0.07342537349031045,1.3208073492875518e-07,6.982721163852979,0.009653676080694283,0.26442521986701983,two_i
