id,mu,phi,beta,tau,S0,V0,modelname
Kim72,0.11399379727422077,2.9661778624298827e-07,2.9279728008883277,0.30751616675176496,32269.88954287671,79602.64007590374,five_i
