id,mu,phi,beta,tau,S0,V0,modelname
Kim72,0.13282535469240583,3.7147325442473835e-07,2.1356056782804727,0.8365542289062791,56163.37399252811,140213.2573300891,three_i
