id,mu,phi,beta,lam,tau,modelname
Kim72,0.24302380820759906,1.043927273220178e-06,1.4712656331439493,1.6111009955829534,0.310672435895267,two_i
