id,mu,phi,beta,tau,S0,V0,modelname
Kim72,0.11241440514681567,2.808105173498356e-07,3.16823243359452,0.350023420117346,28957.559002146518,75562.55285643825,four_i
