id,mu,phi,beta,H0,V0,modelname
Kim71,0.05701816491384065,4.2848206052291705e-08,885.2074523201497,602.3233504205284,189571.81237074462,zero_i
