id,mu,phi,beta,tau,S0,V0,modelname
Kim71,0.054796196483654164,4.4875338639866064e-08,906.2666010184096,0.822936002201466,656.210370267484,184216.6168549815,one_i
