id,mu,phi,beta,H0,V0,modelname
Kim71,0.056751552237114644,4.386586242508789e-08,856.7515222522651,614.4871499435638,183570.17963624484,zero_i
