id,mu,phi,beta,lam,tau,modelname
Kim71,0.05166442732991512,6.774756820183555e-08,1011.097726368809,3.324215523984292,0.2920132965311644,three_i
