id,mu,phi,beta,tau,S0,V0,modelname
Kim71,0.05012519305719253,1.2446669315703207e-07,1987.4421995108348,1.8941858744774247,788.141732397321,231778.70330170306,ten_i
