id,mu,phi,beta,tau,S0,V0,modelname
Kim72,0.010690726484671082,3.414444253634053e-11,21.475298085788697,4.28469650993862,274851.9210866368,125686.04984061068,seven_i
