id,mu,phi,beta,H0,V0,modelname
Kim72,0.11171805122801297,2.2218803288364437e-07,3.2847200106859744,23471.50583627549,53348.31386520759,zero_i
