id,mu,phi,beta,tau,S0,V0,modelname
Kim72,0.1259761123524909,3.281396900517171e-07,2.4004280385442236,1.0695972358974526,48530.5720934756,123934.36192834945,two_i
