id,mu,phi,beta,modelname
Kim71,0.007530175228211919,1.3662968902687249e-09,47.20943139041947,zero_i
