id,mu,phi,beta,tau,S0,V0,modelname
Kim71,0.049741155127915805,6.862815145166024e-08,1526.1114904225728,2.4709228983400515,684.7764638379674,214748.45338061827,four_i
