id,mu,phi,beta,tau,S0,V0,modelname
Kim72,0.06143253795429202,3.6826672934536166e-08,194.0881498983543,2.5228255768362153,129315.73664174596,109252.32862396605,five_i
