id,mu,phi,beta,tau,S0,V0,modelname
Kim71,0.05488612131602391,4.07600704627483e-08,883.8316167268781,0.024233653384732663,685.2899114660346,192614.2975352658,one_i
