id,mu,phi,beta,tau,S0,V0,modelname
Kim72,0.21337000569376527,1.6217184654615549e-06,3.2004407906495858,1.805786030883336,66412.65493042314,194962.01870429752,eight_i
