id,mu,phi,beta,tau,S0,V0,modelname
Kim72,0.11871095089853065,3.47701155024166e-07,2.5457429750332143,0.6884011015289038,50299.71566240452,121834.19320923869,four_i
