id,mu,phi,beta,lam,tau,S0,V0,modelname
Kim72,0.13925382759417806,5.200268746019535e-07,3.9083388099362475,0.7351794517864496,0.3257188980144069,24691.902620277582,83862.794306615,five_i
