id,mu,phi,beta,tau,S0,V0,modelname
Kim72,0.11668620982682283,2.979443982726979e-07,2.8906009925421348,0.6740520635877384,29262.910740574047,79020.89672984788,two_i
