id,mu,phi,beta,tau,S0,V0,modelname
Kim72,0.11565033001271234,3.067110140907919e-07,2.8569463282657157,0.3743046296653994,32412.308739424527,82936.84031775246,four_i
