id,mu,phi,beta,tau,S0,V0,modelname
Kim72,0.14201682613097277,3.5708857647399185e-07,2.0426618312747764,1.4818098062958003,45313.96501630701,130547.4243078283,one_i
