id,mu,phi,beta,lam,S0,V0,modelname
Kim72,0.09674451711993103,2.514123585254454e-07,3.797690974141657,0.6943748183889044,34578.53794315726,61566.00437776528,one_i
