id,mu,phi,beta,tau,S0,V0,modelname
Kim72,0.13025453645201457,3.331774755522082e-07,2.426671737765166,0.388337867154756,43184.117513148325,129406.31718317672,six_i
