id,mu,phi,beta,H0,V0,modelname
Kim72,0.12619200751486753,2.5343156176187925e-07,2.800003630405766,19055.145545437335,66079.12405347839,zero_i
