id,mu,phi,beta,tau,S0,V0,modelname
Kim71,0.014409178089707791,1.5092364217487758e-07,17.53920942641079,86.26093368652356,2037.1558894107548,136439.3746277701,eight_i
