id,mu,phi,beta,tau,S0,V0,modelname
Kim71,0.047938231751675525,1.0210339346193974e-07,1722.5032808363196,2.6064725310949903,816.9896634986486,212543.92654962972,six_i
