id,mu,phi,beta,tau,S0,V0,modelname
Kim72,0.09357848328952474,2.668345356077701e-07,3.6314977127060857,0.5933349375213912,65531.953360479914,125194.47009157829,seven_i
