id,mu,phi,beta,tau,S0,V0,modelname
Kim71,0.0445643333029069,1.0258023665355762e-07,2006.8796980129302,1.7641013881242509,847.6074159840196,238238.4325224347,ten_i
