id,mu,phi,beta,tau,S0,V0,modelname
Kim71,0.008311528093937736,2.0369331206476975e-08,2523.379799878791,0.12875113008168013,1503.2293310054692,115848.22256751696,seven_i
