id,mu,phi,beta,tau,S0,V0,modelname
Kim72,0.11653303841034443,3.4873350213105916e-07,2.648263951717072,0.4134210084110475,57261.47555615041,137306.69596754244,nine_i
