id,mu,phi,beta,tau,S0,V0,modelname
Kim71,0.0524687404341459,9.276155694378821e-08,1621.1306460431958,2.7361325466887334,731.796682584951,214278.571530336,five_i
