id,mu,phi,beta,tau,S0,V0,modelname
Kim72,0.1137440071975294,2.970099227482166e-07,3.039638366930325,0.2726414658361228,30697.77944318358,82939.18573517073,six_i
