id,mu,phi,beta,lam,tau,modelname
Kim71,0.049814159546578134,8.337693045077678e-08,1270.3919264478204,2.8699652828428213,0.33996453060752213,five_i
