id,mu,phi,beta,tau,S0,V0,modelname
Kim72,0.0006531667674097207,1.8478705615179372e-07,8.421122363887346,2.6604385744434866,194346.6719180426,83606.93263626304,three_i
