id,mu,phi,beta,lam,tau,modelname
Kim71,0.05498857548170213,4.922894298136989e-08,718.1550846635212,0.02699211408633612,0.3225374627590873,five_i
