id,mu,phi,beta,tau,S0,V0,modelname
Kim72,0.11328038915085831,2.931719473767215e-07,2.934857182475107,0.23669676106236637,34460.94504484132,85451.13695033657,seven_i
