id,mu,phi,beta,tau,S0,V0,modelname
Kim72,0.1102528757838725,2.849668774869985e-07,3.191582285318355,0.18285827227964047,31624.547039978384,80092.45885207897,nine_i
