id,mu,phi,beta,tau,S0,V0,modelname
Kim71,0.054329873360440366,4.3069804552697467e-08,861.020251654194,0.01216796099665758,673.5403375609097,187474.77131778057,two_i
