id,mu,phi,beta,tau,S0,V0,modelname
Kim71,0.07265320240055305,2.038363109107342e-07,554.5258976506192,4.767914576531979,1404.0232300524294,320237.9503763898,four_i
