id,mu,phi,beta,modelname
Kim72,0.16519649371812856,2.542226647276898e-07,1.6371525325936795,zero_i
