id,mu,phi,beta,tau,S0,V0,modelname
Kim72,0.14485761121513405,3.8355737230200353e-07,1.922305670597618,1.705338723549796,49550.72004491402,134740.5269149426,one_i
