id,mu,phi,beta,lam,tau,S0,V0,modelname
Kim72,0.11848706215221613,2.945217466145091e-07,2.8178529220685626,0.02960491153008877,1.1451263885669627,27514.935823821525,74727.9494754422,five_i
