id,mu,phi,beta,tau,S0,V0,modelname
Kim71,0.10967898856989496,1.8499429076113953e-07,43.039755673797636,2.208855598394418,371.81265996638115,399399.84652223194,one_i
