id,mu,phi,beta,lam,tau,modelname
Kim71,0.05719323031619884,5.5151351253042495e-08,663.9154144944087,0.1751928415028649,0.27690599877532346,three_i
