id,mu,phi,beta,tau,S0,V0,modelname
Kim72,0.12052160516603827,2.934330862425503e-07,2.8508705418619598,0.6358172227189024,28171.67293411042,84696.99200578095,two_i
