id,mu,phi,beta,lam,tau,modelname
Kim72,0.235662606416971,9.87625523144893e-07,1.5018550732790195,1.7111294899515324,0.3116929598350724,two_i
