id,mu,phi,beta,tau,S0,V0,modelname
Kim71,0.05743835284249136,4.45441048938315e-08,829.9264483302238,0.535936848105175,659.1678071622667,206228.4463272285,one_i
