id,mu,phi,beta,tau,S0,V0,modelname
Kim71,0.051545952411844814,1.0961159478286516e-07,1712.3593703209692,2.0372537515856357,767.0382902706622,219430.5668576304,eight_i
