id,mu,phi,beta,tau,S0,V0,modelname
Kim71,0.05495327397080501,4.356625874668468e-08,913.7790294481363,0.09834308725254286,645.0555121027563,188027.28043710993,four_i
