id,mu,phi,beta,tau,S0,V0,modelname
Kim71,0.011905725577703637,3.807073046113908e-08,11.110344995942453,0.6553603720099442,1709.1887489404457,929125.6267250961,ten_i
