id,mu,phi,beta,lam,tau,modelname
Kim71,0.05619563048709245,5.1228189486485424e-08,666.6981598443451,0.08969807912348537,0.3501355462838538,three_i
