id,mu,phi,beta,tau,S0,V0,modelname
Kim72,0.11422379019940833,3.31843965068993e-07,2.73055843674835,0.36256712116561396,58730.353476026525,141667.49313823823,ten_i
