id,mu,phi,beta,lam,tau,H0,V0,modelname
Kim71,0.062431952397277495,6.070719983166717e-08,425.4743775765163,0.00534340073823487,1.164206366854015,832.8275208214498,246782.39261887694,four_i
