id,mu,phi,beta,tau,S0,V0,modelname
Kim72,0.11891615227014253,3.461083076392818e-07,2.651387126944952,0.5233809080460715,55614.818763146184,141371.48356491272,seven_i
