id,mu,phi,beta,tau,S0,V0,modelname
Kim71,0.053929851519540946,8.905885699823654e-08,1371.1378774943912,2.528394868119106,737.0924667825163,237632.6483812471,five_i
