id,mu,phi,beta,tau,S0,V0,modelname
Kim72,0.11588625883086036,2.9399247121755387e-07,3.0033017098759736,0.3281936748823375,30449.99051621236,85826.96163770267,five_i
