id,mu,phi,beta,lam,tau,modelname
Kim72,0.18139977153603074,4.635185669782525e-07,1.5220096559096494,0.014736047150324364,0.4607737807932884,three_i
