id,mu,phi,beta,tau,S0,V0,modelname
Kim71,0.053971264483408186,1.3202854989233902e-07,1852.4577639588952,1.8949509237734548,748.7875925436263,239780.32697154352,ten_i
