id,mu,phi,beta,tau,S0,V0,modelname
Kim72,0.1141447892494668,2.224271607461565e-07,2.667385933283038,0.4930868383100607,43820.94828542383,88712.62397325582,one_i
