id,mu,phi,beta,modelname
Kim72,0.20270204783857754,3.5219066605389206e-07,1.3409042696542643,zero_i
