id,mu,phi,beta,tau,S0,V0,modelname
Kim72,0.11639074505584193,2.992963727028323e-07,2.936667539610781,0.24884154771344255,30097.619128165465,82812.96112829585,six_i
