id,mu,phi,beta,H0,V0,modelname
Kim71,0.06898006235533051,6.223354729247997e-08,472.927516222218,623.8608752093643,203017.3648772687,zero_i
