id,mu,phi,beta,tau,S0,V0,modelname
Kim72,0.12717175278898085,3.265778826290951e-07,2.5024522638859965,0.8387433176465313,45540.97496880814,133366.46439864635,three_i
