id,mu,phi,beta,tau,S0,V0,modelname
Kim72,0.12013869739323936,2.959897229396054e-07,2.931776113261072,0.46183860868595333,27006.247158506387,85487.2228605725,three_i
