id,mu,phi,beta,lam,modelname
Kim72,0.18267143277113684,4.804187000569991e-07,1.512584781042289,0.4409759232941423,one_i
