id,mu,phi,beta,lam,tau,modelname
Kim71,0.058468248411608574,5.380339158377988e-08,636.4107163694101,0.11302406124176716,0.31016248313432726,two_i
