id,mu,phi,beta,lam,tau,modelname
Kim71,0.056428042408477846,5.290856879582479e-08,667.5671797856569,0.020931550040889015,0.2978730813008584,two_i
