id,mu,phi,beta,tau,S0,V0,modelname
Kim71,0.04797983620139385,4.363902403325807e-08,1101.9286932005027,0.8943761191406613,722.6741214180998,169384.9077303705,two_i
