id,mu,phi,beta,tau,S0,V0,modelname
Kim71,0.04974772900264149,1.0084838740586026e-07,1657.025409628945,2.1292973489292186,761.4680025396179,207929.43461092524,seven_i
