id,mu,phi,beta,tau,S0,V0,modelname
Kim71,0.04873495160407561,4.517021354878383e-08,1150.0719412080837,0.6605487236992053,703.4250098871722,183485.17503981027,four_i
