id,mu,phi,beta,lam,tau,S0,V0,modelname
Kim71,0.05171835760566488,4.729813713589137e-08,1041.5370591923627,0.03684708677848609,0.4418093550863805,676.7661496150328,183288.29238247537,four_i
