id,mu,phi,beta,lam,tau,modelname
Kim72,0.08407195034856031,1.222436907672196e-07,6.104824916228651,0.026773460368443643,0.32077812651647986,four_i
