id,mu,phi,beta,tau,S0,V0,modelname
Kim72,0.1181014039153835,3.4044406191020505e-07,2.441642445784876,0.7731862335808263,61712.398525623736,133667.232858518,four_i
