id,mu,phi,beta,H0,V0,modelname
Kim71,0.05631589213877529,4.370408693424569e-08,859.8117296521306,622.843586470104,181666.39557266983,zero_i
