id,mu,phi,beta,tau,S0,V0,modelname
Kim72,0.10889433724384841,2.419044782625949e-07,3.392112898020224,1.0980787636475235,44632.753575978684,116898.29688035446,two_i
