id,mu,phi,beta,H0,V0,modelname
Kim72,0.021323383698338166,1.0403021858433404e-07,13.288437108025771,141186.66881434288,203613.71377505365,zero_i
