id,mu,phi,beta,tau,S0,V0,modelname
Kim72,0.03927014032193316,2.8917515461051346e-09,69.63170185649142,3.0116773463940616,162554.72125201536,48604.15811427865,eight_i
