id,mu,phi,beta,H0,V0,modelname
Kim71,0.05779705646630457,4.518631730538467e-08,765.4081312201243,669.1401375062648,190644.37485345503,zero_i
