id,mu,phi,beta,modelname
Kim71,0.06270403394802983,4.8239917292057394e-08,490.70011025561496,zero_i
