id,mu,phi,beta,tau,S0,V0,modelname
Kim71,0.09714868053616121,4.74387955016214e-08,43.41560377617621,0.08608419684027173,15874.450661775221,12295646.156116541,nine_i
