id,mu,phi,beta,tau,S0,V0,modelname
Kim72,0.13162282696181304,3.480818822485317e-07,2.3956397533110945,0.2778760141697868,45426.45413372044,141943.4016493545,nine_i
