id,mu,phi,beta,tau,S0,V0,modelname
Kim71,0.04723679087932265,6.454213316272577e-08,1344.852378106733,2.915511920655593,793.3151149659285,209550.2640434667,three_i
