id,mu,phi,beta,tau,S0,V0,modelname
Kim71,0.05599880107568982,4.437146411887947e-08,888.3903622075142,0.14173493271922083,626.3987468703338,187506.16584319895,three_i
