id,mu,phi,beta,tau,S0,V0,modelname
Kim72,0.11282188499207203,2.877891197410308e-07,3.075381935632034,0.18126012382238052,31879.154012392428,82486.90895804645,nine_i
