id,mu,phi,beta,lam,tau,modelname
Kim71,0.05664260840630189,5.277119909864131e-08,662.9812387527508,0.04284207987421993,0.3153586286827997,five_i
