id,mu,phi,beta,lam,tau,modelname
Kim72,0.24764998036655586,1.427105533333536e-06,1.7565999283725084,1.212773595231432,0.3110890490656967,five_i
