id,mu,phi,beta,tau,S0,V0,modelname
Kim71,0.05569118224462913,1.3157315177589936e-07,1909.4806365471115,2.313752203236378,720.652727631648,224075.0846662805,eight_i
