id,mu,phi,beta,tau,S0,V0,modelname
Kim71,0.04866855096858255,1.0747427252509123e-07,1959.772996873751,1.913228507828662,767.982403677255,229538.78240434514,nine_i
