id,mu,phi,beta,lam,S0,V0,modelname
Kim71,0.05261853836231672,4.397909980875955e-08,1008.7678826692321,0.7695991076706723,656.9498379197862,183909.475914353,one_i
