id,mu,phi,beta,tau,S0,V0,modelname
Kim72,0.11927094714053914,2.8735165813515297e-07,2.956415660032588,0.4086714126699897,27323.239772378227,82966.28514246883,three_i
