id,mu,phi,beta,modelname
Kim72,0.2019042981493589,3.4986277528837003e-07,1.3451782417156557,zero_i
