id,mu,phi,beta,tau,S0,V0,modelname
Kim71,0.04959335132049318,4.4842870782058365e-08,1073.1559022436388,0.5146358380417043,703.9367109481127,185366.0943117291,four_i
