id,mu,phi,beta,tau,S0,V0,modelname
Kim72,0.12821286130849052,3.9466077451768744e-07,2.179317619875229,0.5137730994056622,60635.31180562652,140206.48730766712,six_i
