id,mu,phi,beta,lam,tau,modelname
Kim71,0.05002477091683443,8.340922611579499e-08,1250.562360472555,2.8430579279386827,0.34511938304858636,five_i
