id,mu,phi,beta,lam,tau,modelname
Kim72,0.24305741625904775,1.1812436701238856e-06,1.5759519460676823,1.4485133931606922,0.3090644294633263,three_i
