id,mu,phi,beta,lam,tau,modelname
Kim72,0.2080169643067318,6.592961009306743e-07,1.4684003200395883,0.007907309413416995,0.31154042666585763,two_i
