id,mu,phi,beta,lam,tau,modelname
Kim71,0.04998221230818855,7.394988694425162e-08,1144.4980113753575,3.064776988000142,0.3404743681460874,four_i
