id,mu,phi,beta,tau,S0,V0,modelname
Kim71,0.045568211119029096,5.424032343672469e-08,1273.0100930702217,1.9302248814534861,773.0652988294001,187741.01445761946,three_i
