id,mu,phi,beta,tau,S0,V0,modelname
Kim72,0.11251539520452332,3.0774710525701237e-07,2.7968186555709935,0.3045634981350882,53547.46946408297,121928.85335161121,ten_i
