id,mu,phi,beta,tau,S0,V0,modelname
Kim72,0.0508013228215346,7.164448155124698e-08,16.710036533038718,0.09761981670465193,234457.26083278508,140890.1316837745,one_i
