id,mu,phi,beta,lam,modelname
Kim71,0.05459197927642982,5.298255661889426e-08,751.1835491320797,0.22559335442440043,one_i
