id,mu,phi,beta,tau,S0,V0,modelname
Kim71,0.049287057922886346,9.628188791347281e-08,1755.035887603939,2.4573773869714586,758.9866268587771,210450.4420499488,six_i
