id,mu,phi,beta,modelname
Kim71,0.06280968525850258,4.833458103291582e-08,490.4755964251196,zero_i
