id,mu,phi,beta,H0,V0,modelname
Kim72,0.1306221360850046,2.47186674896346e-07,2.293871799299868,32900.20375421431,92397.58576604661,zero_i
