id,mu,phi,beta,tau,S0,V0,modelname
Kim71,0.04389979487582038,4.854906795055889e-08,1301.044493738145,0.9765299496567461,780.2388214704519,196440.6917310013,five_i
