id,mu,phi,beta,lam,tau,S0,V0,modelname
Kim71,0.014222163068755041,2.3432514562937974e-08,1983.0494175052495,0.1807875876802709,6.749042376117761,1481.167996668425,110209.59110105452,five_i
