id,mu,phi,beta,H0,V0,modelname
Kim72,0.11889970753877846,2.236993922417945e-07,3.402587509582118,18068.565006896137,63941.172343860664,zero_i
