id,mu,phi,beta,tau,S0,V0,modelname
Kim72,0.11499285155410773,2.916158116358821e-07,3.0611941668551843,0.2311085883209494,30758.306411857837,86039.36629067431,seven_i
