id,mu,phi,beta,tau,S0,V0,modelname
Kim72,0.11549411331587452,2.93747542828461e-07,3.0089430411220754,0.2833059725132895,31249.534370157577,86804.75393346146,six_i
