id,mu,phi,beta,tau,S0,V0,modelname
Kim72,0.13268654636394336,3.526973916101031e-07,2.4276992905803776,0.3990544215969723,43635.35214418048,143214.75723401655,seven_i
