id,mu,phi,beta,H0,V0,modelname
Kim71,0.05682680223534524,4.389993097464999e-08,825.7087974700008,653.6682264920048,204197.3696491404,zero_i
