id,mu,phi,beta,tau,S0,V0,modelname
Kim71,0.051686625792345085,9.881037012447411e-08,1584.8824998742468,2.419360775980745,750.3278491621089,225895.87304598652,six_i
