id,mu,phi,beta,tau,S0,V0,modelname
Kim71,0.04385036666781437,5.7717453131956486e-08,1357.5349645527604,1.8468992722312036,794.720196121162,201529.73102064998,four_i
