id,mu,phi,beta,lam,modelname
Kim71,0.056769211238844555,5.2273073817873654e-08,676.5127539646346,0.2908209610371182,one_i
