id,mu,phi,beta,lam,tau,S0,V0,modelname
Kim71,0.0517053797870047,4.6056226069621706e-08,1022.4490124097068,0.0007240739267700241,0.5272612563493356,677.6836756594805,185193.01845502216,two_i
