id,mu,phi,beta,tau,S0,V0,modelname
Kim71,0.05104370042535914,7.151016378877432e-08,1449.0354012636521,3.274650093145868,718.5653275011487,205534.23124132803,three_i
