id,mu,phi,beta,tau,S0,V0,modelname
Kim71,0.05243418427215283,1.2403436930484679e-07,1716.3406104696724,1.963268806906119,775.6743093584732,227647.51942578712,nine_i
