id,mu,phi,beta,lam,modelname
Kim71,0.056754218126995645,5.2081726239939514e-08,670.6202060483117,0.30130464399904605,one_i
