id,mu,phi,beta,lam,tau,S0,V0,modelname
Kim72,0.12194394371200992,2.8517378277387674e-07,2.8265938921822937,0.072053441561315,1.3221514000894785,26159.228774450476,80794.78708616833,four_i
