id,mu,phi,beta,tau,S0,V0,modelname
Kim71,0.045903215650708616,5.2449019983823036e-08,1394.6781932493318,1.0149312791179312,703.9636704706086,200799.7104983498,six_i
