id,mu,phi,beta,tau,S0,V0,modelname
Kim71,0.05563461128498755,1.2303474191914042e-07,1895.4245669797351,1.7898421303624186,704.2251444711352,230968.34933478484,ten_i
