id,mu,phi,beta,tau,S0,V0,modelname
Kim71,0.04394872679012424,1.3406902430908685e-08,5.791195699274872,7.268127193619227,1562.9386039846754,216285.98716401483,nine_i
