id,mu,phi,beta,tau,S0,V0,modelname
Kimura66,0.38172943300969236,2.8979948095807037e-07,1061.0338653415351,14.219313106103165,28491.310241184656,1445219.4131607644,nine_i
