id,mu,phi,beta,tau,S0,V0,modelname
Kimura66,1.2635148102595863,1.0858305061659955e-06,1033.8721743203694,16.488976243942147,17094.624034575838,1336355.6685998836,eight_i
