id,mu,phi,beta,tau,S0,V0,modelname
Kimura54,0.03669388857417269,2.3911304350496178e-08,26.021781435465,2.9713222342256036,4975214.822724682,8365.288730691784,four_i
