id,mu,phi,beta,lam,tau,modelname
Kimura54,0.019491500184831364,6.402539681250996e-08,17.187873631261674,0.6364215689635118,0.2382771795030475,two_i
