id,mu,phi,beta,lam,tau,S0,V0,modelname
Kimura54,0.008398355852434505,1.3421105837850465e-08,34.12969510443355,0.15318220479327796,11.286785627260148,680414.9125453033,19949.835319306232,four_i
