id,mu,phi,beta,modelname
Kimura66,0.023439172473689183,1.3879887209919618e-09,80.97493350261209,zero_i
