id,mu,phi,beta,tau,S0,V0,modelname
Kimura54,0.003430787031158517,1.1897185421402186e-06,41.63865428591436,1.78984512623663,783028.0985501219,27906.983598796553,seven_i
