id,mu,phi,beta,tau,S0,V0,modelname
Kimura54,0.006824150015908881,1.3271273214437023e-08,31.65342555561385,0.060538926294179576,730628.3148617968,20263.682955793967,six_i
