id,mu,phi,beta,lam,tau,modelname
Kimura54,0.03670757711274241,1.6369219349186416e-05,18.53237396026644,1.392762197710574,0.20642119959047572,five_i
