id,mu,phi,beta,lam,tau,H0,V0,modelname
Kimura67,0.005675872975248035,6.152350676632787e-10,216.77751672187858,0.2149171863191726,0.02582948652107772,162277.92246447198,488720.02302193776,two_i
