id,mu,phi,beta,tau,S0,V0,modelname
Kimura67,0.0044827108948846265,1.4219602223170917e-08,328.3525712663782,17.670313136606225,2101934.218524102,1083407.423355265,five_i
