id,mu,phi,beta,tau,S0,V0,modelname
Kimura67,0.004428406061272194,2.1968355252716435e-08,382.25672373568517,14.108879397831222,2034584.297703724,1691885.19525625,seven_i
