id,mu,phi,beta,H0,V0,modelname
Kimura66,0.0323420119974803,3.391528573000327e-08,4.453738674910393,238930.20769977279,260817.3376569586,zero_i
