id,mu,phi,beta,tau,S0,V0,modelname
Kimura67,0.00528185658855641,1.3225237190160803e-08,338.7162318716963,17.483640751078994,2040235.9973841072,1082868.543509387,five_i
