id,mu,phi,beta,tau,S0,V0,modelname
Kimura67,0.005749784007646788,1.4363249406629921e-08,346.21441308804333,17.63578810654087,2016996.0145470246,987179.7303793965,five_i
