id,mu,phi,beta,tau,S0,V0,modelname
Kimura66,1.2032979656575726,3.85963924655574e-06,1107.4312496174705,22.186790546375132,15632.669158913906,406060.01991718047,six_i
