id,mu,phi,beta,tau,S0,V0,modelname
Kimura66,1.5291277924347297,4.078079650183647e-06,1601.6860479761951,14.461590550908804,20784.490707373967,506459.4835775303,nine_i
