id,mu,phi,beta,tau,S0,V0,modelname
Kimura54,0.009787846506377887,1.2874258946620981e-08,28.719921448463715,0.0033631295756057665,747235.106328519,18002.85392331808,nine_i
