id,mu,phi,beta,tau,S0,V0,modelname
Kimura67,0.0002298577463852671,5.768737452003511e-11,356.8239865209669,0.048074020559719405,2418579.346265006,1083028.8255875695,one_i
