id,mu,phi,beta,tau,S0,V0,modelname
Kimura54,0.00970020768915578,1.2747943600208992e-08,30.161418541482604,0.0038813434185969733,717447.3325877839,18566.3086288784,ten_i
