id,mu,phi,beta,tau,S0,V0,modelname
Kimura66,0.0010500362066918894,3.0367713765486166e-11,3504.087528930234,0.05402000841128515,314301.0078651136,1085737.3421458146,six_i
