id,mu,phi,beta,tau,S0,V0,modelname
Kimura54,0.03141241775196751,5.771007293123478e-08,17.907899168658698,4.103990301836103,702479.7323168069,17818.49728072952,one_i
