id,mu,phi,beta,lam,tau,modelname
Kimura67,0.003851413535164268,4.496720082003717e-10,252.11111615523976,0.04517945352997534,0.025896457852991397,five_i
