id,mu,phi,beta,tau,S0,V0,modelname
Kimura66,0.000757868103490167,3.3568776650011215e-11,3055.802238900775,0.024028640523238005,333143.3211981222,1037276.8022012638,ten_i
