id,mu,phi,beta,lam,tau,S0,V0,modelname
Kimura67,0.008191890035016188,6.567944998994134e-10,239.64905501311034,0.5013324301942486,0.025582736368984872,1780280.9127926382,534292.6606425905,two_i
