id,mu,phi,beta,tau,S0,V0,modelname
Kimura54,0.05213013099898242,1.565011678321219e-05,13.60054244990641,3.3316567547136797,971451.9132906651,22792.713362719755,three_i
