id,mu,phi,beta,lam,tau,modelname
Kimura54,0.03930846675343145,1.824713509686408e-05,17.819055810245334,1.3506984651190415,0.20492510074084527,five_i
