id,mu,phi,beta,tau,S0,V0,modelname
Kimura66,0.1667190503346661,1.8970485352945016e-07,699.730194011155,41.73620832099078,13408.677642141733,395114.7276773109,three_i
