id,mu,phi,beta,lam,tau,modelname
Kimura54,0.009425143211626949,4.077483954124281e-08,20.714707800373688,0.044250185267438534,0.24885219675191478,two_i
