id,mu,phi,beta,lam,tau,modelname
Kimura66,0.08452170877500777,1.9249218250120438e-08,440.0172409247719,0.001206570010070097,0.009182643360857848,five_i
