id,mu,phi,beta,lam,tau,modelname
Kimura67,0.004194703300766809,7.174841978422038e-10,246.02594136054026,1.3081122347796057,0.025787342916333347,five_i
