id,mu,phi,beta,tau,S0,V0,modelname
Kimura67,0.00615463119762697,3.8814830773451735e-09,304.2612142367325,23.358330015371525,1990074.5786190776,712443.3099025714,three_i
