id,mu,phi,beta,tau,S0,V0,modelname
Kimura67,0.003577074541815811,1.706662457829129e-08,406.77333011066884,11.796259587475893,2117424.831498603,1378083.2812672602,eight_i
