id,mu,phi,beta,lam,tau,modelname
Kimura54,0.06390189960009776,1.9972904035835722e-05,12.991939253630381,3.0890657320905865,0.2763261142188085,three_i
