id,mu,phi,beta,tau,S0,V0,modelname
Kimura54,0.010035462393585591,8.833905355991172e-08,23.932190696159022,3.2214736957951033,881416.8880931183,19264.410375664214,two_i
