id,mu,phi,beta,tau,S0,V0,modelname
Kimura54,0.0031158759358189854,6.323869074745893e-06,24.58834976073934,2.948222277047833,1019931.2857410886,20706.340472822605,four_i
