id,mu,phi,beta,tau,S0,V0,modelname
Kimura54,0.012497557289046122,1.9645002130123487e-06,38.91589739841324,2.0994551231718375,736678.0744917188,25698.080879044843,six_i
