id,mu,phi,beta,tau,S0,V0,modelname
Kimura54,0.009132437274582269,1.2564102591181231e-08,30.531664469682283,0.0015660131403754955,728957.3284963006,17302.43299203552,eight_i
