id,mu,phi,beta,tau,S0,V0,modelname
Kimura66,0.11886643283944345,1.4841070798562785e-07,1422.637926506153,20.131126316652285,18620.56275913616,452389.684256566,six_i
