id,mu,phi,beta,tau,S0,V0,modelname
Kimura54,0.03795767749684893,6.173185848234142e-08,16.316478406600837,4.103023129604093,723617.9005863408,18177.3047595112,one_i
