id,mu,phi,beta,tau,S0,V0,modelname
Kimura54,0.007453218510471347,1.8819195433936644e-07,38.06096928422218,1.3810491273348777,804637.9678466017,28125.108625127938,seven_i
