id,mu,phi,beta,tau,S0,V0,modelname
Kimura54,0.023389952258651495,1.3112117084673848e-07,19.817225240357203,3.3370019753593,770152.6358437216,16914.309756764313,two_i
