id,mu,phi,beta,lam,tau,modelname
Kimura66,0.08389125413272375,1.9044790675896348e-08,457.5230437908411,0.04384943403128196,0.009157794905526168,five_i
