id,mu,phi,beta,tau,S0,V0,modelname
Kimura67,0.0027898447151955713,3.312830066901881e-08,390.22136730515933,11.912309929207085,2159018.5031708623,2430871.177937088,nine_i
