id,mu,phi,beta,lam,tau,modelname
Kimura54,0.01222703232953214,4.307502233986146e-08,19.88298298145395,0.042024326060773776,0.24855912758226165,three_i
