id,mu,phi,beta,lam,tau,S0,V0,modelname
Kimura66,0.08609932661622205,1.4149376557647639e-08,354.0314843721031,0.018269909356965607,0.010464396420417134,14036.735944608561,458618.7476466416,five_i
