id,mu,phi,beta,tau,S0,V0,modelname
Kimura66,0.301078464891997,7.093167360250307e-07,1126.4984731845545,21.113329277132923,22786.245070901277,456384.5858533907,six_i
