id,mu,phi,beta,tau,S0,V0,modelname
Kimura67,0.0024050620056216034,1.9991060951072518e-08,415.72829451972075,10.861399036809175,2065298.8287962938,1540676.0968848008,nine_i
