id,mu,phi,beta,lam,tau,S0,V0,modelname
Kimura54,0.06648411089270703,1.0351639285388447e-06,11.953390109147472,2.098908174287932,0.24103701771805502,857766.6674110558,19157.281207977074,three_i
