id,mu,phi,beta,tau,S0,V0,modelname
Kimura67,0.006480115917903806,9.256427499709594e-09,326.5708418204142,20.38973453911063,1971615.9947044204,795216.3669509448,four_i
