id,mu,phi,beta,lam,tau,modelname
Kimura67,0.004440241737473248,2.3871031615858527e-09,262.15412596295033,5.270671058550529,0.02559941094558903,five_i
