id,mu,phi,beta,tau,S0,V0,modelname
Kimura66,0.0067101492806450926,7.135962537633498e-11,2451.9218703519446,0.32637804357531086,122093.55468123307,745051.7304445214,eight_i
