id,mu,phi,beta,tau,S0,V0,modelname
Kimura67,0.0017453923316906935,2.851434227260165e-08,437.39812065921024,10.442012690825011,2058575.9544501253,1835897.8824290761,ten_i
