id,mu,phi,beta,tau,S0,V0,modelname
Kimura54,0.0011966605165676391,1.4688764531394022e-06,61.86965613674352,1.3870578993717546,664593.0168416016,30410.879909121028,ten_i
