id,mu,phi,beta,H0,V0,modelname
Kimura67,0.00023181761346261474,5.570426819248484e-11,378.7810029509524,2299069.568633187,1200430.4502059703,zero_i
