id,mu,phi,beta,tau,S0,V0,modelname
Kimura54,0.004539350041105004,7.409220260877929e-07,52.23395123761736,1.27057124209968,732365.5523448047,30197.693860293104,ten_i
