id,mu,phi,beta,lam,tau,modelname
Kimura67,0.005501328421828983,5.025951494695372e-10,211.35397402474632,0.006806698703099189,0.026938565189107137,four_i
