id,mu,phi,beta,lam,tau,S0,V0,modelname
Kimura67,0.007484395706179315,1.088726723528204e-09,240.31324587164335,3.867842391162865,0.025849923624346603,1879690.8110471966,625117.5251651176,three_i
