id,mu,phi,beta,tau,S0,V0,modelname
Kimura54,0.006627485413789462,1.2653153492167933e-08,33.364981063877934,0.05953133277360599,748877.6899167877,21134.28104597737,nine_i
