id,mu,phi,beta,lam,tau,modelname
Kimura54,0.04285145591960266,3.4434952843387955e-05,16.64856911957639,1.9331553984757985,0.21739770864455757,four_i
