id,mu,phi,beta,modelname
Kimura54,0.010728617138659236,1.5247822458738137e-08,19.157240022056694,zero_i
