id,mu,phi,beta,H0,V0,modelname
Kimura54,0.017990128964038614,1.271985504951377e-08,26.738467174775653,709898.5562559298,23641.94966294825,zero_i
