id,mu,phi,beta,lam,tau,H0,V0,modelname
Kimura67,0.005464659728979847,5.087098705696163e-09,240.38843399303354,22.98840023699229,3.3949174493065923,654445.0946467737,601020.2452773453,four_i
