id,mu,phi,beta,H0,V0,modelname
Kimura67,9.136090805785746e-05,5.6628043098352386e-11,389.28800205905907,2277901.916152018,1023257.574283072,zero_i
