id,mu,phi,beta,H0,V0,modelname
Kimura67,0.0011368653846532645,6.567234379762529e-11,270.6182375267594,2597146.329822902,1300608.738062684,zero_i
