id,mu,phi,beta,lam,S0,V0,modelname
Kimura54,0.20239975710578662,1.8610483557139403e-08,53.51479047809728,0.1533032575817919,2683925.169854543,68749.07262096126,one_i
