id,mu,phi,beta,tau,S0,V0,modelname
Kimura66,0.18753489464348025,3.05603431270995e-07,865.2462048390108,31.82469226469912,16201.092587207657,393963.41448196996,four_i
