id,mu,phi,beta,tau,S0,V0,modelname
Kimura66,0.02794788659380845,2.2531145524503178e-08,46.459688231374244,4.8372166452886365,4108.92565055397,1720783.8944936232,eight_i
