id,mu,phi,beta,tau,S0,V0,modelname
Kimura54,0.0692690810302225,3.2882977973057644e-09,7.884547368093187,0.21208917816790349,302166.6391988007,5694.104468062692,seven_i
