id,mu,phi,beta,tau,S0,V0,modelname
Kimura67,0.0037295854513598277,3.465777122245741e-08,388.4024641230456,12.069122012679086,2140117.5447728336,2547116.4065735424,nine_i
