id,mu,phi,beta,tau,S0,V0,modelname
Kimura66,0.12552991853197162,2.7893030762359405e-07,75.74825299685092,9.55446187598822,45401.69465884833,104659.74616893481,seven_i
