id,mu,phi,beta,tau,S0,V0,modelname
Kimura66,0.0831371829127328,1.657392057554106e-08,380.6699782285797,99.82259807094205,15308.424292793115,286161.3065111875,one_i
