id,mu,phi,beta,tau,S0,V0,modelname
Kimura66,0.08137887973250475,7.541167224817461e-08,1026.4771335016828,10.509220358589749,27196.129121603328,553652.7650098575,ten_i
