id,mu,phi,beta,H0,V0,modelname
Kimura54,0.006433851767258389,1.2054379531025715e-08,29.64689323166355,817144.1980522713,18194.363594655184,zero_i
