id,mu,phi,beta,tau,S0,V0,modelname
Kimura66,0.000986958984892403,3.595160760610436e-11,2783.1010307797396,0.0180398122186968,334874.5912626597,981609.1629985286,seven_i
