id,mu,phi,beta,tau,S0,V0,modelname
Kimura67,0.03188229358120992,6.77571831239452e-07,512.008434868024,14.1632725713289,1723950.3192816158,2451875.0615881393,nine_i
