id,mu,phi,beta,tau,S0,V0,modelname
Kimura67,0.007282643674615831,3.6060183451524997e-09,316.4691543278067,22.79558528958291,1836959.7815075677,720697.8261107813,three_i
