id,mu,phi,beta,tau,S0,V0,modelname
Kimura66,0.08215744624290193,1.2713696860367242e-08,368.48554207887895,93.6561308066762,15798.117158995785,455838.19307771575,one_i
