id,mu,phi,beta,tau,S0,V0,modelname
Kimura67,0.005784951806994677,1.618847334963935e-09,290.7257377997738,28.778054783285544,1923156.3750123535,586236.1077839888,two_i
