id,mu,phi,beta,lam,tau,modelname
Kimura66,0.08463508697947147,1.9180991636450904e-08,439.5466595527335,0.00025038224994372934,0.009195063329157318,five_i
