id,mu,phi,beta,tau,S0,V0,modelname
Kimura67,0.003101927656492767,2.264735277969849e-08,417.76066740669165,12.439161621937764,2065342.210708804,1606817.1985100058,eight_i
