id,mu,phi,beta,tau,S0,V0,modelname
Kimura54,0.006153371646103334,1.2260551193253314e-08,32.694097055344905,0.10932277200810733,724908.3569577646,18162.80730108868,one_i
