id,mu,phi,beta,tau,S0,V0,modelname
Kimura67,0.0010709481105917336,1.9547711900575757e-08,478.028353404376,9.981279888912551,2072067.466351626,1611313.2174772774,ten_i
