id,mu,phi,beta,tau,S0,V0,modelname
Kimura67,0.006333455855668227,1.4629853144288554e-08,350.19443291949267,17.587169068823943,1951038.9928341692,1018188.3213265449,five_i
