id,mu,phi,beta,tau,S0,V0,modelname
Kimura67,0.004738146613521678,1.6148176239676072e-08,379.2619318811537,15.551893970822922,2019001.074758074,1386738.3112350772,six_i
