id,mu,phi,beta,tau,S0,V0,modelname
Kimura54,0.002196657988994777,1.3197761963309094e-06,64.01782092946985,1.384947576589731,680583.5211447203,29115.74817223412,ten_i
