id,mu,phi,beta,tau,S0,V0,modelname
Kimura66,1.4417111783033103,3.2546542760748846e-06,1963.783107616154,13.259996359947369,19775.773555415333,579966.5095417998,ten_i
