id,mu,phi,beta,H0,V0,modelname
Kimura66,0.001803563866568476,1.4176828715377147e-11,16225.85438344222,147501.79309947396,562442.9189777999,zero_i
