id,mu,phi,beta,tau,S0,V0,modelname
Kimura54,0.001931918704598581,1.7439299315471098e-06,55.19892899416544,1.6902172121263601,695210.4469213659,27646.507100457,eight_i
