id,mu,phi,beta,tau,S0,V0,modelname
Kimura67,0.005606578453712479,9.84641032136668e-09,322.5201588794873,20.432809450833822,2036667.115164819,786028.5939737991,four_i
