id,mu,phi,beta,tau,S0,V0,modelname
Kimura54,0.003158622324304274,9.27329481148629e-07,52.37762252287915,1.2809203513245895,757810.5998309162,26875.524290132857,ten_i
