id,mu,phi,beta,tau,S0,V0,modelname
Kimura54,0.005654634617696586,1.2480034118160832e-08,30.674892546096345,0.0014335925789567261,756029.372067397,17720.588350420367,five_i
