id,mu,phi,beta,tau,S0,V0,modelname
Kimura66,1.093285829343728,8.900728921769137e-07,1136.211829144685,12.99439562578535,20007.820663501312,1424421.5377852023,ten_i
