id,mu,phi,beta,tau,S0,V0,modelname
Kimura54,0.02353060364996387,1.2450095418050053e-07,20.17794647096487,3.2588058220138882,787517.4184270259,16476.37561670314,two_i
