id,mu,phi,beta,lam,tau,S0,V0,modelname
Kimura67,0.07030153552127272,7.412694659290534e-08,4.323555654127058,0.01698662244824626,0.031652021338082356,346394.5499878834,836687.0181152856,five_i
