id,mu,phi,beta,tau,S0,V0,modelname
Kimura66,0.21675957209616276,4.2732437028620556e-07,1482.093062063372,17.739074738396486,19802.60297510192,475399.7670316333,seven_i
