id,mu,phi,beta,H0,V0,modelname
Kimura66,0.007947520138480749,1.1028389315243265e-10,1248.963826030631,121303.30520749786,984318.0560621666,zero_i
