id,mu,phi,beta,tau,S0,V0,modelname
Kimura67,0.003044791821266954,2.8798674339447392e-08,420.60137558687154,10.701894757900286,2182050.317226525,2481086.9688433404,ten_i
