id,mu,phi,beta,modelname
Kimura67,9.554315874304547e-05,5.665541104716033e-11,398.5337911141784,zero_i
