id,mu,phi,beta,tau,S0,V0,modelname
Kimura54,0.007610854379282671,1.2428253643433726e-08,30.608560983679364,0.010655356534335761,745582.5468560586,18946.096203684705,three_i
