id,mu,phi,beta,tau,S0,V0,modelname
Kimura67,0.0077471412389963,4.618550556027939e-09,299.88282503107763,23.690548632090376,1838754.7509882369,672872.2506173713,three_i
