id,mu,phi,beta,lam,tau,modelname
Kimura66,0.08451533955993763,1.9179043565862494e-08,435.66810193537196,0.0002587486384395113,0.009227276547473299,three_i
