id,mu,phi,beta,tau,S0,V0,modelname
Kimura67,0.000256946837002724,5.762701519363557e-11,345.3462843009675,0.014431972038068912,2482127.06218686,1201218.8920985777,eight_i
