id,mu,phi,beta,tau,S0,V0,modelname
Kimura54,0.008898306152018663,1.3272159613502371e-08,28.83767283198584,0.009548091919830538,737827.5510545631,18353.58647632856,seven_i
