id,mu,phi,beta,lam,tau,modelname
Kimura66,0.08483253162980943,1.9405247738257433e-08,438.8903760765808,0.0005597671949306636,0.009146585602440718,two_i
