id,mu,phi,beta,tau,S0,V0,modelname
Kimura67,0.006369249346704225,4.327858406412784e-09,295.34738960629,23.47905937408338,1959284.6915908507,667973.4997371574,three_i
