id,mu,phi,beta,tau,S0,V0,modelname
Kimura67,0.0002784635704385984,5.616775770839711e-11,365.91460991710363,0.01805607347588053,2380510.1972366865,1209485.8519276385,six_i
