id,mu,phi,beta,H0,V0,modelname
Kimura66,0.03511066390941244,9.79803653895908e-10,11.314397535234257,9041.89067041772,42804.52661274874,zero_i
