id,mu,phi,beta,lam,tau,modelname
Kimura66,0.08333931196274695,1.916750171042233e-08,487.93140557932674,0.040822355147547465,0.008574256693201573,three_i
