id,mu,phi,beta,tau,S0,V0,modelname
Kimura66,0.3807480486568124,4.0080286457504786e-07,1091.2250488754366,21.878875906760975,21958.912698224267,987569.3959799386,six_i
