id,mu,phi,beta,lam,tau,modelname
Kimura67,0.003762962124455848,4.582465839843247e-10,252.4703901971493,0.5901335306357364,0.02641383065098231,two_i
