id,mu,phi,beta,H0,V0,modelname
Kimura67,0.0011914026997167963,6.469703031526863e-11,315.8255787921173,2296486.621086395,1024803.6700560454,zero_i
