id,mu,phi,beta,lam,modelname
Kimura66,0.08471339532860152,1.9191843523928246e-08,437.96687616499713,0.009230109723647894,one_i
