id,mu,phi,beta,lam,S0,V0,modelname
Kimura54,0.03908786307800131,6.299201709513683e-08,16.45396680770535,0.24063998497956887,679072.8158399676,19063.2515629783,one_i
