id,mu,phi,beta,H0,V0,modelname
Kimura67,0.00016966717182857592,5.742516323470291e-11,365.0113043163967,2339528.3854480544,1113886.807170235,zero_i
