id,mu,phi,beta,tau,S0,V0,modelname
Kimura66,0.36412879762920336,2.728761394728303e-07,1166.0511728004255,14.477222170784424,25058.051322988293,1437701.3629519718,nine_i
