id,mu,phi,beta,lam,modelname
Kimura66,0.0851260512618441,1.934690056118777e-08,460.1420798982991,0.00898220514538338,one_i
