id,mu,phi,beta,tau,S0,V0,modelname
Kimura66,1.143467060453248,3.399870271974953e-06,1489.8193801803918,16.40122162549141,20701.614429097226,456532.48033106024,eight_i
