id,mu,phi,beta,tau,S0,V0,modelname
Kimura67,0.007124568110118396,1.8834804717263016e-08,370.1271327764459,15.604329668969118,1883460.901807074,1469826.2452054168,six_i
