id,mu,phi,beta,H0,V0,modelname
Kimura67,0.0002646802359914817,5.945064791656328e-11,341.86633414552443,2398723.939342043,1165850.9981546756,zero_i
