id,mu,phi,beta,H0,V0,modelname
Kimura54,0.010119734822341533,1.2701258545008929e-08,30.493601370192195,705200.7339996565,18333.327178656593,zero_i
