id,mu,phi,beta,modelname
Kimura66,0.008470562361322796,6.053554655430426e-11,17732.166112458057,zero_i
