id,mu,phi,beta,tau,S0,V0,modelname
Kimura66,0.0007837211586485212,3.0946621361956136e-11,3300.2563526144386,0.004834148841901308,341319.1342352646,922777.2215218254,six_i
