id,mu,phi,beta,lam,tau,modelname
Kimura66,0.08436995131161779,1.9186206668565024e-08,448.76018899543345,0.0022773542296652947,0.009095380420322987,three_i
