id,mu,phi,beta,tau,S0,V0,modelname
Kimura54,0.00397279066793838,2.5251570107196863e-06,36.945973685885434,2.087216526197694,840813.6496261839,26635.486263467803,six_i
