id,mu,phi,beta,tau,S0,V0,modelname
Kimura66,0.3752249371757926,3.286099324041712e-07,1001.8915320050497,17.9228155735476,18398.799091638633,1160327.287330339,seven_i
