id,mu,phi,beta,tau,S0,V0,modelname
Kimura67,0.006947253439130979,9.767643263113989e-09,305.1683748249414,20.046873074070817,1987520.2253130262,773305.6031075284,four_i
