id,mu,phi,beta,lam,tau,modelname
Kimura54,0.02284742125286999,5.144083572464766e-08,15.828185594135347,0.040025768681911066,0.2515742888692318,two_i
