id,mu,phi,beta,tau,S0,V0,modelname
Kimura54,0.006226231623919691,1.269900305562957e-08,30.639519452799835,0.007398326667428287,743381.2361912492,18544.93710406573,seven_i
