id,mu,phi,beta,H0,V0,modelname
Kimura67,0.00011543627611849451,5.796041654556964e-11,359.9690009162036,2393071.6936473656,1065659.4845079847,zero_i
