id,mu,phi,beta,tau,S0,V0,modelname
Kimura54,0.006330519155977294,9.767545472328276e-06,31.24433783948933,2.5129971459333578,863597.4874613585,26809.27582947894,five_i
