id,mu,phi,beta,lam,tau,S0,V0,modelname
Kimura54,0.030104448833528474,9.868728145916682e-08,18.32258582046283,1.344749696716112,0.23855559113218724,757010.8487555424,17016.0325135949,two_i
