id,mu,phi,beta,lam,tau,modelname
Kimura54,0.013859310325778222,9.029572027487194e-08,19.432143259412555,3.232105826524927,0.3388823453164438,two_i
