id,mu,phi,beta,tau,S0,V0,modelname
Kimura67,0.003774579008334809,1.7182201314358202e-08,374.11377081379845,15.658710077909312,2025195.6872075528,1389883.637305845,six_i
