id,mu,phi,beta,tau,S0,V0,modelname
Kimura67,0.004146153935267873,2.3323953827728738e-08,392.1401316233844,14.44635690230628,1981335.7778703414,1819241.8895761634,seven_i
