id,mu,phi,beta,tau,S0,V0,modelname
Kimura67,0.006917465078614491,1.0862953380410548e-08,311.88082585262936,20.343284916648305,1990916.2287360078,755552.1814264889,four_i
