id,mu,phi,beta,tau,S0,V0,modelname
Kimura67,0.005303779669528205,1.891602640804878e-08,399.85739406558054,15.904966209634718,1915303.1031534465,1362215.3189920022,six_i
