id,mu,phi,beta,lam,tau,modelname
Kimura67,0.004261654968559086,5.305827349610324e-10,240.96390495224054,0.9001438187747022,0.026295214612505842,three_i
