id,mu,phi,beta,tau,S0,V0,modelname
Kimura67,0.00018608115961700418,5.611267345509287e-11,398.3063751700445,0.015531568836577317,2236716.282272325,1049661.1426675282,three_i
