id,mu,phi,beta,lam,tau,S0,V0,modelname
Kimura54,0.026883560321595036,1.7958235204279078e-05,18.833489880089083,1.378065581736175,0.20100308588547894,982081.5033282028,22416.535049279988,five_i
