id,mu,phi,beta,tau,S0,V0,modelname
Kimura54,0.03480314377350016,6.224320453685052e-08,16.886162724098863,4.212315023132554,710793.6930214688,19754.419672452634,one_i
