id,mu,phi,beta,tau,S0,V0,modelname
Kimura54,0.002298014574889007,1.6155223593745825e-06,27.585976539308863,2.3406897164808207,919088.1286036372,25911.78533620623,five_i
