id,mu,phi,beta,tau,S0,V0,modelname
Kimura54,0.002535184169018028,1.5342575014694676e-06,47.10110545628749,1.6371830562931429,756764.9450629666,28680.962081633956,eight_i
