id,mu,phi,beta,tau,S0,V0,modelname
Kimura67,0.005298837278904115,4.052484657355109e-09,306.5405349758663,23.621842356652298,1997406.0243161004,701066.4225221382,three_i
