id,mu,phi,beta,tau,S0,V0,modelname
Kimura54,0.010376419602820387,1.3221051421229754e-08,28.1352359328208,0.000625426123632119,729743.1962379984,19274.941412970053,ten_i
