id,mu,phi,beta,tau,S0,V0,modelname
Kimura66,0.08062390996011518,1.3723394553520634e-08,400.00088822949834,99.18448142018791,17163.906456934103,348140.4143624217,one_i
