id,mu,phi,beta,tau,S0,V0,modelname
Kimura67,0.005814795946164057,1.6079400166911349e-09,272.04367044824943,28.166744503617313,1969441.118577785,622774.0500405304,two_i
