id,mu,phi,beta,tau,S0,V0,modelname
Kimura67,0.004549453173075434,2.334455883674172e-08,363.2287807981373,13.673699388340914,2075739.2207171265,1404698.9436581118,seven_i
