id,mu,phi,beta,tau,S0,V0,modelname
Kimura67,0.005531389275889351,2.4292555912297866e-08,423.3650014538418,14.237357462847573,1870577.3540197017,1511443.3852017075,seven_i
