id,mu,phi,beta,tau,S0,V0,modelname
Kimura54,0.001788765462118733,1.7640867901783755e-06,48.36361751945159,1.6602160521754397,766600.7670699215,29548.181903725832,eight_i
