id,mu,phi,beta,lam,tau,S0,V0,modelname
Kimura54,0.03632656830092969,4.819535543878471e-06,18.729019085114686,1.36514442402951,0.2079364975039588,874289.1128252132,22820.854138248284,five_i
