id,mu,phi,beta,tau,S0,V0,modelname
Kimura67,0.0054640917344197905,4.021345825812627e-09,293.63207496736794,23.29141384137641,2043116.5668179689,668054.9273936352,three_i
