id,mu,phi,beta,H0,V0,modelname
Kimura67,0.0002116654066758112,5.675621025223366e-11,369.2111921055526,2350479.45445713,1154959.5171523993,zero_i
