id,mu,phi,beta,H0,V0,modelname
Kimura66,0.0006458387742578977,2.8725333059659728e-11,3599.9357721260903,340639.2026939281,956834.0308749377,zero_i
