id,mu,phi,beta,tau,S0,V0,modelname
Kimura66,1.1562037301747938,2.3895583064963847e-06,1620.2922205190278,13.162674604503868,17171.24292543803,610720.4091729954,ten_i
