id,mu,phi,beta,lam,S0,V0,modelname
Kimura67,0.008097569421600144,6.356797452208584e-10,231.0224314952557,0.0256982347231573,1812229.9145015671,534914.9586448551,one_i
