id,mu,phi,beta,tau,S0,V0,modelname
Kimura66,0.5311811267732196,1.3864989346680148e-06,769.8156786641882,25.419812793534213,14381.16374454147,429257.205162532,five_i
