id,mu,phi,beta,tau,S0,V0,modelname
Kimura66,0.20857384023173564,3.5292014283012696e-07,873.8435165511748,31.83171149084794,14945.763121954551,404412.2121114938,four_i
