id,mu,phi,beta,lam,tau,modelname
Kimura54,0.06189735108352044,2.4520694501166136e-05,12.682687274406414,3.546109268401565,0.3743627100439125,three_i
