id,mu,phi,beta,tau,S0,V0,modelname
Kimura54,0.012298054312017305,1.2708953407127376e-06,44.12616452543683,1.592049160544643,704598.1629436963,29526.475018683293,eight_i
