id,mu,phi,beta,lam,tau,modelname
Kimura66,0.08530148085490612,1.9704318457120608e-08,419.5015596638648,0.050346070310994605,0.009532223109755005,four_i
