id,mu,phi,beta,tau,S0,V0,modelname
Kimura54,0.015887473599498846,5.0792662321484435e-06,30.051253083296793,2.4728592792022233,804733.681804262,26920.458289191833,five_i
