id,mu,phi,beta,lam,tau,modelname
Kimura54,0.009110010747785946,7.312958547279613e-08,19.935226073044095,0.4928315941193571,0.24656006207947792,four_i
