id,mu,phi,beta,lam,tau,modelname
Kimura54,0.014448055808065983,5.3119205843519676e-08,17.4154728436066,0.07056346768617568,0.24518863080453018,five_i
