id,mu,phi,beta,modelname
Kimura54,0.009297912779798873,1.4186118904326587e-08,20.88496212053165,zero_i
