id,mu,phi,beta,tau,S0,V0,modelname
Kimura54,0.0036452912607557214,1.028630756319653e-06,48.430795899605705,1.4312644467252933,757611.8353492549,29503.80985612058,nine_i
