id,mu,phi,beta,lam,tau,modelname
Kimura67,0.004124554632890952,4.388269755690579e-10,247.53547483766198,0.004616785064948317,0.02622319273975685,four_i
