id,mu,phi,beta,tau,S0,V0,modelname
Kimura67,0.005982181535792446,2.6098833891946367e-08,393.3869881308897,14.285310639380224,1936929.6821825206,1553933.322819377,seven_i
