id,mu,phi,beta,lam,tau,modelname
Kimura67,0.00385617291782003,4.424269379689171e-10,248.64080448084903,0.033683741561834284,0.026513139131131368,two_i
