id,mu,phi,beta,tau,S0,V0,modelname
Kimura54,0.010078955375924667,1.3158348251538237e-08,28.22111816505662,0.00015960238911121158,738311.643989236,18767.709416125555,ten_i
