id,mu,phi,beta,tau,S0,V0,modelname
Kimura54,0.001317001805889329,2.3840955282501725e-06,29.600128232124153,2.3846066301868034,967129.3670838167,24728.56919017495,five_i
