id,mu,phi,beta,modelname
Kimura66,0.00522130411585653,5.496779531494209e-13,3101188.077313668,zero_i
