id,mu,phi,beta,lam,tau,modelname
Kimura66,0.0853275559398902,1.976723078805736e-08,407.8971058591715,0.045710937527203406,0.00956388967772482,four_i
