id,mu,phi,beta,tau,S0,V0,modelname
Kimura54,0.007051084706396399,1.3125716488509398e-08,32.54579142239984,0.10524255504935326,757420.0242758868,20836.689385095782,five_i
