id,mu,phi,beta,tau,S0,V0,modelname
Kimura67,0.004239289995008475,8.659516413328936e-09,318.55728552201583,20.248694419036422,2146081.0187677285,795297.6440011313,four_i
