id,mu,phi,beta,H0,V0,modelname
Kimura54,0.010229379289356985,1.377098940745114e-08,27.069514600120165,730627.2570034473,19183.369513792066,zero_i
