id,mu,phi,beta,tau,S0,V0,modelname
Kimura54,0.001358618032113009,8.625520130322299e-07,49.47169721892145,1.4005921896360742,772735.6020789088,25736.470967601457,nine_i
