id,mu,phi,beta,tau,S0,V0,modelname
Kimura54,0.002634302736876519,1.6752640865058418e-06,43.65772781817341,1.847663587784517,777377.266142418,29225.73622114537,seven_i
