id,mu,phi,beta,tau,S0,V0,modelname
Kimura54,0.02855657381922817,7.27453305292883e-06,22.103908461272404,2.87113892569902,826481.8004485796,22725.8519962366,four_i
