id,mu,phi,beta,tau,S0,V0,modelname
Kimura67,0.007194780635075672,9.045275552941476e-09,306.2718018013964,19.945544232500843,1956964.405360525,789262.420552214,four_i
