id,mu,phi,beta,tau,S0,V0,modelname
Kimura66,0.001807420807851316,1.7843672138567296e-11,12654.30784715068,0.022579278312620688,147626.15132186786,516721.6981828784,three_i
