id,mu,phi,beta,tau,S0,V0,modelname
Kimura54,0.0034967712999910343,1.272508722858567e-06,48.358530665737646,1.6221718475700047,738389.7742005916,27246.484853654547,eight_i
