id,mu,phi,beta,tau,S0,V0,modelname
Kimura67,0.005487841292816724,3.618473822731103e-08,411.6952960210852,10.899501560659646,2145478.4881239273,2552560.338024685,ten_i
