id,mu,phi,beta,tau,S0,V0,modelname
Kimura67,0.002490677694318219,3.188848678270111e-08,392.2512650361547,11.792276719063661,2219923.008477112,2280092.9248610726,nine_i
