id,mu,phi,beta,H0,V0,modelname
Kimura54,0.007826920010142818,1.2413949584936973e-08,31.079462359109396,730825.095321965,17131.615823636246,zero_i
