id,mu,phi,beta,H0,V0,modelname
Kimura54,0.008146684014269127,1.2592484883120286e-08,29.133272345909887,765852.0301155731,17725.32306232837,zero_i
