id,mu,phi,beta,lam,S0,V0,modelname
Kimura66,0.0856884595317773,1.371188016546094e-08,326.63637958987954,0.01136543193474343,14082.754911187247,444368.3444454593,one_i
