id,mu,phi,beta,modelname
Kimura66,0.005721825635782988,4.922392560177083e-12,320556.86860593,zero_i
