id,mu,phi,beta,tau,S0,V0,modelname
Kimura67,0.02496290954301164,4.6316688406682716e-08,30.027194497624542,8.180102899432624,641101.0455107578,217244.6233040353,eight_i
