id,mu,phi,beta,tau,S0,V0,modelname
Kimura66,0.08317552827204537,1.2753415621275296e-08,385.81455009306904,96.83761488287237,14818.090169588197,474496.33088001434,one_i
