id,mu,phi,beta,tau,S0,V0,modelname
Kimura54,0.018597080904960282,4.780796520556518e-06,31.458804390718154,2.4659510020341897,772685.8444887539,24675.500534473667,five_i
