id,mu,phi,beta,H0,V0,modelname
Kimura66,0.00214188320427673,1.8825094429123427e-11,12046.127006347026,141729.28411670588,513611.9710940045,zero_i
