id,mu,phi,beta,lam,tau,H0,V0,modelname
Kimura54,0.008183850279049183,1.4218359396972194e-08,23.263556443546737,0.017703898290911832,4.677601566907552,289762.22852629505,17484.67606099824,three_i
