id,mu,phi,beta,tau,S0,V0,modelname
Kimura67,0.0003276968897670136,5.671845153341584e-11,372.29712579598953,0.010924832050897506,2342781.5903908787,1075617.9498811169,nine_i
