id,mu,phi,beta,lam,tau,S0,V0,modelname
Kimura67,0.009195683007448652,6.486847518361693e-10,229.80315111257337,0.0074695562671606135,0.02580055344632804,1694198.51356593,567395.5136414032,five_i
