id,mu,phi,beta,tau,S0,V0,modelname
Kimura66,0.08166396568402662,1.2445539244322637e-08,366.5011942230045,94.05759767290505,15387.909086031974,476563.34385207325,one_i
