id,mu,phi,beta,tau,S0,V0,modelname
Kimura67,0.007437898325498469,6.160141505804237e-10,228.1960754927593,38.863535921543495,1918503.8443473259,543431.122746756,one_i
