id,mu,phi,beta,tau,S0,V0,modelname
Kimura67,0.0058019949763069185,8.184484062158498e-09,310.9276881778426,19.772303134328812,2007017.3367950616,759228.5508238974,four_i
