id,mu,phi,beta,lam,tau,modelname
Kimura67,0.004459814318903182,4.71991760378246e-10,232.75943300337687,0.046539957786074254,0.02616904430451868,two_i
