id,mu,phi,beta,H0,V0,modelname
Kimura66,0.000176242,8.36E-09,1.175353313,2177046.659,792469.3358,zero_i