id,mu,phi,beta,H0,V0,modelname
Kimura54,0.008357424782551588,1.2767211055241794e-08,30.596303307845023,714216.419850995,17139.93602784468,zero_i
