id,mu,phi,beta,tau,S0,V0,modelname
Kimura67,0.0022451488143208527,1.647634060162584e-08,366.579516467963,15.402257440991113,2165267.4055503486,1307964.9599089667,six_i
