id,mu,phi,beta,tau,S0,V0,modelname
Kimura54,0.06436755207821067,2.972698703426466e-05,13.333439699832576,3.2793755427413087,899849.3733694641,22489.57457638228,three_i
