id,mu,phi,beta,lam,tau,modelname
Kimura54,0.06082616510617671,1.9342407041848746e-05,12.999653838348637,3.042734801616453,0.26488311102747036,three_i
