id,mu,phi,beta,tau,S0,V0,modelname
Kimura66,0.4549432210643682,2.5631048632793247e-07,1217.350647366696,12.90843759315941,24511.60681642451,1922124.7764528515,ten_i
