id,mu,phi,beta,tau,S0,V0,modelname
Kimura66,0.1062181273075519,5.431249439246896e-08,627.7263425662204,59.715351629312465,14524.44814199663,341077.2484381262,two_i
