id,mu,phi,beta,tau,S0,V0,modelname
Kimura54,0.007059492754271291,1.230715625443485e-08,30.779803846880746,0.001147220194617627,753856.5292917958,17174.093577509397,six_i
