id,mu,phi,beta,tau,S0,V0,modelname
Kimura54,0.002443047411905672,1.6315412003322304e-06,53.206026443856665,1.520692956313824,732721.6334163201,32046.161356013523,nine_i
