id,mu,phi,beta,tau,S0,V0,modelname
Kimura66,0.30709301035870334,2.7678104701323786e-07,1223.8156200126648,18.501492276018812,21479.68639137326,1110780.2143006236,seven_i
