id,mu,phi,beta,modelname
Kimura54,0.009323171820907064,1.4144052256504869e-08,20.941894205228184,zero_i
