id,mu,phi,beta,tau,S0,V0,modelname
Kimura67,0.13659431921834467,4.101722809282225e-06,427.11374171349837,12.590167766566083,2105984.9883688847,3184266.1545721455,ten_i
