id,mu,phi,beta,tau,S0,V0,modelname
Kimura54,0.009914383272186822,5.968292075221757e-06,29.791623713401197,2.440084756295303,881481.1185859563,25902.237328568663,five_i
