id,mu,phi,beta,tau,S0,V0,modelname
Kimura67,0.005037409296799299,8.843480183373118e-09,319.6902215315554,20.2374775272577,2057359.90228726,792852.9149963869,four_i
