id,mu,phi,beta,H0,V0,modelname
Kimura54,0.009030473264432773,1.2262020514035138e-08,31.62828760154643,715153.7770263336,17521.90961425119,zero_i
