id,mu,phi,beta,tau,S0,V0,modelname
Kimura66,0.3648359764581744,2.2980259265453832e-07,1272.753432055467,14.541429384945383,21376.816958447576,1655074.7326270943,nine_i
