id,mu,phi,beta,tau,S0,V0,modelname
Kimura54,0.005112161357953551,4.450418482439831e-06,40.2110401605105,2.1837859221886364,775728.8658352544,27956.00478623185,six_i
