id,mu,phi,beta,lam,tau,modelname
Kimura67,0.005262675400028341,4.883280021182277e-10,216.52097185240723,0.04254912564977193,0.026688275700592647,three_i
