id,mu,phi,beta,lam,tau,modelname
Kimura67,0.004360166626310843,4.654542790846589e-10,234.7381000458659,0.08678768746552948,0.026306694551188566,two_i
