id,mu,phi,beta,tau,S0,V0,modelname
Kimura54,0.006332048849053445,1.2538728090319985e-08,36.475418479098565,0.04920038509639464,709265.5802856664,19868.422209941593,ten_i
