id,mu,phi,beta,lam,modelname
Kimura67,0.00400910447601139,4.496960050502172e-10,244.3844915158176,0.026232713957367985,one_i
