id,mu,phi,beta,tau,S0,V0,modelname
Kimura54,0.007750375937272953,1.4667678025186951e-08,27.929269931971845,0.07074967371012858,780055.9427123944,21617.246156151446,eight_i
