id,mu,phi,beta,tau,S0,V0,modelname
Kimura67,0.0026911136492603163,1.8403898260927958e-08,410.64533365803084,15.866678494487484,2006181.7093368848,1162839.8268023937,six_i
