id,mu,phi,beta,lam,tau,S0,V0,modelname
Kimura67,0.01671115670172902,8.523935857859342e-10,193.30364502476647,0.07964858269389231,0.025986141729005895,1272062.4922983805,562793.1898762428,two_i
