id,mu,phi,beta,H0,V0,modelname
Kimura67,0.00017341665310761714,5.556879278726466e-11,379.2020832245643,2342613.361318057,1112882.492727577,zero_i
