id,mu,phi,beta,lam,tau,modelname
Kimura66,0.08477673695270435,1.9361332230243424e-08,442.54652668714544,0.00182502036196842,0.009117343304940923,five_i
