id,mu,phi,beta,modelname
Kimura67,0.0007027410229516768,6.039195567385573e-11,358.51720087955266,zero_i
