id,mu,phi,beta,tau,S0,V0,modelname
Kimura66,1.2205073716168344,3.2093532233622793e-06,1342.0011355445092,19.204612365314013,15420.965982140704,484198.1066059896,seven_i
