id,mu,phi,beta,tau,S0,V0,modelname
Kimura66,0.2766075331656559,2.960817009694822e-07,1082.0959452356046,21.650558959270935,23405.51012947825,908399.7695981651,six_i
