id,mu,phi,beta,tau,S0,V0,modelname
Kimura67,0.0061831936761083985,1.647935148854268e-08,299.7386564585612,17.626061176713822,2129995.1892898916,1029271.316278767,five_i
