id,mu,phi,beta,modelname
Kimura67,0.00034189999467198475,5.7759711135841136e-11,384.7220446962028,zero_i
