id,mu,phi,beta,tau,S0,V0,modelname
Kimura66,0.07919764218470984,1.4596964293821843e-08,448.5054919228175,104.88894524274471,16414.153965534053,309845.8929964177,one_i
