id,mu,phi,beta,lam,tau,modelname
Kimura67,0.006019164452301925,5.208138134414772e-10,206.68319240213896,0.041597153213631666,0.02664923475436169,five_i
