id,mu,phi,beta,tau,S0,V0,modelname
Kimura54,0.04496131895341843,8.048196013657653e-07,14.736707932540961,2.9942636600741817,877549.0900712394,20201.303299839932,three_i
