id,mu,phi,beta,tau,S0,V0,modelname
Kimura66,0.006084309,3.79E-09,293.2573869,23.11266808,1997619.457,700123.5492,one_i