id,mu,phi,beta,tau,S0,V0,modelname
Kimura66,0.4750568227297012,3.8471607639582546e-07,1063.1008510242225,16.351263973591415,22338.567532942652,1349358.8512482988,eight_i
