id,mu,phi,beta,tau,S0,V0,modelname
Kimura54,0.007896984444098984,1.199999648082796e-08,32.909669293864866,0.019674381344152,711944.9712177375,20114.800228448374,four_i
