id,mu,phi,beta,lam,modelname
Kimura67,0.005452683233408216,4.768776640530224e-10,222.5608897388475,0.026619819643775355,one_i
