id,mu,phi,beta,tau,S0,V0,modelname
Kimura54,0.04388550750577442,6.757002597425407e-08,17.53924494597364,4.236260961888851,611475.7247618904,16987.433865113206,one_i
