id,mu,phi,beta,lam,tau,modelname
Kimura66,0.08472518272425907,1.9191371653713875e-08,440.07235289852,0.00010609364751657184,0.009198469201670379,four_i
