id,mu,phi,beta,tau,S0,V0,modelname
Kimura67,0.0020271978592920244,2.6869995649392368e-08,459.8514374094367,10.269814247681282,2191605.7313773963,1850181.5908373944,ten_i
