id,mu,phi,beta,tau,S0,V0,modelname
Kimura66,0.3368282941001605,2.0697739604171192e-07,1212.187152847123,12.768479315605363,24708.76883543675,1711838.751496057,ten_i
