id,mu,phi,beta,tau,S0,V0,modelname
Kimura67,0.004801594478028387,8.46870707327949e-10,119.38152336049488,6.664273791598333,10691454.028146213,190679.57868447172,eight_i
