id,mu,phi,beta,lam,tau,modelname
Kimura67,0.004135005903021528,6.201626588109888e-10,253.76050707761775,1.3004839789197264,0.025747826649283913,four_i
