id,mu,phi,beta,lam,tau,modelname
Kimura66,0.08620389856291531,1.992770420066749e-08,415.89773252209244,0.02512067946694482,0.009416797275641223,three_i
