id,mu,phi,beta,tau,S0,V0,modelname
Kimura66,1.1072645039809472,3.1830919813672753e-06,1320.9142879265194,18.290697824798357,15430.480442850527,445393.8074955793,seven_i
