id,mu,phi,beta,tau,S0,V0,modelname
Kimura67,0.0010387064664381714,5.99893384630182e-11,345.3239562539314,0.012214100447329452,2313582.255138168,991585.6894768206,ten_i
