id,mu,phi,beta,tau,S0,V0,modelname
Kimura67,0.007904861749187626,6.264568340376434e-10,239.23701571874815,39.471810454767635,1768739.0154137001,554876.9309146521,one_i
