id,mu,phi,beta,lam,tau,modelname
Kimura67,0.004646203883053292,7.218652270884178e-10,238.18213242929076,1.6172444363724094,0.02559640927584787,four_i
