id,mu,phi,beta,tau,S0,V0,modelname
Kimura66,0.0005246245017535482,2.8802876469257936e-11,3670.682054294298,0.00016664505650213174,327904.0989802033,1005233.2015080645,six_i
