id,mu,phi,beta,tau,S0,V0,modelname
Kimura54,0.008114259893755525,1.269611385181775e-08,31.774148054043344,0.058525890928585886,719698.1299202129,17376.89012383308,two_i
