id,mu,phi,beta,tau,S0,V0,modelname
Kimura66,0.08380341312759412,1.4863679085022092e-08,332.48465479560366,92.36110020335668,15513.775991190923,348142.5038161283,one_i
