id,mu,phi,beta,H0,V0,modelname
Kimura66,0.0394451291876477,4.651649563768596e-09,5.580968954276274,156632.61306270285,153288.6268828586,zero_i
