id,mu,phi,beta,tau,S0,V0,modelname
Kimura54,0.010876507140316261,1.2921955997276332e-08,28.741813022961598,0.00030299785660706485,727945.518740534,18584.49105149208,nine_i
