id,mu,phi,beta,tau,S0,V0,modelname
Kimura66,0.002860563954721384,2.1603136191384374e-11,9869.489539495631,0.0006314129463475766,136747.1600163961,622200.0245328706,five_i
