id,mu,phi,beta,tau,S0,V0,modelname
Kimura54,0.0073694576718611226,1.2621674041068762e-08,31.027981652368826,0.019793980238670184,737269.9587058576,17048.823614156576,three_i
