id,mu,phi,beta,H0,V0,modelname
Kimura66,0.010485906613792157,1.5503648644808791e-10,375.92255971136075,189017.79410165575,3465826.390195196,zero_i
