id,mu,phi,beta,lam,modelname
Kimura54,0.01771393457016897,4.74601124196407e-08,17.142018512506883,0.2499266477210087,one_i
