id,mu,phi,beta,tau,S0,V0,modelname
Kimura67,0.007819099388233818,3.83801510347162e-08,410.2777515237457,10.870250381559817,2069698.1143077137,2565501.077483946,ten_i
