id,mu,phi,beta,tau,S0,V0,modelname
Kimura66,0.34652222727304827,2.270763833087228e-07,1270.5268863349618,14.548560833201782,26990.0839008522,1628349.138404275,nine_i
