id,mu,phi,beta,lam,tau,modelname
Kimura67,0.004737164665405825,4.820190061328074e-10,231.36482469359152,0.8407654782674785,0.026827311028042596,two_i
