id,mu,phi,beta,tau,S0,V0,modelname
Kimura54,0.004813935819132587,1.2711691607459405e-08,33.25977015320752,0.037037475175403484,748196.6596608786,17372.28557054333,eight_i
