id,mu,phi,beta,tau,S0,V0,modelname
Kimura54,0.0010329963030395123,2.0389302080492304e-06,46.10629606863633,1.8657004571903604,773350.9377297863,27271.901428262492,seven_i
