id,mu,phi,beta,tau,S0,V0,modelname
Kimura54,0.008793544551007794,2.784241497753173e-07,27.784898181386474,2.3583341153958064,849278.7081349839,22727.57892891055,four_i
