id,mu,phi,beta,H0,V0,modelname
Kimura67,0.00015307640626948348,5.7369674887695515e-11,384.1896493232554,2294579.3431914295,977422.115910249,zero_i
