id,mu,phi,beta,tau,S0,V0,modelname
Kimura54,0.01649915818165331,1.0624688662890551e-07,23.643014473066962,3.308283807368814,768866.3688485723,16465.826171999026,two_i
