id,mu,phi,beta,H0,V0,modelname
Kimura54,0.007880223599188477,1.2649319152347778e-08,30.68977325613939,724321.2011974041,18037.525046034007,zero_i
