id,mu,phi,beta,lam,modelname
Kimura67,0.0042472921339139534,4.547795103319768e-10,238.70834947158963,0.02640066397027338,one_i
