id,mu,phi,beta,lam,tau,S0,V0,modelname
Kimura54,0.05472278754959975,7.233809262337641e-08,15.574057934549248,0.04658049185656378,0.2508085666002388,592639.0451104656,17423.377320066986,two_i
