id,mu,phi,beta,tau,S0,V0,modelname
Kimura66,0.3763116619180814,2.937756325291114e-07,1101.3539624104621,16.15883570849269,22364.252172486387,1353124.3733540676,eight_i
