id,mu,phi,beta,tau,S0,V0,modelname
Kimura54,0.008497337384720876,1.3242060996722485e-08,28.22540058326141,0.0038577385827121623,758094.4887636385,17041.833446193315,four_i
