id,mu,phi,beta,modelname
Kimura67,9.11136902299773e-05,5.724335182689521e-11,395.041609538775,zero_i
