id,mu,phi,beta,tau,S0,V0,modelname
Kimura67,0.005988434426497521,8.917627956906815e-09,304.28823181719895,20.064256205267288,2066819.370717692,817082.9220394341,four_i
