id,mu,phi,beta,lam,modelname
Kimura54,0.010020245824576307,4.1756113715204246e-08,19.995337635608376,0.24950915853114636,one_i
