id,mu,phi,beta,lam,H0,V0,modelname
Kimura66,0.08472238202271495,1.304243260767493e-08,349.1798136899471,0.01068138175183903,29868.837509233264,511172.61407188856,one_i
