id,mu,phi,beta,tau,S0,V0,modelname
Kimura67,0.00875120049037452,6.348297071454882e-10,234.61022566643658,39.47537826078013,1713121.5505809886,563575.5084519634,one_i
