id,mu,phi,beta,tau,S0,V0,modelname
Kimura67,0.007299397364129353,1.634620261669492e-09,271.3789897436949,28.57213650995393,1844840.3838340235,704803.2844783961,two_i
