id,mu,phi,beta,tau,S0,V0,modelname
Kimura67,0.0025545667669504956,1.9657034700310862e-08,437.5242689990854,12.26083961381814,1973133.926337483,1489680.8181110425,eight_i
