id,mu,phi,beta,tau,S0,V0,modelname
Kimura67,0.0024818755459417377,3.686787082759392e-08,407.4876627172718,10.877132297343916,2195603.7345774854,2497910.4307693588,ten_i
