id,mu,phi,beta,tau,S0,V0,modelname
Kimura54,0.01489370986779171,1.075884640686017e-07,22.963151365154694,3.333656161954534,804966.2243656982,18207.23418004404,two_i
