id,mu,phi,beta,lam,tau,modelname
Kimura66,0.02603219285411968,1.2284991661679173e-09,61.8092344693964,0.02474566802093638,0.06831225727770274,five_i
