id,mu,phi,beta,tau,S0,V0,modelname
Kimura67,0.0017444477842586327,2.467916744074618e-08,485.7631230354923,12.80894708351105,2002910.1678872192,1643284.4896710166,eight_i
