id,mu,phi,beta,lam,tau,modelname
Kimura54,0.009443954470455198,4.3863710856577634e-08,19.974920491341578,0.03807378993935145,0.2440182702043593,three_i
