id,mu,phi,beta,lam,tau,H0,V0,modelname
Kimura67,0.005810612292459002,8.929916821298387e-09,270.7975747436238,19.246151756366185,0.4406992043830674,869403.3375222076,942248.0024242738,five_i
