id,mu,phi,beta,tau,S0,V0,modelname
Kimura54,0.008905389405035652,1.2263971039202067e-08,32.67419999281893,0.0008013580634479307,695307.1413274644,16806.317766651024,five_i
