id,mu,phi,beta,tau,S0,V0,modelname
Kimura67,0.002634382428745779,2.1110050549586066e-08,380.8555452862207,14.214084698609605,2167087.3478847416,1805913.1965549758,seven_i
