id,mu,phi,beta,tau,S0,V0,modelname
Kimura67,0.004672041792606801,2.5189751723583648e-08,384.6732544458372,11.045192609902129,2106053.835924256,1904456.538693843,nine_i
