id,mu,phi,beta,tau,S0,V0,modelname
Kimura54,0.0018154380894127133,9.835530861630971e-07,45.07097934188476,1.565731382527757,790261.447380566,26328.957458644716,eight_i
