id,mu,phi,beta,tau,S0,V0,modelname
Kimura54,0.04935254022938535,7.149216899746009e-08,14.834299495262313,4.000225114880832,656185.4819730623,16281.155539203346,one_i
