id,mu,phi,beta,tau,S0,V0,modelname
Kimura66,0.008810303874444984,1.3598154473992936e-10,939.1780932785267,0.26685244934541563,121626.49919495393,1054554.7639314134,seven_i
