id,mu,phi,beta,tau,S0,V0,modelname
Kimura54,0.01036783607835046,1.2295862050579393e-08,31.817968493136114,0.10758136492510427,708673.533580706,19408.3119102078,one_i
