id,mu,phi,beta,tau,S0,V0,modelname
Kimura67,0.008746785605384135,6.171209293453368e-10,208.79122071485915,37.35015349446722,1852293.6397782725,676289.3678483348,one_i
