id,mu,phi,beta,tau,S0,V0,modelname
Kimura54,0.011297516892376671,1.2904816042123478e-08,29.487933429380167,0.00013754179890705632,706170.3684372297,18469.0194307639,nine_i
