id,mu,phi,beta,lam,tau,S0,V0,modelname
Kimura54,0.04352060833928961,2.2743836676751843e-05,16.67339841756858,1.9108648573435323,0.2248015285779981,950201.362023094,22924.359542374077,four_i
