id,mu,phi,beta,lam,S0,V0,modelname
Kimura66,0.08032950754260343,1.2594486641974559e-08,387.89242059046626,0.010226936957817734,16754.718213854863,451429.5662148407,one_i
