id,mu,phi,beta,tau,S0,V0,modelname
Kimura67,0.004262920136673887,4.3131110389467115e-09,313.75075644412715,23.7879993582187,2068977.4301070839,646525.5788221662,three_i
