id,mu,phi,beta,tau,S0,V0,modelname
Kimura67,0.00884898373039503,6.387835150719232e-10,230.55272678310166,39.54598662520094,1750088.4111336106,587599.7431105401,one_i
