id,mu,phi,beta,tau,S0,V0,modelname
Kimura54,0.02297748470394642,4.333164266091039e-08,22.57569497194806,3.9214326992257194,740995.6441368404,19927.845426858203,one_i
