id,mu,phi,beta,tau,S0,V0,modelname
Kimura54,0.009648712717102546,2.2757365677338957e-07,40.08584625208009,1.637366297027697,754442.1178057595,22009.59034444767,six_i
