id,mu,phi,beta,tau,S0,V0,modelname
Kimura67,0.04852541556639162,2.323601313571408e-09,72.74223917848947,14.653055282061127,948788.1423326532,12558053.708668815,two_i
