id,mu,phi,beta,tau,S0,V0,modelname
Kimura67,0.0059673901125101856,4.047629037842413e-09,298.6959195549218,23.389104731183423,1975726.5913070466,667001.3869190064,three_i
