id,mu,phi,beta,lam,tau,modelname
Kimura54,0.024947631639566526,6.980716986121511e-08,16.083004684330742,0.8584112327390412,0.2520920224827507,two_i
