id,mu,phi,beta,tau,S0,V0,modelname
Kimura67,0.005049889576205618,1.6760451347726889e-09,277.6286791797802,28.86810269818277,2065991.8377750383,578583.7494565997,two_i
