id,mu,phi,beta,lam,tau,S0,V0,modelname
Kimura54,0.03189241943132626,7.517553644392864e-08,19.50095956124495,0.3283516164763105,0.23109507588529368,700869.4453700678,19285.14259773505,three_i
