id,mu,phi,beta,tau,S0,V0,modelname
Kimura67,0.006873211656196804,1.560231259363693e-09,269.2005123460958,27.69011981518662,1927151.9070281633,605522.1690723267,two_i
