id,mu,phi,beta,lam,tau,modelname
Kimura67,0.005225725225138391,4.891082206809791e-10,224.31057550724614,0.032951774096482436,0.02643743711143222,three_i
