id,mu,phi,beta,tau,S0,V0,modelname
Kimura54,0.00863250637986027,1.2705846576965608e-08,30.892533940986617,0.006992526056911159,713725.665068108,18284.51836883102,six_i
