id,mu,phi,beta,tau,S0,V0,modelname
Kimura66,0.7664469950144686,7.42733756759351e-07,1049.6444177563824,18.8375537522746,20045.174626155895,1174386.0605421618,seven_i
