id,mu,phi,beta,tau,S0,V0,modelname
Kimura67,0.006314187454582967,2.8706501431392762e-08,387.40235349775855,13.039880823022614,1966645.462669195,2224993.367197989,eight_i
