id,mu,phi,beta,H0,V0,modelname
Kimura54,0.00786679981102272,1.2443618633024224e-08,30.4113296162021,744183.0710690353,18381.539302193793,zero_i
