id,mu,phi,beta,modelname
Kimura66,0.0053037976488171015,4.784095054797625e-13,3512235.530855536,zero_i
