id,mu,phi,beta,lam,tau,H0,V0,modelname
Kimura54,0.013085487501057895,6.900034324044913e-08,23.212042596032067,0.3896263242441199,0.2292204444290454,761505.5098456764,17219.882955644258,four_i
