id,mu,phi,beta,H0,V0,modelname
Kimura54,0.00908352563114651,1.276450341724609e-08,30.39262601242621,717505.3488860499,17271.329559800462,zero_i
