id,mu,phi,beta,tau,S0,V0,modelname
Kimura66,1.194335704039945,3.4297056252748524e-06,1291.7878379924782,23.29850305652359,17150.653369391555,452663.2428009021,six_i
