id,mu,phi,beta,tau,S0,V0,modelname
Kimura54,0.03593577639292069,1.4129032000923818e-07,17.717646196096666,3.2426624711851826,729866.5073189952,17962.348455697807,two_i
