id,mu,phi,beta,tau,S0,V0,modelname
Kimura54,0.008469508686082075,1.2297447524907291e-08,31.52472388331252,0.002341827592467383,722169.3230376326,17232.46945468088,seven_i
