id,mu,phi,beta,modelname
Kimura67,0.011415093440658669,8.822180500968677e-10,40.02430607696833,zero_i
