id,mu,phi,beta,tau,S0,V0,modelname
Kimura66,0.2838823807765917,6.209738788924978e-07,1716.3300233876091,15.974322725893149,19049.2195797881,490028.9393270499,eight_i
