id,mu,phi,beta,tau,S0,V0,modelname
Kimura66,0.09989903208559306,4.8047538231560967e-08,635.1270516802067,58.792279233014035,16514.093188409926,348284.23740859464,two_i
