id,mu,phi,beta,lam,tau,modelname
Kimura54,0.0360664474893776,2.20330661677009e-05,18.099453142742583,2.0858034992342374,0.2211390139095252,four_i
