id,mu,phi,beta,tau,S0,V0,modelname
Kimura66,0.905255949053397,7.050256840820353e-07,1128.4189221832637,14.735111251752148,21936.011748717916,1480278.2278256563,nine_i
