id,mu,phi,beta,tau,S0,V0,modelname
Kimura67,0.007927684714278328,6.267652898338938e-10,237.68159351718614,39.08144383475191,1817657.5110288633,538303.6183255564,one_i
