id,mu,phi,beta,tau,S0,V0,modelname
Kimura67,0.00032513748452672124,5.750587860843953e-11,366.2890954439038,0.008355903978281684,2292348.33193802,1206702.9690082103,eight_i
