id,mu,phi,beta,tau,S0,V0,modelname
Kimura66,0.0824298547039657,1.2845275742466184e-08,380.0027805411544,97.01913434208069,16005.211035224223,476254.97247614904,one_i
