id,mu,phi,beta,H0,V0,modelname
Kimura66,0.0014034034345235733,1.567896381626631e-11,14922.204725927542,147523.11048070993,561187.8900925994,zero_i
