id,mu,phi,beta,lam,modelname
Kimura67,0.014403247851771966,1.8037337896942206e-09,64.57343546424381,0.025775105772250003,one_i
