id,mu,phi,beta,tau,S0,V0,modelname
Kimura66,0.003821938924166941,5.183542127195714e-11,3747.8511296303095,0.08957618542215706,149669.66669483928,539293.1364058829,nine_i
