id,mu,phi,beta,lam,modelname
Kimura66,0.08489315392609124,1.9530895546825284e-08,434.2926037535327,0.009304314086626993,one_i
