id,mu,phi,beta,tau,S0,V0,modelname
Kimura54,0.11547839480605346,6.280624293058703e-06,7.392941236637941,3.8813099314212294,818582.1060197458,19768.549119431933,two_i
