id,mu,phi,beta,H0,V0,modelname
Kimura67,0.015820383433905422,3.4104175727455856e-10,17.343546440153517,267840.0789188766,337295.6720427569,zero_i
