id,mu,phi,beta,lam,tau,modelname
Kimura54,0.006149419984242717,4.180802600574438e-08,23.444711127255225,0.13480849446375895,0.24539207850706282,four_i
