id,mu,phi,beta,tau,S0,V0,modelname
Kimura66,0.0009937208608655822,3.2095962092479406e-11,3369.4039631185374,0.023749236212522905,315692.8360232697,914294.1000850381,ten_i
