id,mu,phi,beta,tau,S0,V0,modelname
Kimura54,0.0017910612548015057,4.6012261211703395e-06,23.498691777462188,2.909491612538756,1015308.5852451371,21788.940192616294,four_i
