id,mu,phi,beta,lam,tau,modelname
Kimura67,0.0031288306471516,5.583287755747572e-10,262.9192020960926,1.4922587964882514,0.025464940959501144,three_i
