id,mu,phi,beta,tau,S0,V0,modelname
Kimura54,0.017185605687970104,2.280053974482713e-07,21.407289948847218,2.774964866285517,848881.6611835007,21176.395815047697,three_i
