id,mu,phi,beta,tau,S0,V0,modelname
Kimura67,0.0060636030845858,1.5404752923590884e-09,283.85770992727834,28.28835715051574,1951838.2438069966,621284.2010673865,two_i
