id,mu,phi,beta,tau,S0,V0,modelname
Kimura54,0.004220446583185349,1.8065778945236786e-06,42.708524950579275,1.8422794212647626,770413.3189213863,27988.22168776633,seven_i
