id,mu,phi,beta,lam,tau,modelname
Kimura66,0.08371221204901608,1.8316809654552846e-08,438.7222612064541,0.06147120193510876,0.009525906581678702,two_i
