id,mu,phi,beta,H0,V0,modelname
Kimura67,0.00020588420319498697,5.563766159028219e-11,373.00502811328613,2352862.3301115464,1119201.1868923584,zero_i
