id,mu,phi,beta,tau,S0,V0,modelname
Kimura54,0.007222343493681546,1.4730396718813263e-06,54.08280840138416,1.4821544913347162,703100.3578722276,28748.745985340087,nine_i
