id,mu,phi,beta,tau,S0,V0,modelname
Kimura66,1.23020168513222,3.3316822827695524e-06,1827.9949753698877,17.28050310787531,18712.019718733532,487869.55878653564,eight_i
