id,mu,phi,beta,lam,modelname
Kimura67,0.004680735383898747,4.5769162109979394e-10,236.38160580901908,0.026526350233789606,one_i
