id,mu,phi,beta,tau,S0,V0,modelname
Kimura54,0.009651686218251911,1.2767716905957513e-08,29.316431629366274,0.006179144656081348,742737.4831473771,17405.25276021958,four_i
