id,mu,phi,beta,tau,S0,V0,modelname
Kimura67,0.006139267819794214,2.1506444802951606e-08,426.26976393590064,13.576984252620933,1824234.5538613508,1293567.9813056637,seven_i
