id,mu,phi,beta,lam,modelname
Kimura66,0.08447463950844987,1.9245360291176354e-08,442.54277644416527,0.009159844423300988,one_i
