id,mu,phi,beta,tau,S0,V0,modelname
Kimura66,1.4502437091057903,4.038148168529203e-06,1741.2278426696198,14.339542214164647,20951.764277549064,488097.4586586734,nine_i
