id,mu,phi,beta,tau,S0,V0,modelname
Kimura67,0.000373671828488506,5.906969545645565e-11,348.3576060202522,0.012966946359655136,2349292.635319435,1181122.8983028943,seven_i
