id,mu,phi,beta,tau,S0,V0,modelname
Kimura54,0.10431359774047577,1.0686505721422659e-08,12.911681303958828,0.5056412583621644,2607949.001706443,51581.18222821846,three_i
