id,mu,phi,beta,tau,S0,V0,modelname
Kimura66,0.24681015052169206,4.052314599331866e-07,1952.1063921302368,12.689024064719284,19145.219392335122,632282.7402521821,ten_i
