id,mu,phi,beta,tau,S0,V0,modelname
Kimura66,0.2442219570127691,4.446438436741176e-07,1472.73482553722,13.58980368360346,18270.061473418944,556675.7155436173,nine_i
