id,mu,phi,beta,tau,S0,V0,modelname
Kimura54,0.0012418976041830817,2.924162777572085e-06,38.76612679691305,2.1200558992506764,809766.9963413321,25257.90647361575,six_i
