id,mu,phi,beta,tau,S0,V0,modelname
Kimura67,0.00791488094815135,6.213127793634864e-10,225.2093916200508,38.534137380550455,1862904.3961183424,572294.1287024576,one_i
