id,mu,phi,beta,tau,S0,V0,modelname
Kimura67,0.00014370065189188197,5.678501097310645e-11,369.91761153741896,0.008381995333046467,2362831.8073774176,1083629.4238593203,five_i
