id,mu,phi,beta,tau,S0,V0,modelname
Kimura67,0.07206867606750217,4.5248980013144555e-07,12.528926391390522,9.622007729610145,470191.48503681144,1855479.0027410828,five_i
