id,mu,phi,beta,tau,S0,V0,modelname
Kimura54,0.019283352566795513,2.2022662225556177e-09,68.54990389047747,0.04706751987092471,437955.6458902166,11759.14273255912,ten_i
