id,mu,phi,beta,tau,S0,V0,modelname
Kimura67,0.0037309132538784887,1.798551426207425e-08,379.15794674998034,15.77653613578526,2072834.0706365197,1391795.620580553,six_i
