id,mu,phi,beta,tau,S0,V0,modelname
Kimura67,0.0038235545665620324,2.167802403062662e-08,380.08846822454456,14.070443325672393,2092693.9604023127,1729589.8292129934,seven_i
