id,mu,phi,beta,tau,S0,V0,modelname
Kimura66,0.3373554431571693,2.6505970657231926e-07,1130.0195021961053,15.888124992102737,22868.833650304543,1318552.1039182763,eight_i
