id,mu,phi,beta,tau,S0,V0,modelname
Kimura67,0.005446788247095301,2.9305569977392343e-08,421.2781341458095,11.281899324626242,1996533.6286312642,1774539.2192748499,nine_i
