id,mu,phi,beta,tau,S0,V0,modelname
Kimura54,0.004712040475922424,1.2602585367170451e-06,52.401310634816184,1.4600381781416154,724158.3573768721,28258.33672939362,nine_i
