id,mu,phi,beta,lam,modelname
Kimura54,0.01604766638335593,4.6988323144918745e-08,17.913156451768888,0.24329362514342492,one_i
