id,mu,phi,beta,lam,tau,modelname
Kimura66,0.08529753488785054,2.0279940844626025e-08,431.6822157342348,0.07185929607832418,0.00918432095318109,five_i
