id,mu,phi,beta,tau,S0,V0,modelname
Kimura54,0.08231687586120216,6.241905946089559e-06,7.25034383279459,3.929601690567877,1025807.5285193848,20304.992720781916,two_i
