id,mu,phi,beta,lam,tau,modelname
Kimura54,0.022145786387577557,8.15027222638728e-08,16.299046141964272,0.26104420785654403,0.23830668751391237,five_i
