id,mu,phi,beta,modelname
Kimura66,0.005291841143945416,6.533404678877607e-13,2574804.006584812,zero_i
