id,mu,phi,beta,lam,tau,modelname
Kimura66,0.08524542784603586,1.96832935687899e-08,404.23605193728577,0.03567480919773668,0.009486020639189406,two_i
