id,mu,phi,beta,tau,S0,V0,modelname
Kimura54,0.009628247054477632,1.2761129242472972e-08,31.042609482885876,0.006189372028155356,695374.9128483301,18460.168649433144,six_i
