id,mu,phi,beta,tau,S0,V0,modelname
Kimura54,0.0631322796393343,3.8423708431411144e-05,13.622079735271011,3.3169310905301908,901172.7304247407,22200.79781974638,three_i
