id,mu,phi,beta,tau,S0,V0,modelname
Kimura54,0.02558033835166815,1.638807841726925e-05,22.89092273335724,2.868039616486174,912396.2656041231,22581.969697751087,four_i
