id,mu,phi,beta,lam,tau,modelname
Kimura66,0.08471418389103749,1.9214053063173987e-08,436.14342985791444,0.001237093358546195,0.009217189846656771,two_i
