id,mu,phi,beta,lam,tau,S0,V0,modelname
Kimura67,0.008464203029857837,8.103733804626496e-10,227.17357586561025,0.9339156397007387,0.025155314663642386,1870399.2142256042,568253.1488788696,four_i
