id,mu,phi,beta,lam,tau,modelname
Kimura66,0.08451544903509568,1.9160653724592188e-08,432.9581257329747,0.0003689580539155598,0.009305836561251835,four_i
