id,mu,phi,beta,lam,tau,modelname
Kimura66,0.08469604912648034,1.9218204541597157e-08,438.15161491212984,0.0024547885395204655,0.009234511072574293,three_i
