id,mu,phi,beta,tau,S0,V0,modelname
Kimura54,0.008920074706920132,1.2695385738846654e-08,29.997801534176748,0.018466221857339867,730224.8259030008,18421.834662860423,one_i
