id,mu,phi,beta,lam,modelname
Kimura66,0.08455741759972564,1.9134509888268058e-08,439.07690197276565,0.009248136601153142,one_i
