id,mu,phi,beta,tau,S0,V0,modelname
Kimura67,0.006084570480549942,5.416303319838121e-10,244.8962278613896,39.10988547537359,1983853.2246032916,595554.5470090308,one_i
