id,mu,phi,beta,lam,tau,S0,V0,modelname
Kimura67,0.04425508997698966,3.893221301195543e-09,105.64454901781696,0.20722672176860205,0.02477603559562512,523404.3863945373,240363.15647289235,three_i
