id,mu,phi,beta,lam,modelname
Kimura54,0.016983429724115377,4.6943750236447725e-08,17.493436731019315,0.24794213556971317,one_i
