id,mu,phi,beta,H0,V0,modelname
Kimura66,0.0012775481525182854,3.026767488811859e-11,3391.8282753869958,314878.41583226266,1052354.6130654342,zero_i
