id,mu,phi,beta,tau,S0,V0,modelname
Kimura67,0.0070779581993740456,1.57713747813479e-09,269.2296294724465,28.080686330346275,1918931.475734046,650909.5757825535,two_i
