id,mu,phi,beta,lam,tau,modelname
Kimura67,0.004505117437360798,6.441016949603402e-10,239.98588925669983,1.0466551165217595,0.025929729726550284,five_i
