id,mu,phi,beta,H0,V0,modelname
Kimura66,0.0014775978531170425,3.3566731394326756e-11,3108.1204679299735,305515.60206770984,1059561.3172034838,zero_i
