id,mu,phi,beta,modelname
Kimura54,0.009037630292143436,1.4507051726895351e-08,20.46771831424382,zero_i
