id,mu,phi,beta,tau,S0,V0,modelname
Kimura54,0.008171188115221967,1.2844216666004053e-08,29.222959646544368,0.006939501766518232,739976.0694658773,19514.610346144564,three_i
