id,mu,phi,beta,tau,S0,V0,modelname
Kimura67,0.005039882103648466,1.4648088811364907e-08,326.84099742856796,17.69732182107152,2112767.141887457,1100065.344954374,five_i
