id,mu,phi,beta,tau,S0,V0,modelname
Kimura66,0.08375235324627704,1.3734766472882904e-08,336.196287193996,93.74488414004392,15209.849566353809,450681.47492495377,one_i
