id,mu,phi,beta,tau,S0,V0,modelname
Kimura67,0.00238963838300973,1.3241771451165444e-08,348.41953031878387,17.77870705553975,2210681.933754181,1055750.872823944,five_i
