id,mu,phi,beta,tau,S0,V0,modelname
Kimura67,0.005957296964258376,1.7374073125905112e-09,280.024776056863,29.024968295611107,1917851.7217492766,592222.9735439756,two_i
