id,mu,phi,beta,lam,S0,V0,modelname
Kimura67,0.013423854053753528,8.815204223058829e-10,190.60584691223602,0.025257509635842595,1457537.9188500308,474127.517315801,one_i
