id,mu,phi,beta,lam,tau,H0,V0,modelname
Kimura66,0.03715685014176692,4.805708798667297e-10,78.24663845201528,0.07960727612794752,0.5336470971979153,1388.4282093509898,13935072.092986822,two_i
