id,mu,phi,beta,tau,S0,V0,modelname
Kimura67,0.006090463220630824,3.4657366843538647e-08,391.79430950961887,11.893570724098048,2074692.0193768127,2411859.2323669386,nine_i
