id,mu,phi,beta,tau,S0,V0,modelname
Kimura67,0.015676206230291017,3.2039144710795234e-08,327.245395640389,15.654993615443601,1637575.4411596826,1212478.4100354065,six_i
