id,mu,phi,beta,H0,V0,modelname
Kranzler2021,0.03075765629311381,8.901834722801844e-11,122.61602198394942,764767.5978789647,27693695.86279909,zero_i
