id,mu,phi,beta,tau,S0,V0,modelname
Kranzler2021,0.16271278960357277,5.3317622057249415e-09,1016.9522458913007,7.905770511451469,511071.32983481727,8319561.967512493,six_i
