id,mu,phi,beta,tau,S0,V0,modelname
Kranzler2021,0.317128082078461,1.0152942921762394e-08,600.4837136588119,11.452039722384662,537289.323842994,6889997.054455924,three_i
