id,mu,phi,beta,tau,S0,V0,modelname
Kranzler2021,0.21936455446884534,2.541998768463534e-08,680.8891500823605,6.746523163877578,919374.4681294492,8620382.05171437,nine_i
