id,mu,phi,beta,tau,S0,V0,modelname
Kranzler2021,0.0031714158725685087,7.730541094915542e-13,80683.34339997509,0.07082153838534994,1125836.5673984834,12713869.934584219,four_i
