id,mu,phi,beta,tau,S0,V0,modelname
Kranzler2021,0.06124142066944213,5.677027580522807e-11,12401.256689935097,9.683649132929295,503757.6423609697,10838378.906771204,three_i
