id,mu,phi,beta,tau,S0,V0,modelname
Kranzler2021,0.10956292571853832,5.852473157684104e-09,28265.271147264513,7.227217979304408,499288.677019896,8765569.144130107,nine_i
