id,mu,phi,beta,tau,S0,V0,modelname
Kranzler2021,0.19328008783930734,2.6512983005063422e-08,3178.2407597226056,6.60891234746001,731869.1153763371,6965519.388211254,ten_i
