id,mu,phi,beta,tau,S0,V0,modelname
Kranzler2021,0.14419896493490875,1.3063563158190935e-08,30840.94626915969,6.995464497749775,506750.4416613031,8519302.599139946,ten_i
