id,mu,phi,beta,tau,S0,V0,modelname
Kranzler2021,0.0035496066071482903,6.93816049048517e-13,92759.49887530907,0.02712472577932888,1064296.9730226772,11263297.325980531,seven_i
