id,mu,phi,beta,tau,S0,V0,modelname
Kranzler2021,0.06454112181273274,2.867018889622492e-11,8176.9184546027445,10.521735320198433,557395.524097676,8997505.663711593,two_i
