id,mu,phi,beta,tau,S0,V0,modelname
Kranzler2021,0.16406670431119968,1.6390961764371986e-08,23706.334740389826,7.0086417660485205,543046.3655268834,8721565.485201363,ten_i
