id,mu,phi,beta,tau,S0,V0,modelname
Kranzler2021,0.018040991660291817,4.6694844286459445e-11,490.3997630517027,2.3578645778237357,889791.7625576328,17428961.326569103,one_i
