id,mu,phi,beta,tau,S0,V0,modelname
Kranzler2021,0.0036068322913246826,9.023903008808664e-13,71450.74732303932,0.09816338016006362,1053054.6576867453,12349632.545609368,six_i
