id,mu,phi,beta,tau,S0,V0,modelname
Kranzler2021,0.0033704483027131734,6.925026316322061e-13,82469.18815544953,0.02123601302138911,1224509.9804691917,11294578.388034517,eight_i
