id,mu,phi,beta,tau,S0,V0,modelname
Kranzler2021,0.06119083420425407,6.030616494847033e-11,12303.253060625595,9.69940851657925,530506.5072423212,9073074.91681894,three_i
