id,mu,phi,beta,H0,V0,modelname
Kranzler2021,0.039804899584480434,1.5043263403101666e-10,44.160469592936316,685111.6110293667,30896987.970437344,zero_i
