id,mu,phi,beta,tau,S0,V0,modelname
Kranzler2021,0.34386646347346583,5.6474549137478754e-08,443.9851752294632,7.875985672604818,721939.0090158487,6570436.294567987,seven_i
