id,mu,phi,beta,tau,S0,V0,modelname
Kranzler2021,0.002781960903450471,6.584783042551176e-13,91141.46159879777,0.0855354666099586,1231638.4179464136,9878435.17107819,four_i
