id,mu,phi,beta,tau,S0,V0,modelname
Kranzler2021,0.15823050682390913,1.600099981712163e-08,28300.488188087962,7.0100394482388,501763.186140113,8090574.363293407,ten_i
