id,mu,phi,beta,tau,S0,V0,modelname
Kranzler2021,0.003353305866076412,5.95971601351237e-13,99551.56817221179,0.04436142337689748,1164089.6476865732,12149904.1934264,one_i
