id,mu,phi,beta,tau,S0,V0,modelname
Kranzler2021,0.11020692687603023,5.9056727161439334e-09,27373.350881067414,7.243087070570868,497641.94035372266,8978914.02994406,nine_i
