id,mu,phi,beta,H0,V0,modelname
Kranzler2021,0.0028723129661689414,6.949905504420061e-13,96064.74609179326,1054279.3256189264,11883333.555599982,zero_i
