id,mu,phi,beta,tau,S0,V0,modelname
Kranzler2021,0.1685524936864061,9.040623595592982e-09,1123.02788704259,7.022843970082136,694138.6252747949,10707367.101120159,eight_i
