id,mu,phi,beta,tau,S0,V0,modelname
Kranzler2021,0.020384993761297286,3.456844129357214e-11,596.9839038753753,0.058534519746725876,775784.0585440734,19691692.949142747,three_i
