id,mu,phi,beta,tau,S0,V0,modelname
Kranzler2021,0.0601531618179524,5.399826178683621e-07,7116.237740298616,12.993307117522093,2227780.0604596226,7884847.561782671,four_i
