id,mu,phi,beta,tau,S0,V0,modelname
Kranzler2021,0.1330089906051089,6.0799161792349404e-09,2970.31415014586,7.183514272541492,651078.5828699222,9956046.300573226,eight_i
