id,mu,phi,beta,tau,S0,V0,modelname
Kranzler2021,0.09573231419384477,1.0911881692761356e-09,4979.920450773204,8.755573655299708,547757.2727349546,6988734.850839879,five_i
