id,mu,phi,beta,tau,S0,V0,modelname
Kranzler2021,0.0929037579769101,2.8126835243453917e-09,25794.32080572582,7.5500080174431945,485050.0881156699,9032640.496559238,eight_i
