id,mu,phi,beta,tau,S0,V0,modelname
Kranzler2021,0.05872982870165673,2.2438173483576327e-11,10626.390854117899,10.543496884093445,556995.0863266366,10967338.342298893,two_i
