id,mu,phi,beta,tau,S0,V0,modelname
Kranzler2021,0.4468983076559116,8.257096811059005e-09,529.1284566554993,13.476167847362218,578697.9910811669,7322404.545045868,two_i
