id,mu,phi,beta,tau,S0,V0,modelname
Kranzler2021,0.0037126881490157416,7.752153482085341e-13,74348.73891984097,0.018013197785888533,1154483.5638633028,12897333.530234022,five_i
