id,mu,phi,beta,tau,S0,V0,modelname
Kranzler2021,0.023469862349751663,5.847903411255501e-11,276.75749828429525,0.4025104772659952,830624.3064208794,21000032.091939695,two_i
