id,mu,phi,beta,tau,S0,V0,modelname
Kranzler2021,0.08520517999464904,7.903844747803757e-10,18036.107198360984,8.202606489450787,421244.7597732572,8522306.857947048,six_i
