id,mu,phi,beta,tau,S0,V0,modelname
Kranzler2021,0.071055192660749,3.5224063374036487e-10,17370.64295446517,8.690299954503175,528873.730049514,8048317.210144413,five_i
