id,mu,phi,beta,tau,S0,V0,modelname
Kranzler2021,0.12729311822884107,9.895495378595558e-09,19864.442222889003,7.3125186492794585,574802.2121927055,7684402.3487758245,nine_i
