id,mu,phi,beta,tau,S0,V0,modelname
Kranzler2021,0.15214695248454177,1.2481121561994821e-08,6689.6957148192305,6.708378227476559,669048.0512365263,9794208.322288524,ten_i
