id,mu,phi,beta,tau,S0,V0,modelname
Kranzler2021,0.0028891257052639633,6.649789342541241e-13,97251.27638245525,0.03411175857097098,1110252.205722508,11622427.43569176,seven_i
