id,mu,phi,beta,tau,S0,V0,modelname
Kranzler2021,0.06491907536820161,1.249097897221632e-10,16535.656905797106,9.077717908726438,502241.5869676377,9533911.231476068,four_i
