id,mu,phi,beta,tau,S0,V0,modelname
Kranzler2021,0.0025043864008539455,4.851666160313529e-13,141732.25892662263,0.012096944826270656,1081922.4516051274,12395321.758755011,seven_i
