id,mu,phi,beta,tau,S0,V0,modelname
Kranzler2021,0.09040070476123285,5.320725079608257e-09,16163.807245594979,7.173304743027096,711329.4178793577,8634456.961712783,nine_i
