id,mu,phi,beta,tau,S0,V0,modelname
Kranzler2021,0.10827660369190575,1.2517183349015145e-09,4119.497339276665,8.74478340842353,520258.39176283573,8410904.926894553,five_i
