id,mu,phi,beta,tau,S0,V0,modelname
Kranzler2021,0.0038634176671745427,7.342394463131547e-13,79756.18231194443,0.03017898659679177,1115312.5002781183,14070048.542985572,two_i
