id,mu,phi,beta,tau,S0,V0,modelname
Kranzler2021,0.11899901627448593,3.221404150274775e-09,2742.038735041453,8.10961208561463,595037.3699939267,6425086.751503036,six_i
