id,mu,phi,beta,tau,S0,V0,modelname
Kranzler2021,0.003387015734935503,6.149014214719492e-13,102385.3503895119,0.010771616340392837,1082197.5168757967,13242958.749611856,six_i
