id,mu,phi,beta,tau,S0,V0,modelname
Kranzler2021,0.0034876183855139993,7.656325659491043e-13,81604.87590181282,0.21835543694012005,1085901.5425858595,12641787.729961272,one_i
