id,mu,phi,beta,tau,S0,V0,modelname
Kranzler2021,0.13519899236609695,1.6458067144274674e-09,980.1330757347858,9.071732317328387,452660.63703190524,5827449.651626028,four_i
