id,mu,phi,beta,tau,S0,V0,modelname
Kranzler2021,0.0602886812171503,5.345355422290708e-11,12778.768724998017,9.660662140614797,567353.9823176631,10547700.008336155,three_i
