id,mu,phi,beta,tau,S0,V0,modelname
Kranzler2021,0.0030307553124594476,7.113165056767067e-13,90530.88179580876,0.038059506442841555,1096582.6457335122,10740916.543805009,one_i
