id,mu,phi,beta,tau,S0,V0,modelname
Kranzler2021,0.003992061359755269,8.299479248198705e-13,71364.3740119156,0.013389675863927083,1083822.136132612,13026702.525841378,eight_i
