id,mu,phi,beta,tau,S0,V0,modelname
Kranzler2021,0.09773888570493774,6.364235960007759e-11,679.2025193445472,12.148810132827796,488879.3482039844,8867568.383223124,one_i
