id,mu,phi,beta,tau,S0,V0,modelname
Kranzler2021,0.4339672782217458,1.7577073364517923e-07,1545.7185968808624,8.445460500783526,1229771.2207447202,4662091.195015842,seven_i
