id,mu,phi,beta,H0,V0,modelname
Kranzler2021,0.0033869696943703647,6.164915963381868e-13,102653.17340418597,1079231.7413364456,12970319.245156508,zero_i
