id,mu,phi,beta,H0,V0,modelname
Kranzler2021,0.003147131686730695,6.135856238848855e-13,100766.40070792574,1133640.7635486794,11567971.878863903,zero_i
