id,mu,phi,beta,tau,S0,V0,modelname
Kranzler2021,0.0028658279036077555,5.58583429616653e-13,111659.13928410078,0.00017741422289110865,1160083.9400663015,11970746.795622151,five_i
