id,mu,phi,beta,tau,S0,V0,modelname
Maat2016a,0.00031177861413337016,6.150656863923293e-10,1182.5124665447859,0.0009822308890116492,133995.66579553875,6751682.002837546,ten_i
