id,mu,phi,beta,tau,S0,V0,modelname
Maat2016a,0.005155860498815098,9.598783509956807e-10,522.3683688100505,0.058570451911766505,177233.51530979952,8736101.588324642,ten_i
