id,mu,phi,beta,tau,S0,V0,modelname
Maat2016b,0.027010603695771334,9.026554947285064e-09,155.58323827305193,4.639798546781092,735981.2694723425,4002768.6449487284,two_i
