id,mu,phi,beta,H0,V0,modelname
Maat2016a,0.0007674466515870602,6.145513203902201e-10,1132.032209142413,140707.34796767656,6940057.297093342,zero_i
