id,mu,phi,beta,lam,tau,modelname
Maat2016a,0.00235779821411245,4.119291915450573e-09,603.7215605492765,0.09259132293393578,0.08227750666228033,four_i
