id,mu,phi,beta,tau,S0,V0,modelname
Maat2016b,0.040314188631042205,6.32307804074671e-09,14.603658618611798,1.6090243632788466,534811.6841661757,4097098.3632943965,one_i
