id,mu,phi,beta,H0,V0,modelname
Maat2016a,0.0009191472991941249,6.068126567246092e-10,1193.0983250026363,136241.94023205162,6683701.498513137,zero_i
