id,mu,phi,beta,tau,S0,V0,modelname
Maat2016b,0.01040405253564879,1.404169477166504e-09,159.63710568392696,0.005913716590483477,772572.5930386109,3390500.6773343906,seven_i
