id,mu,phi,beta,tau,S0,V0,modelname
Maat2016a,0.004028152906747396,1.1060840834097713e-08,1354.7142050764007,10.105167350074945,140854.5739767504,4413880.928722854,two_i
