id,mu,phi,beta,H0,V0,modelname
Maat2016a,0.0006477076241108129,6.048281774494168e-10,1156.7074960493846,139693.67803102356,7174431.190736468,zero_i
