id,mu,phi,beta,tau,S0,V0,modelname
Maat2016b,0.04702733820731744,2.1248011314599744e-06,232.72181289308375,2.4315907038356426,797281.0632175454,6054357.192662637,nine_i
