id,mu,phi,beta,tau,S0,V0,modelname
Maat2016b,0.030082420638685502,9.741834371805798e-09,143.02703831887285,4.708142433357802,763394.7167956325,4180075.589609743,two_i
