id,mu,phi,beta,tau,S0,V0,modelname
Maat2016a,0.03627856733352207,1.8913362450920486e-07,1668.2886491386507,6.643703738856857,143224.34030740362,6096993.665861026,five_i
