id,mu,phi,beta,tau,S0,V0,modelname
Maat2016b,0.042801863023150415,4.140114774813916e-10,28.6964939458129,0.1009263352551702,428673.29753151146,1904665.6620255772,seven_i
