id,mu,phi,beta,tau,S0,V0,modelname
Maat2016a,0.007625197520506582,4.64922586841042e-09,878.5993342217021,12.99514962077485,174655.95743330717,4155213.2939752843,one_i
