id,mu,phi,beta,lam,tau,modelname
Maat2016a,0.005030007439443008,4.309371327293615e-09,599.6961375877552,0.16138810180334776,0.08270808759247156,five_i
