id,mu,phi,beta,tau,S0,V0,modelname
Maat2016a,0.00663888733923811,3.917398783697388e-09,1106.57076047307,12.85247040158379,148970.01690940847,4292788.736438158,one_i
