id,mu,phi,beta,tau,S0,V0,modelname
Maat2016b,0.010461767891641754,1.4055088696853564e-09,153.17692791782818,0.0015421805933037037,794826.3009975918,3670841.47337165,nine_i
