id,mu,phi,beta,tau,S0,V0,modelname
Maat2016a,0.005998606642767866,3.92671084216692e-08,1394.1213077032357,8.719450738402267,139393.8731152275,4923082.506779682,three_i
