id,mu,phi,beta,H0,V0,modelname
Maat2016b,0.008134214887031473,1.3844252109639178e-09,157.76913429308155,808236.0565560262,3441235.099009015,zero_i
