id,mu,phi,beta,tau,S0,V0,modelname
Maat2016a,0.007940814348377819,4.2657296944389397e-08,1505.2116613207284,8.80663979454525,130533.89174214944,4873495.704857236,three_i
