id,mu,phi,beta,lam,modelname
Maat2016a,0.0006311961758408515,3.6978694915572314e-09,622.0289377491897,0.0829493271987357,one_i
