id,mu,phi,beta,tau,S0,V0,modelname
Maat2016b,0.036582240395635734,9.852953109137718e-09,145.3404759598965,4.678868252033666,737680.9668362136,4191922.703273967,two_i
