id,mu,phi,beta,tau,S0,V0,modelname
Maat2016a,0.07592099641671689,1.2527197603185833e-06,2170.772619979362,6.829293552165547,121346.89534363661,5958631.319427895,five_i
