id,mu,phi,beta,tau,S0,V0,modelname
Maat2016b,0.009166476383265964,1.4229366667715042e-09,151.71997137170646,0.013617023913397188,822492.361052106,3639079.6422739644,nine_i
