id,mu,phi,beta,lam,tau,modelname
Maat2016a,0.0008519751096825825,2.211137067693328e-08,659.9219760959961,2.0982242044153194,0.08404762706565341,five_i
