id,mu,phi,beta,tau,S0,V0,modelname
Maat2016a,0.014443417443008633,2.7254797234668107e-06,1864.0468779202306,6.745813573552089,135681.609614589,5696587.592518,five_i
