id,mu,phi,beta,tau,S0,V0,modelname
Maat2016a,0.009495624659157252,7.721898165696474e-07,2162.4197409793255,5.908918726571292,141029.95019871034,6535916.314784112,six_i
