id,mu,phi,beta,tau,S0,V0,modelname
Maat2016b,0.04772340210564842,5.385420700464409e-09,123.00931521866973,5.820380188184681,653429.1038039122,3622639.178853284,one_i
