id,mu,phi,beta,tau,S0,V0,modelname
Maat2016b,0.02517921759192434,6.370208678741272e-07,221.78312726984242,2.6742066737663923,805817.3417696408,6194342.360945612,eight_i
