id,mu,phi,beta,tau,S0,V0,modelname
Maat2016b,0.03672104693093503,4.286878982205014e-09,135.76727948070467,5.628808070785474,703536.1840648082,4121823.8789960607,one_i
