id,mu,phi,beta,tau,S0,V0,modelname
Maat2016a,0.020613053506836978,1.3369560686940465e-06,4494.399690143413,4.29559646723371,103665.58895565895,10018776.407551505,ten_i
