id,mu,phi,beta,lam,tau,modelname
Maat2016b,0.030737960588996034,3.727137172184641e-09,124.17345921204316,0.019745510020951956,0.1869408563531602,three_i
