id,mu,phi,beta,tau,S0,V0,modelname
Maat2016b,0.005314216738433745,1.290691671381243e-09,183.42821090263564,0.054687758037655146,795881.6350798545,3538517.7806626796,five_i
