id,mu,phi,beta,tau,S0,V0,modelname
Maat2016a,0.00048161229741682643,6.195960706332584e-10,1044.9415796713474,0.008091972741001008,153390.3549948875,6658305.292177121,two_i
