id,mu,phi,beta,tau,S0,V0,modelname
Maat2016a,0.000631774504532622,6.233557488802932e-10,1152.1918536761016,0.010365001479815379,136929.62187098165,6882194.737463443,four_i
