id,mu,phi,beta,lam,tau,modelname
Maat2016b,0.02984972779937954,4.336211610459178e-09,124.86479557455088,0.2655278297038142,0.18065793406332487,three_i
