id,mu,phi,beta,modelname
Maat2016a,0.0016386274015521467,8.612657846140469e-10,485.4172520414393,zero_i
