id,mu,phi,beta,tau,S0,V0,modelname
Maat2016a,0.00033940230588904975,6.372643279615568e-10,1027.5120821628925,0.004905009401055602,149661.7380870172,7237602.296499397,seven_i
