id,mu,phi,beta,modelname
Maat2016b,0.02537126074916353,1.6153155087724776e-09,111.29101703139709,zero_i
