id,mu,phi,beta,tau,S0,V0,modelname
Maat2016b,0.0468104812954275,4.994618534562021e-09,131.14934273443325,5.668871856482297,626061.9619995046,3790921.2549190307,one_i
