id,mu,phi,beta,tau,S0,V0,modelname
Maat2016b,0.014340170792925714,3.188048721209076e-06,246.64164750794012,2.263730584394922,778380.3704904,6833698.792791629,ten_i
