id,mu,phi,beta,H0,V0,modelname
Maat2016b,0.010480934283613434,1.4059985061187322e-09,156.95635028421287,777050.657738813,3515637.939275038,zero_i
