id,mu,phi,beta,tau,S0,V0,modelname
Maat2016a,0.00043672574960160947,6.354727201150127e-10,1127.031396382436,0.002451069908205813,134745.58695509165,6972299.178536439,nine_i
