id,mu,phi,beta,lam,tau,H0,V0,modelname
Maat2016a,0.015424701901786476,9.830949981364821e-09,570.102301015604,0.9440453677352825,0.08507008964122476,206934.43920238205,4466067.898200655,four_i
