id,mu,phi,beta,tau,S0,V0,modelname
Maat2016b,0.019900045870201877,1.0767322077941407e-06,199.15000572458663,2.9208301374349857,823769.9186605477,5713989.877954042,seven_i
