id,mu,phi,beta,lam,tau,S0,V0,modelname
Maat2016a,0.07344960953283806,1.1374881046401906e-07,1355.410045859871,8.675933780481198,0.38593675558496954,130875.34404638647,5483399.0103846835,four_i
