id,mu,phi,beta,lam,tau,modelname
Maat2016b,0.03223397762693259,4.2617894219444e-09,127.03425327490065,0.1641912858636658,0.1826263274727525,four_i
