id,mu,phi,beta,tau,S0,V0,modelname
Maat2016a,0.0007041549542136116,5.965456993664815e-10,1250.5920399646327,0.010025547315759074,132493.11691330114,6942069.505792299,eight_i
