id,mu,phi,beta,tau,S0,V0,modelname
Maat2016b,0.051284537579600116,9.235648579788064e-08,176.18910558410207,3.4640194691110087,793155.0809243486,5240553.981627484,five_i
