id,mu,phi,beta,lam,tau,S0,V0,modelname
Maat2016a,0.01065502771153644,1.1453802673728515e-10,25.7105802252947,0.035515863226464786,5.402249084011483,2170807.981221096,5435535.287541126,two_i
