id,mu,phi,beta,tau,S0,V0,modelname
Maat2016b,0.008867687511622138,1.3710504177444887e-09,159.7806163460303,0.005320215274448666,804124.0011080455,3572570.604137693,five_i
