id,mu,phi,beta,H0,V0,modelname
Maat2016b,0.011893412426981956,1.434233630823953e-09,150.83264363484358,772642.9046397489,3691625.3890573885,zero_i
