id,mu,phi,beta,H0,V0,modelname
Maat2016a,0.0004403332123247234,5.794119798089339e-10,1274.3226967009034,132701.37710974738,6873231.322038202,zero_i
