id,mu,phi,beta,tau,S0,V0,modelname
Maat2016a,0.0006668241992221752,6.578513148395085e-10,1039.5593351236016,0.0004095318902913086,142566.25235126616,7051907.797316593,ten_i
