id,mu,phi,beta,tau,S0,V0,modelname
Maat2016b,0.09559496985239313,2.8259812649638774e-09,20.16942197960683,0.5257616463293612,961285.8846373094,1645786.6167974705,five_i
