id,mu,phi,beta,modelname
Maat2016b,0.024513458879860815,1.5933081649822722e-09,113.56621242078789,zero_i
