id,mu,phi,beta,tau,S0,V0,modelname
Maat2016b,0.008187674670532944,1.3482226370638797e-09,170.3430169090851,0.020326687319210533,768424.6222332692,3443126.2562014423,one_i
