id,mu,phi,beta,H0,V0,modelname
Maat2016a,0.0006256314586368084,6.043451827998492e-10,1223.9198305816099,130193.78200990446,7141694.869430618,zero_i
