id,mu,phi,beta,tau,S0,V0,modelname
Maat2016b,0.00817020905567154,1.3700876256012489e-09,159.5123067071802,0.0028607847275025906,805776.0769651682,3450496.8680526656,five_i
