id,mu,phi,beta,lam,tau,S0,V0,modelname
Maat2016b,0.09732748277901958,8.51194042692034e-09,98.87654026394105,0.07194998235275597,0.16164809605108496,506298.3421380101,3720903.0659531024,three_i
