id,mu,phi,beta,tau,S0,V0,modelname
Maat2016a,0.000753198114685547,5.959391849937682e-10,1281.4158435541763,0.005246020874735384,127533.04018627292,6842510.907597727,eight_i
