id,mu,phi,beta,tau,S0,V0,modelname
Maat2016a,0.0006590303602820908,6.318746627889326e-10,1122.985144374332,0.051268357003524806,136238.90105409955,7020314.205324103,one_i
