id,mu,phi,beta,lam,tau,modelname
Maat2016b,0.042477074672115464,3.808763977535724e-08,158.83979960281832,3.7066525134467687,0.2584014009132505,four_i
