id,mu,phi,beta,tau,S0,V0,modelname
Maat2016b,0.00923722298948022,1.3857777984022083e-09,157.05436441034823,0.0014098319789877527,799191.5330803782,3520184.735714295,eight_i
