id,mu,phi,beta,tau,S0,V0,modelname
Maat2016b,0.3241250020714798,3.1381851963480746e-06,196.40479085945498,2.938742942994158,826847.444255092,5686069.338660823,seven_i
