id,mu,phi,beta,H0,V0,modelname
Maat2016b,0.1107591675606483,1.3687075900256487e-09,43.201804580412585,958033.4804525157,2697135.278967172,zero_i
