id,mu,phi,beta,tau,S0,V0,modelname
Maat2016b,0.05199598271689229,4.960577730802654e-08,159.33657641568482,3.7615752815773513,763509.4888270794,4631477.837555414,four_i
