id,mu,phi,beta,tau,S0,V0,modelname
Maat2016a,0.0005421934470825337,6.309428616101874e-10,1123.8341087434187,0.004500043064092457,136512.1025174504,6993482.338550741,six_i
