id,mu,phi,beta,tau,S0,V0,modelname
Maat2016b,0.007282394569578453,1.4048697927587164e-09,156.37311105800276,0.0024540101284584123,812450.0474226598,3421382.45473899,six_i
