id,mu,phi,beta,tau,S0,V0,modelname
Maat2016a,0.001051612321814198,6.087794863022511e-10,1122.5751633950904,0.0029716255853103894,137364.18058103113,7550974.561027979,eight_i
