id,mu,phi,beta,tau,S0,V0,modelname
Maat2016a,0.0005706313056554933,6.094551650121575e-10,1128.0227405918833,0.006469720947117159,143171.52528736996,7042725.178315911,nine_i
