id,mu,phi,beta,tau,S0,V0,modelname
Maat2016a,0.0006380635476064829,6.445401792308149e-10,1047.7929956692863,0.011210577540959022,143579.25684292376,7305376.413542984,two_i
