id,mu,phi,beta,lam,tau,S0,V0,modelname
Maat2016b,0.15779914967846276,7.17761513162296e-09,10.77452177320232,0.030643005248908436,0.9314569172484787,1876782.4353407107,6581342.775757971,five_i
