id,mu,phi,beta,lam,tau,H0,V0,modelname
Maat2016a,0.0064113569995074,5.005270939259662e-09,602.9256244972493,0.004642735118349003,0.08423786814347495,469760.75916739355,3701555.926635436,three_i
