id,mu,phi,beta,H0,V0,modelname
Maat2016a,0.0007578281197475583,6.627351477378553e-10,952.9243611165604,155051.02852705706,6999155.511760647,zero_i
