id,mu,phi,beta,tau,S0,V0,modelname
Maat2016b,0.010317775152605763,1.433213253759498e-09,156.31245519254574,0.022152973973643478,784420.2502176627,3646290.88963218,eight_i
