id,mu,phi,beta,tau,S0,V0,modelname
Maat2016b,0.011737552806607253,1.434829449093893e-09,149.76781887044345,0.0022854373365678825,785715.0095243745,3683444.049580696,three_i
