id,mu,phi,beta,tau,S0,V0,modelname
Maat2016a,0.04881415681502434,2.0256134166777946e-06,4328.04844096057,4.617679174489251,104422.3355541357,9242049.039148444,nine_i
