id,mu,phi,beta,tau,S0,V0,modelname
Maat2016b,0.17325298512295378,5.273971383493243e-06,161.6180537742969,3.7870516858867513,890599.6415284259,4785060.174565582,five_i
