id,mu,phi,beta,lam,tau,modelname
Maat2016b,0.030955780950830878,3.790686539463151e-09,123.91081418693499,0.05246785405193994,0.18490635002603273,three_i
