id,mu,phi,beta,lam,tau,modelname
Maat2016b,0.024181893172647406,3.760937253937851e-09,139.3239146292971,0.36513033842867515,0.18396115982232827,two_i
