id,mu,phi,beta,tau,S0,V0,modelname
Maat2016b,0.11759463916352511,3.1130171159089347e-09,18.230964954252503,0.00496734177572182,1639606.0242816505,2701055.1045891056,seven_i
