id,mu,phi,beta,lam,modelname
Maat2016a,0.00034932305783459477,3.6323488729136787e-09,614.3000058831324,0.08344213449514634,one_i
