id,mu,phi,beta,lam,tau,modelname
Maat2016b,0.06742495043245829,7.511401028332227e-08,160.26566986662345,2.918379770405297,0.20288563037711296,five_i
