id,mu,phi,beta,tau,S0,V0,modelname
Maat2016b,0.04987979207529806,8.516786760478069e-09,15.498180425703618,0.5925054365961905,4135828.457564923,3230028.298067899,four_i
