id,mu,phi,beta,tau,S0,V0,modelname
Maat2016a,0.0041658992611408605,4.179376863529062e-08,1404.1935392544608,8.798122890680167,142736.58558798442,5437258.786209574,three_i
