id,mu,phi,beta,tau,S0,V0,modelname
Maat2016b,0.013650020608225257,1.4306462254776774e-09,157.8387960554256,0.015846746910565684,740728.1746225955,3721252.3552786093,ten_i
