id,mu,phi,beta,tau,S0,V0,modelname
Maat2016b,0.2750799639726844,1.115893595191949e-06,173.40989459185388,3.2798136468854704,849912.0289070881,5423698.018838919,six_i
