id,mu,phi,beta,tau,S0,V0,modelname
Maat2016b,0.2073948202736076,4.0264729249492007e-07,173.41763115195607,3.244018670595565,813594.8817361391,5501251.504900341,six_i
