id,mu,phi,beta,tau,S0,V0,modelname
Maat2016b,0.006343463922550117,1.3394072441988068e-09,172.64937141803037,0.009357102561544041,783212.3150715636,3490598.8379640663,nine_i
