id,mu,phi,beta,tau,S0,V0,modelname
Maat2016b,0.004998284675402762,1.3536907954836412e-09,164.87866777258995,0.022779964932840093,827850.7055327237,3553909.8710802738,seven_i
