id,mu,phi,beta,lam,tau,modelname
Maat2016a,0.0018542119568635555,3.7231397446792976e-09,598.3545897269368,0.04375522667474598,0.08431745834686995,three_i
