id,mu,phi,beta,lam,tau,modelname
Maat2016b,0.027571994209960603,4.048388961107257e-09,130.5273253947662,0.12073121736016915,0.18027955555882508,four_i
