id,mu,phi,beta,lam,tau,S0,V0,modelname
Maat2016a,0.0004214843093928227,6.034874213866708e-10,1208.5821442279453,0.002594447815314783,35.15975030435772,133220.26967378886,7114251.086682235,two_i
