id,mu,phi,beta,tau,S0,V0,modelname
Maat2016b,0.004788241911534071,1.3186221727557107e-09,178.46402703059195,0.012940250555383837,774287.2855479219,3498558.405857309,seven_i
