id,mu,phi,beta,tau,S0,V0,modelname
Maat2016a,0.2884948845717687,7.072441892421111e-07,898.7720196574924,9.055623948826213,151535.68015007602,5131317.792494769,three_i
