id,mu,phi,beta,lam,tau,modelname
Maat2016b,0.027972959911339308,8.434615339664431e-09,146.9131546297619,1.2754340384693805,0.17746216889011485,four_i
