id,mu,phi,beta,lam,tau,S0,V0,modelname
Maat2016a,0.05237929526978963,6.646155347995747e-09,808.0199132620507,0.0021022774395848555,0.08009663839627088,114717.62905776694,3693284.5815399475,five_i
