id,mu,phi,beta,tau,S0,V0,modelname
Maat2016a,0.009640355733173985,1.2638418211447732e-09,328.91933971650326,0.11726050923629057,186618.00439896545,10046635.713616155,eight_i
