id,mu,phi,beta,tau,S0,V0,modelname
Maat2016a,0.05085675420084109,1.0672082705837057e-06,2644.061891746012,5.996422205444054,120628.1793425105,6573813.50867558,six_i
