id,mu,phi,beta,lam,tau,modelname
Maat2016a,0.0024372706722697863,4.017363699725637e-09,589.4112031214994,0.033569208568836065,0.08315429240538552,four_i
