id,mu,phi,beta,tau,S0,V0,modelname
Maat2016b,0.044450224398092514,9.907235830184763e-09,141.98341731533867,4.606210966505131,691562.1049016537,4180978.829401384,two_i
