id,mu,phi,beta,tau,S0,V0,modelname
Maat2016a,0.03789343686155808,6.222676616640308e-10,45.12862777304831,0.16542838768116422,130925.11099550626,2961617.715190311,five_i
