id,mu,phi,beta,lam,modelname
Maat2016a,0.002604912949065088,3.842567279748831e-09,589.4324289901562,0.08357317633300593,one_i
