id,mu,phi,beta,tau,S0,V0,modelname
Maat2016a,0.18539412392236101,5.750589371707642e-06,2449.7864574582854,6.003240604555228,126266.89999023105,6005917.027506673,six_i
