id,mu,phi,beta,modelname
Maat2016a,0.000242892331425563,7.951279402864669e-10,536.9282805853189,zero_i
