id,mu,phi,beta,tau,S0,V0,modelname
Maat2016a,0.029388714427934042,1.5005529985917767e-06,2523.247205220065,6.036066839117801,120299.00203975059,6326359.221228608,six_i
