id,mu,phi,beta,tau,S0,V0,modelname
Maat2016a,0.000751213615219095,5.94898313098233e-10,1286.2447399061039,0.020600238132526923,127391.43751044202,6946264.0677047875,one_i
