id,mu,phi,beta,tau,S0,V0,modelname
Maat2016a,0.018144518487725296,4.3763332188071983e-07,2125.105883218839,6.79917128928444,126192.6241627023,5667440.422765982,five_i
