id,mu,phi,beta,tau,S0,V0,modelname
Maat2016a,0.14678133664422455,4.376813224226415e-07,2833.2658216576024,4.510944126837166,126092.71260518757,8225302.052841587,nine_i
