id,mu,phi,beta,tau,S0,V0,modelname
Maat2016a,0.395279785451484,3.540402090012558e-06,2249.082703140247,5.202954735301804,142294.10921617184,6981205.9774155365,seven_i
