id,mu,phi,beta,H0,V0,modelname
Maat2016b,0.009638168223071942,1.4085592171006957e-09,156.13627518734958,783028.29866565,3453950.842274166,zero_i
