id,mu,phi,beta,tau,S0,V0,modelname
Maat2016a,0.10542111195847076,2.1312884163702696e-07,1885.3835956724834,5.700491698494777,146279.5287254613,7013957.70713648,six_i
