id,mu,phi,beta,tau,S0,V0,modelname
Maat2016a,0.0042003029167272206,1.113888262194667e-08,1294.7227442921792,10.12998915769371,145286.29344524062,4594308.420408784,two_i
