id,mu,phi,beta,H0,V0,modelname
Maat2016a,0.021575960318614872,1.465968180961469e-09,230.17644050691914,192906.34506486126,12211590.149106968,zero_i
