id,mu,phi,beta,tau,S0,V0,modelname
Maat2016b,0.008265100766365427,1.369068315885308e-09,163.9774252345114,0.015335176980565256,788707.0686522254,3716177.4317690525,ten_i
