id,mu,phi,beta,tau,S0,V0,modelname
Maat2016a,0.00038745436191366014,6.558836186208378e-10,922.3064387120337,0.004217764765677563,164480.65247936148,7106439.523117732,three_i
