id,mu,phi,beta,lam,tau,H0,V0,modelname
Maat2016a,0.007101203200158081,1.0717004606298438e-08,568.3886734133761,0.753916507101497,0.08474103757579379,99805.41285673488,3914131.2485138485,five_i
