id,mu,phi,beta,tau,S0,V0,modelname
Maat2016b,0.008917329226415773,1.3809324012976241e-09,159.8737180373936,0.00596929040046128,802054.5837882378,3479323.6100442205,seven_i
