id,mu,phi,beta,tau,S0,V0,modelname
Maat2016b,0.13657264660088483,4.6741142703334146e-08,63.16231450324745,5.28307706878178,6690166.599049011,9801099.66281863,four_i
