id,mu,phi,beta,tau,S0,V0,modelname
Maat2016b,0.08812396652318655,1.0913641018102294e-07,166.1460295176531,3.4902265461593114,765613.2554860284,5227946.600552214,five_i
