id,mu,phi,beta,modelname
Maat2016a,0.0002189400973058198,7.917621519609947e-10,541.2281784974772,zero_i
