id,mu,phi,beta,lam,H0,V0,modelname
Maat2016b,0.04799058288910618,5.733212569561855e-09,102.48787357635685,0.173276344656712,491647.1123672333,3634033.3515298497,one_i
