id,mu,phi,beta,modelname
Maat2016b,0.021806484927784035,1.4413158106226897e-09,101.33250047638414,zero_i
