id,mu,phi,beta,tau,S0,V0,modelname
Maat2016a,0.0005465523927113234,6.134725689462435e-10,1185.836697793494,0.009560233523410096,134973.14851482064,6813261.015216259,four_i
