id,mu,phi,beta,tau,S0,V0,modelname
Maat2016b,0.011206773242610052,1.4261238135680393e-09,156.39711253913435,0.006345195627723378,768818.3143260594,3563014.2136929873,six_i
