id,mu,phi,beta,H0,V0,modelname
Maat2016b,0.015368650721573607,1.502282592370853e-09,139.3017226436442,774359.2196311707,3842706.283265534,zero_i
