id,mu,phi,beta,lam,tau,modelname
Maat2016a,0.0004142578629038605,7.612198958954088e-09,663.5481638744903,2.0385489209962704,0.08393512048424255,three_i
