id,mu,phi,beta,tau,S0,V0,modelname
Maat2016a,0.09755679603677715,1.828086249897399e-06,5017.15122252225,4.326733467501475,98081.52277267227,9955306.658460652,ten_i
