id,mu,phi,beta,tau,S0,V0,modelname
Maat2016a,0.0004846742822582483,6.220045433587335e-10,1050.760282378785,0.0010998343860987678,150513.399376573,7243991.178602316,ten_i
