id,mu,phi,beta,tau,S0,V0,modelname
Maat2016b,0.08293202286506769,1.335660320907656e-07,169.80117382415543,3.5286178785753832,780125.0386977528,4952943.947138075,five_i
