id,mu,phi,beta,lam,tau,modelname
Maat2016a,0.002612863462975705,3.950818190443191e-09,585.439179473404,0.041888620255702946,0.08326866512768391,three_i
