id,mu,phi,beta,tau,S0,V0,modelname
Maat2016a,0.007692968855352802,1.2942992222369336e-05,3578.571318484256,4.5241716385871165,120964.94141731443,8478715.782661056,nine_i
