id,mu,phi,beta,lam,S0,V0,modelname
Maat2016b,0.0445086325918884,4.891870248848394e-09,126.98377183562171,0.1762850187191272,666038.8277866399,3821585.4610809996,one_i
