id,mu,phi,beta,modelname
Maat2016b,0.024436317318508947,1.5917221814250409e-09,113.79094394391906,zero_i
