id,mu,phi,beta,H0,V0,modelname
Maat2016b,0.1518107817883409,1.3624697884389741e-08,6.977455494806742,95967.91182616397,7220029.646691936,zero_i
