id,mu,phi,beta,lam,tau,modelname
Maat2016a,0.0013674595923199575,3.722338483912215e-09,602.9366744485352,0.07662246492937977,0.08301509877615314,two_i
