id,mu,phi,beta,tau,S0,V0,modelname
Maat2016a,0.001005791958809728,6.18404335748687e-10,1166.186495221695,0.005058973727587594,133643.6739139932,6991568.913220575,ten_i
