id,mu,phi,beta,tau,S0,V0,modelname
Maat2016a,0.0007057053871718094,6.183642723990511e-10,1128.5438208416213,0.0023459669125553096,141307.6704482805,7043210.440920805,eight_i
