id,mu,phi,beta,lam,S0,V0,modelname
Maat2016a,0.023023954499862057,4.829925901606236e-09,917.5647423287407,0.07997348905078386,135413.842011469,3956624.523328895,one_i
