id,mu,phi,beta,tau,S0,V0,modelname
Maat2016a,0.0005357683440473857,6.514098163371001e-10,982.9830644253955,0.0006084110254510309,151344.00727944588,7249194.212484135,seven_i
