id,mu,phi,beta,tau,S0,V0,modelname
Maat2016a,0.00042077692458517875,6.454009056709346e-10,1045.0610729303307,0.002061645266636346,145851.47739818235,7320650.024823697,eight_i
