id,mu,phi,beta,lam,tau,S0,V0,modelname
Maat2016b,0.0323330868965912,9.352924022597405e-09,129.73175989316613,1.3393597838639095,0.16617304185410756,784084.7791418884,4126877.4250405375,three_i
