id,mu,phi,beta,tau,S0,V0,modelname
Maat2016b,0.020991245943317197,1.7715011746038757e-09,116.13898159520625,0.10020439328407581,753590.9644949491,4015498.6277144933,three_i
