id,mu,phi,beta,lam,tau,modelname
Maat2016b,0.01633381684873564,4.703798233222069e-09,148.39451420286883,0.4049258438496596,0.16729127885429357,four_i
