id,mu,phi,beta,tau,S0,V0,modelname
Maat2016a,0.0008182708196111647,6.592064813444719e-10,1000.3585809969603,0.00595518250846721,148579.30639405674,7032265.682050936,six_i
