id,mu,phi,beta,lam,tau,modelname
Maat2016a,0.0010987554545938305,2.0742454587633045e-08,634.2779897240205,1.9062577986047606,0.08316545101144866,five_i
