id,mu,phi,beta,tau,S0,V0,modelname
Maat2016a,0.008822817741788782,5.087518373332718e-07,1768.2903063902386,6.597824857784848,138990.49208191712,5609436.756926068,five_i
