id,mu,phi,beta,tau,S0,V0,modelname
Maat2016b,0.061842211370817954,2.2332284653630952e-08,144.46725238778083,4.104148817510468,677895.219897795,4537847.8874743115,three_i
