id,mu,phi,beta,tau,S0,V0,modelname
Maat2016b,0.0067189887960962535,1.345661646932672e-09,165.18723548174825,0.005175577259983147,799272.6102292424,3504797.932736404,one_i
