id,mu,phi,beta,lam,tau,modelname
Maat2016a,0.001126627721483282,1.175195004414322e-08,660.7447808266544,1.9828462124726725,0.08485996553757645,four_i
