id,mu,phi,beta,tau,S0,V0,modelname
Maat2016a,0.004154380092464241,1.1881006112459778e-08,1237.8841382273433,10.09017535558586,144139.9137163039,4753353.134208701,two_i
