id,mu,phi,beta,H0,V0,modelname
Maat2016b,0.02282783389231447,1.616686500206357e-09,120.49880580346522,772952.3340199433,3849421.5111450474,zero_i
