id,mu,phi,beta,tau,S0,V0,modelname
Maat2016a,0.03810140679277067,2.6375806016087266e-07,1152.7958049860897,7.501403045311598,155395.3590060468,6206933.1074674735,four_i
