id,mu,phi,beta,tau,S0,V0,modelname
Maat2016b,0.006796992578474752,1.35733505940508e-09,166.36205942334925,0.041882951461561506,790203.448707628,3712320.241980701,three_i
