id,mu,phi,beta,lam,modelname
Maat2016b,0.02861679983100019,3.6979179369514493e-09,125.63917652599176,0.18385386273446191,one_i
