id,mu,phi,beta,lam,tau,modelname
Maat2016a,0.0012480558701526714,5.384769086236486e-09,642.2104739108311,2.145688704811913,0.08331051086911083,two_i
