id,mu,phi,beta,tau,S0,V0,modelname
Maat2016b,0.11752111972671907,1.9129186788066144e-06,246.13028840200084,2.2660398599090232,760178.1820699744,6740837.861948189,ten_i
