id,mu,phi,beta,lam,tau,S0,V0,modelname
Maat2016a,0.07369190035337107,1.3508206583113883e-08,151.88228524037334,2.0490634440112188,0.05810278335691,409623.8110160493,2297549.6028797016,five_i
