id,mu,phi,beta,lam,modelname
Maat2016b,0.029289520976519504,3.772776910646857e-09,124.6496812342038,0.18319082393883246,one_i
