id,mu,phi,beta,tau,S0,V0,modelname
Maat2016a,0.000955737363859477,5.949572947219919e-10,1258.6043604835295,0.015064655710553092,129507.97696869606,7276592.550328575,three_i
