id,mu,phi,beta,tau,S0,V0,modelname
Maat2016a,0.005847354628184508,4.0023195897589955e-08,1494.1002600785082,8.908206902802268,131213.37075006962,5199513.353369735,three_i
