id,mu,phi,beta,tau,S0,V0,modelname
Maat2016a,0.000619280446444126,5.942926041285672e-10,1229.4705683192096,0.0201151366599678,136078.264500047,6694245.508162148,one_i
