id,mu,phi,beta,H0,V0,modelname
Maat2016b,0.006520034884896371,1.3499814695816557e-09,164.4957000175559,807630.038828263,3423936.671581268,zero_i
