id,mu,phi,beta,lam,tau,modelname
Maat2016b,0.02527838722949682,3.6063453613991215e-09,132.8240882692463,0.033232093986665906,0.18452225147641846,two_i
