id,mu,phi,beta,lam,tau,modelname
Maat2016b,0.017408170990541705,3.518242363861638e-09,144.6206001256609,0.1242092007838322,0.18818631210558395,five_i
