id,mu,phi,beta,tau,S0,V0,modelname
Maat2016a,0.08918042621290367,1.7181445133840622e-06,2164.670678014509,6.799322606793157,120591.73888114159,5555206.421575001,five_i
