id,mu,phi,beta,H0,V0,modelname
Maat2016a,0.0006477683628609697,5.920177937478021e-10,1190.2801205354497,138591.2327308905,7014095.73806858,zero_i
