id,mu,phi,beta,tau,S0,V0,modelname
Maat2016b,0.29800248867281137,1.508724410962828e-07,120.82848073115325,3.895120498689843,607412.3927067043,4449057.826530703,four_i
