id,mu,phi,beta,lam,tau,modelname
Maat2016a,0.0009307717594134563,5.8971183786427e-09,623.464460139441,2.70503492345508,0.08397384511293185,two_i
