id,mu,phi,beta,tau,S0,V0,modelname
Maat2016a,0.023969121701067977,1.1522541619874388e-06,3155.024976240573,5.468084469954133,112013.26122750955,7206255.571704855,seven_i
