id,mu,phi,beta,tau,S0,V0,modelname
Maat2016a,0.0038333579345058147,3.954768468168551e-09,1190.38632411802,13.030545190509224,152663.98470792055,3517032.9850870627,one_i
