id,mu,phi,beta,tau,S0,V0,modelname
Maat2016b,0.0029646600335749354,1.498146153205815e-09,169.85909919656433,0.17475332004006214,816761.8958784781,4908969.871042664,eight_i
