id,mu,phi,beta,tau,S0,V0,modelname
Maat2016a,0.003204993084422541,3.6023061558231163e-09,1218.275067928961,12.71007200339404,150743.53640700632,3719604.3599649793,one_i
