id,mu,phi,beta,tau,S0,V0,modelname
Maat2016a,0.0009653403971984705,6.303408596688643e-10,1125.7854208916365,0.008908472510553326,136002.94096299185,6985351.226555738,seven_i
