id,mu,phi,beta,tau,S0,V0,modelname
Maat2016b,0.005453879566872093,1.2966142650035848e-09,175.18265493018265,0.035570678079954794,802294.7706615514,3793388.2003937303,four_i
