id,mu,phi,beta,tau,S0,V0,modelname
Maat2016a,0.44010166542989193,1.586406955908629e-07,40.77157855461084,7.913928837550241,391131.46549949516,4516059.086015615,six_i
