id,mu,phi,beta,tau,S0,V0,modelname
Maat2016a,0.00046004006515404394,6.261209901348884e-10,1038.932928584198,0.005603549753137825,150572.29221846885,7117070.737941793,nine_i
