id,mu,phi,beta,tau,S0,V0,modelname
Maat2016a,0.0008943596004119072,6.194925579910303e-10,1133.6839150366955,0.009006798137300206,137068.96338617287,7154680.074891702,five_i
