id,mu,phi,beta,tau,S0,V0,modelname
Maat2016a,0.0006943693897281698,6.323385623942444e-10,1108.8867941636588,0.00882725416075593,137988.6607995059,7218006.957034556,nine_i
