id,mu,phi,beta,lam,tau,S0,V0,modelname
Maat2016b,0.2148045194104188,1.0755898617521136e-08,19.02385318299492,1.598351454752699,0.09934680720101363,1100497.5326893802,2020856.5855884096,four_i
