id,mu,phi,beta,tau,S0,V0,modelname
Maat2016b,0.08305736334043672,9.49289412478396e-07,220.9284889718377,2.671684149401339,781509.9750012024,6275928.515522289,eight_i
