id,mu,phi,beta,lam,tau,S0,V0,modelname
Maat2016b,0.28558984226623074,1.3849019217469567e-07,130.72616051692575,3.7714843875598363,0.23348038092612272,560355.7097824684,4246468.323752029,four_i
