id,mu,phi,beta,lam,tau,modelname
Maat2016a,0.001013702414346063,1.1158802901266332e-08,660.2429996269136,1.9404558554598437,0.08423721634422696,four_i
