id,mu,phi,beta,lam,modelname
Maat2016b,0.029845051958121784,3.868392547540413e-09,123.24371213782732,0.17939098941702247,one_i
