id,mu,phi,beta,tau,S0,V0,modelname
Maat2016a,0.0005826175066080848,6.203800782188481e-10,1155.1445684004773,0.00582701042151133,135620.2365400673,7287637.504541202,eight_i
