id,mu,phi,beta,tau,S0,V0,modelname
Maat2016b,0.0051591724716709125,1.4388850241184544e-09,154.32652416012863,0.11479033885060647,847899.0420271076,3648466.993764026,three_i
