id,mu,phi,beta,tau,S0,V0,modelname
Maat2016a,0.0003871630897209665,6.468628308220613e-10,1046.814952537126,0.004223704829889433,147597.40427332348,6825239.242782036,four_i
