id,mu,phi,beta,lam,modelname
Maat2016a,0.0007180950054524763,3.5195377897365094e-09,622.3172482203413,0.08384771317237064,one_i
