id,mu,phi,beta,tau,S0,V0,modelname
Maat2016b,0.011204543701964309,1.4407931312648545e-09,149.2289381789709,0.003898787645785718,785580.067465997,3639332.741978338,ten_i
