id,mu,phi,beta,tau,S0,V0,modelname
Maat2016b,0.008926966241347452,1.3914350988418621e-09,159.05306339136018,0.015350486053803371,792789.0886939479,3800993.3130636886,nine_i
