id,mu,phi,beta,tau,S0,V0,modelname
Maat2016a,0.0003907205172190468,6.641814979702153e-10,968.476484801287,0.0003453149587940923,154164.61683804297,6775244.998479166,four_i
