id,mu,phi,beta,lam,tau,modelname
Maat2016b,0.011441583517107317,1.6382497161252943e-09,56.43033780724475,0.023643156618618526,0.07116236844466796,two_i
