id,mu,phi,beta,tau,S0,V0,modelname
Maat2016a,0.0005374302451834227,7.16307318952163e-10,810.8817991846814,0.010932996458348804,166663.52158314484,7370767.628723939,seven_i
