id,mu,phi,beta,tau,S0,V0,modelname
Maat2016a,0.03975207806938951,0.0001737171385240851,13.19403221551608,22.275768897744516,106081.08820236595,2025002.5246399783,three_i
