id,mu,phi,beta,tau,S0,V0,modelname
Maat2016a,0.025312472674218017,2.6536089535661506e-07,1676.937850594101,7.785571372954419,128643.03180925727,5062334.211596026,four_i
