id,mu,phi,beta,tau,S0,V0,modelname
Maat2016b,0.05149469336290944,4.590971882456939e-08,161.05407242625574,3.751438254605098,750561.5065918423,4705567.491025801,four_i
