id,mu,phi,beta,tau,S0,V0,modelname
Maat2016b,0.01741032404189085,7.455603336375384e-08,192.76793951337015,3.0419114696573564,786646.2508499491,5845589.520393079,six_i
