id,mu,phi,beta,tau,S0,V0,modelname
Maat2016b,0.14694888209608156,2.336841457702317e-09,49.011993534995455,11.953709055565758,852008.7950253722,1446278.259625367,two_i
