id,mu,phi,beta,tau,S0,V0,modelname
Maat2016a,0.066297882378784,1.305031625811493e-06,4610.861120708192,4.654549263588099,102494.6100850571,8736994.839866335,nine_i
