id,mu,phi,beta,tau,S0,V0,modelname
Maat2016b,0.3378504993778965,5.612036529986617e-07,170.37764018263647,3.254493267601696,781529.2094591156,5560937.783706698,six_i
