id,mu,phi,beta,lam,tau,S0,V0,modelname
Maat2016b,0.5098539106227807,5.934327760784224e-07,146.47837778973482,3.7605447966582957,0.30517154229652155,793958.2970235333,4909780.915986338,five_i
