id,mu,phi,beta,tau,S0,V0,modelname
Maat2016a,0.0003723310026601476,6.193998971063595e-10,1059.4156491301326,0.004219302549462774,150766.20865929496,7178926.535669435,six_i
