id,mu,phi,beta,modelname
Maat2016a,0.00019161920496639878,8.153743715431668e-10,521.7982388747195,zero_i
