id,mu,phi,beta,tau,S0,V0,modelname
Maat2016b,0.1177940517457821,7.503512254492166e-06,208.05459730109385,2.672848937885959,833706.2373724902,6047486.062534868,eight_i
