id,mu,phi,beta,H0,V0,modelname
Maat2016b,0.019032621463814712,1.5960174669562602e-09,127.34272901436766,792547.4358795929,3499466.0687132133,zero_i
