id,mu,phi,beta,H0,V0,modelname
Maat2016a,0.09353577417108272,1.4327959132880465e-08,8.737987032254,687242.1816530278,3649754.689314769,zero_i
