id,mu,phi,beta,tau,S0,V0,modelname
Maat2016a,0.013770358032434331,1.2276665216748582e-07,1494.3297593671778,7.511864943510786,146236.42512876148,5626941.056843728,four_i
