id,mu,phi,beta,lam,tau,S0,V0,modelname
Maat2016b,0.03388014964076056,8.642084824043427e-09,142.51084791507427,3.5467501373056125,0.19156796795147474,734242.2489788154,4084704.970352684,two_i
