id,mu,phi,beta,tau,S0,V0,modelname
Maat2016b,0.06567599005150368,2.3173212359308004e-08,153.55242620425025,4.10870438605281,648495.1447179143,4407679.531231481,three_i
