id,mu,phi,beta,tau,S0,V0,modelname
Maat2016b,0.03920592918823575,1.0555441106413885e-08,150.80585017535924,4.787882452660266,693561.1210574482,4042925.664923456,two_i
