id,mu,phi,beta,lam,tau,modelname
Maat2016b,0.03352920701372925,6.176402024952795e-09,132.08319691855667,0.9836574573289883,0.17487762653650019,three_i
