id,mu,phi,beta,tau,S0,V0,modelname
Maat2016b,1.0946244403018344,4.151708667941837e-06,215.15950133393662,2.678793257499355,772490.6265303106,6135976.549159968,eight_i
