id,mu,phi,beta,tau,S0,V0,modelname
Maat2016b,0.04979479381286765,1.0443868170084896e-08,140.15377517873418,4.644908113245135,665430.629481572,4232995.498800692,two_i
