id,mu,phi,beta,lam,tau,modelname
Maat2016a,0.003264105555492559,3.89953822010185e-09,589.1680858335562,0.05788132722687886,0.08457621915959573,five_i
