id,mu,phi,beta,tau,S0,V0,modelname
Maat2016a,0.005854307001356442,8.841604420248213e-10,609.2725007910756,0.1637932420231635,171193.32881546533,7567459.877964184,two_i
