id,mu,phi,beta,tau,S0,V0,modelname
Maat2016b,0.058193119778581916,1.1562998763148808e-08,134.30901579767132,4.694525314777269,653313.9977293991,4057445.2976469626,two_i
