id,mu,phi,beta,lam,tau,modelname
Maat2016b,0.03213194774597187,3.973211235426853e-09,121.0064001618688,0.07651115107768208,0.183080301793484,two_i
