id,mu,phi,beta,tau,S0,V0,modelname
Maat2016b,0.3453837642833697,2.076535236418371e-08,9.333381978752179,2.5074867164463233,414395.66454222746,1414984.7301106134,three_i
