id,mu,phi,beta,tau,S0,V0,modelname
Maat2016b,0.009796871996223675,1.3927321112730284e-09,152.6479903573284,0.0019205481517670139,807999.5776191594,3691849.6193849933,ten_i
