id,mu,phi,beta,tau,S0,V0,modelname
Maat2016b,0.00791642923582854,1.3893243422897112e-09,161.22301827664293,0.00665739945013583,787291.718831629,3587220.580100522,six_i
