id,mu,phi,beta,tau,S0,V0,modelname
Maat2016a,0.008452980170785855,2.1268551657518312e-07,1777.622547288538,7.857431663847582,124138.9266697874,5048574.665538714,four_i
