id,mu,phi,beta,H0,V0,modelname
Maat2016a,0.0005955778175507259,6.038652258361751e-10,1130.2287468906516,144611.26050956504,6958271.763576804,zero_i
