id,mu,phi,beta,tau,S0,V0,modelname
Maat2016b,0.011970342870617788,1.444088339602315e-09,139.73728767832804,0.011997005987970285,847018.1978657651,3958993.983074093,ten_i
