id,mu,phi,beta,tau,S0,V0,modelname
Maat2016b,0.00910011686584957,1.4061436881834381e-09,159.26898759557585,0.008502203127663654,781451.3450469557,3676828.874726112,eight_i
