id,mu,phi,beta,tau,S0,V0,modelname
Maat2016b,0.03451709601860223,1.9797423487789953e-08,157.27974225088025,4.070506057670091,765516.6384490841,4314708.686012636,three_i
