id,mu,phi,beta,tau,S0,V0,modelname
Maat2016b,0.011259916185074974,1.4445237450102793e-09,154.98657780840537,0.31418107397848266,775149.2576880469,4427966.724188329,two_i
