id,mu,phi,beta,lam,tau,modelname
Maat2016b,0.07520293895667224,7.33504851584083e-08,154.67825496747807,2.883654744006297,0.20351904507205634,five_i
