id,mu,phi,beta,lam,S0,V0,modelname
Maat2016a,0.0015441967239701955,3.708892429722555e-09,1293.1253720613647,0.07703837175840043,151299.48913545042,3600146.05633678,one_i
