id,mu,phi,beta,lam,tau,modelname
Maat2016a,0.002682072427930645,3.7479976843184315e-09,594.3620888264164,0.10889383046993603,0.08450151939602105,two_i
