id,mu,phi,beta,tau,S0,V0,modelname
Maat2016b,0.04156439885107319,4.635085704001138e-09,127.23351152939345,5.609412175813323,675689.8888113846,4029499.4491508375,one_i
