id,mu,phi,beta,tau,S0,V0,modelname
Maat2016a,0.1378294105347217,1.024612248977895e-08,9.962468232952805,0.11926570651724763,2146221.817657474,3077598.669106981,four_i
