id,mu,phi,beta,lam,tau,H0,V0,modelname
Maat2016a,0.01095890111062177,5.64503893294388e-09,574.0973968245864,0.031302157096298605,0.08466577347448156,117191.66857715088,3224966.939777024,two_i
