id,mu,phi,beta,lam,tau,modelname
Maat2016b,0.02799139499769031,3.828919839163636e-09,128.2631335534475,0.16157353525406878,0.18333184709496816,two_i
