id,mu,phi,beta,modelname
Maat2016b,0.024328455692570302,1.5885409991858238e-09,114.13987579082777,zero_i
