id,mu,phi,beta,tau,S0,V0,modelname
Maat2016a,0.0008360610369125594,6.397101794563411e-10,1101.0968407367313,0.010225281138524462,139774.9026024166,6528844.569148462,two_i
