id,mu,phi,beta,tau,S0,V0,modelname
Maat2016b,0.008792881805242198,1.3363116550564726e-09,170.02461985982544,0.010105659169505666,771604.4004823233,3596263.9957740973,nine_i
