id,mu,phi,beta,lam,tau,S0,V0,modelname
Maat2016b,0.07670075438399168,1.016608188181895e-08,120.99445010938841,2.4991104164337936,0.17708864245065176,577089.0079933911,4050481.683893551,two_i
