id,mu,phi,beta,tau,S0,V0,modelname
Maat2016b,0.04086271405478237,2.0057286646784493e-08,160.53221768912766,4.146292748659994,700780.2467859605,4489077.151525559,three_i
