id,mu,phi,beta,tau,S0,V0,modelname
Maat2016b,0.031172532162091395,8.512362294460322e-08,192.78844052136213,2.7395491272527037,833217.3145265597,6493289.843905063,seven_i
