id,mu,phi,beta,modelname
Maat2016b,0.025044827512419106,1.6029779322869311e-09,111.88365640962068,zero_i
