id,mu,phi,beta,tau,S0,V0,modelname
Maat2016b,0.01357503400167554,1.4347187182109346e-09,154.41311088423257,0.0009753095528999636,747141.3176299375,3661938.298160826,four_i
