id,mu,phi,beta,tau,S0,V0,modelname
Maat2016a,0.188126874242677,3.237510919029887e-08,191.7805195621516,12.08695584406419,191071.15626501516,5552751.7260495,one_i
