id,mu,phi,beta,lam,tau,S0,V0,modelname
Maat2016a,0.0017157724305902249,9.592878431471636e-09,1243.5644046928664,1.606696435751381,0.07788974306830607,155659.49826083978,4496150.203976069,four_i
