id,mu,phi,beta,H0,V0,modelname
Maat2016a,0.32646861774532193,1.0206423594455776e-08,3.401065821610723,266172.0422210476,35402336.74950405,zero_i
