id,mu,phi,beta,tau,S0,V0,modelname
Maat2016a,0.20573327440024777,2.2224645482958644e-05,3971.6684949266296,5.026329677569888,105241.89456120448,7845938.398336018,eight_i
