id,mu,phi,beta,lam,tau,modelname
Maat2016a,0.001254881800272293,2.072031318347931e-08,675.6193201101289,2.033550871852741,0.08433067027357535,five_i
