id,mu,phi,beta,tau,S0,V0,modelname
Maat2016b,0.12200519305902327,1.8554692231251227e-07,243.2555423139859,2.381383198741079,695694.8348525004,6616513.3810939845,nine_i
