id,mu,phi,beta,lam,tau,S0,V0,modelname
Maat2016a,0.0019170162340110732,1.4716076629099209e-08,1405.7702736323051,10.095530739996224,0.6027461663114434,141054.0344321336,4878506.160807806,three_i
