id,mu,phi,beta,lam,tau,S0,V0,modelname
Maat2016a,0.07927810702904245,2.4878551247126058e-08,888.818640943639,3.2734002243131126,0.08166765276788522,114222.29734870807,4376211.706090094,three_i
