id,mu,phi,beta,tau,S0,V0,modelname
Maat2016a,0.0002885875017566754,6.372694496718183e-10,1027.361024916511,0.006042390393909927,150689.69918868746,6926867.516957849,three_i
