id,mu,phi,beta,tau,S0,V0,modelname
Maat2016a,0.2033754779376944,2.2624718542496165e-06,3866.2502136584335,5.016889130466146,105122.40861395442,7743282.584757889,eight_i
