id,mu,phi,beta,tau,S0,V0,modelname
Maat2016a,0.0013210263981890621,7.170782479268859e-10,840.745343057103,0.004906186602420061,156575.4160552126,7389993.708300706,ten_i
