id,mu,phi,beta,tau,S0,V0,modelname
Maat2016b,0.051592572385968996,4.58072549146109e-06,224.88972923008728,2.437892807639255,810169.160806117,6378923.12976367,nine_i
