id,mu,phi,beta,tau,S0,V0,modelname
Maat2016b,0.06409367451628582,4.462866509069016e-08,163.57063022368462,3.7265771533546097,718889.9573098494,4708381.685065435,four_i
