id,mu,phi,beta,H0,V0,modelname
Maat2016a,0.0033371416283582743,7.59276095180563e-10,704.1712050547353,170219.7445958717,8454283.098625265,zero_i
