id,mu,phi,beta,tau,S0,V0,modelname
Maat2016b,0.007537478941873066,1.3897942109804757e-09,158.14077305629644,0.013110286716479113,818353.2236212422,3441057.297169076,ten_i
