id,mu,phi,beta,tau,S0,V0,modelname
Maat2016a,0.05120652161873568,9.304758763232835e-09,7.538547923040392,0.1676856759559073,281780.91320236376,3261782.059298732,seven_i
