id,mu,phi,beta,tau,S0,V0,modelname
Maat2016a,0.003056871328830224,3.4733838229882424e-09,1215.3036285596947,12.868636192748285,157963.93513472163,4207544.480932367,one_i
