id,mu,phi,beta,tau,S0,V0,modelname
Maat2016b,0.021278408935745785,1.1967770793118103e-07,170.94430066398752,3.5377541310426803,853037.4055854653,5192067.264020818,five_i
