id,mu,phi,beta,tau,S0,V0,modelname
Maat2016b,0.020470020166956263,1.4620412290686312e-09,143.92145025418876,0.022983098908240972,738383.0045011677,4208656.27272947,one_i
