id,mu,phi,beta,H0,V0,modelname
Maat2016b,0.007910030307063217,1.3882713185180316e-09,158.4648784526335,802458.4920626149,3418673.6017480306,zero_i
