id,mu,phi,beta,tau,S0,V0,modelname
Maat2016b,0.1251934432889141,1.9660066824621063e-07,222.57355395010012,2.2105244727655924,728713.383291411,7112637.334575367,ten_i
