id,mu,phi,beta,lam,modelname
Maat2016b,0.027820663767744645,3.671129954221644e-09,126.79764501602399,0.18351642463332477,one_i
