id,mu,phi,beta,tau,S0,V0,modelname
Maat2016b,0.07530052785383161,4.823774403220048e-08,159.06151076900525,3.733703520819856,686664.6996031258,4710893.337965788,four_i
