id,mu,phi,beta,tau,S0,V0,modelname
Maat2016a,0.00036381674099424945,6.309530961403493e-10,1117.6375337701177,0.002772470561292489,140634.41568090042,7044032.953001506,nine_i
