id,mu,phi,beta,lam,S0,V0,modelname
Maat2016b,0.2836476135789234,2.6045704212380287e-07,8.71225156518217,0.11658629887996791,291171.6043658552,18444782.576697808,one_i
