id,mu,phi,beta,tau,S0,V0,modelname
Maat2016b,0.3350704144386704,6.268929625623611e-07,180.10622710493482,3.271298247154264,778245.0054593591,5370959.621737426,six_i
