id,mu,phi,beta,tau,S0,V0,modelname
Maat2016b,0.05496881122863899,5.399938853223662e-09,123.92030183365685,5.755519026104779,622886.2102568501,3694771.367231618,one_i
