id,mu,phi,beta,tau,S0,V0,modelname
Maat2016b,0.19026104603026184,1.8879285797903529e-06,229.2797417264039,2.4625037646406263,778209.4320692174,6149328.464272406,nine_i
