id,mu,phi,beta,tau,S0,V0,modelname
Maat2016a,0.0008772036815978707,6.459954416037169e-10,1116.879134525808,0.0060569386029099,133589.1487934959,6885263.950418856,two_i
