id,mu,phi,beta,tau,S0,V0,modelname
Maat2016a,0.11134466728713469,1.278235623637507e-08,17.267146134330204,0.32006906111007843,148526.18918563036,2375792.677544775,seven_i
