id,mu,phi,beta,lam,tau,modelname
Maat2016b,0.02474394652686993,4.4544700115102685e-09,133.04197747560892,0.26290611075706616,0.18226070324348262,five_i
