id,mu,phi,beta,tau,S0,V0,modelname
Maat2016a,0.0798730836494345,2.447231010826331e-06,4928.81135791819,4.320270211855643,96309.46975330656,10241286.392246554,ten_i
