id,mu,phi,beta,tau,S0,V0,modelname
Maat2016b,0.00694352760768122,1.3725375615491246e-09,159.19429198042897,0.01580812345722643,827434.9452572175,3672075.014931963,eight_i
