id,mu,phi,beta,tau,S0,V0,modelname
Maat2016b,0.008496656588327139,1.3840724561495185e-09,166.20788283615397,0.008552113696484882,762570.7474868889,3483327.707026822,six_i
