id,mu,phi,beta,tau,S0,V0,modelname
Maat2016a,0.023245822646902243,7.103907896963029e-07,2113.38423829071,6.740348906569563,128009.17541802551,5654390.540124693,five_i
