id,mu,phi,beta,lam,tau,modelname
Maat2016a,0.00979246286796994,1.6141848800975165e-09,59.16823350304316,0.021862191013162505,0.05835353019537241,four_i
