id,mu,phi,beta,modelname
Maat2016a,0.0008417018824568606,8.487239135870927e-10,490.5290914330595,zero_i
