id,mu,phi,beta,tau,S0,V0,modelname
Maat2016a,0.001008050524950609,6.025653002894746e-10,1212.420633343322,0.0322163364445603,132365.99877094655,7098401.423368041,two_i
