id,mu,phi,beta,lam,modelname
Maat2016a,0.003392569615132077,3.836248754512414e-09,616.181352681859,0.08228924580364878,one_i
