id,mu,phi,beta,tau,S0,V0,modelname
Maat2016a,0.00040525138937104867,5.820101252458215e-10,1280.2336469014238,0.0018869711401021676,130623.1508975874,6965533.177953283,seven_i
