id,mu,phi,beta,tau,S0,V0,modelname
Nagasaki42,0.04900472632826054,1.5422782823864954e-08,82.20011959883799,1.6604554092562311,148149.0036048993,17379.327867034488,three_i
