id,mu,phi,beta,tau,S0,V0,modelname
Nagasaki42,0.04950559874634353,1.8907754582281663e-08,106.49303264940067,1.7662691873208014,116848.81583878153,7644.9280537890345,three_i
