id,mu,phi,beta,lam,modelname
Nagasaki29,0.057408674592696864,1.9741443007746825e-08,602.6443104501344,0.4756204961503382,one_i
