id,mu,phi,beta,lam,tau,modelname
Nagasaki42,0.045237500751432104,7.338775105972957e-09,46.853706994693205,0.012621671708661394,1.2703612132103528,two_i
