id,mu,phi,beta,tau,S0,V0,modelname
Nagasaki42,0.055283243957389636,1.3007323676751912e-07,116.71524395714789,1.304112266994945,117725.20298775761,8125.932160861814,ten_i
