id,mu,phi,beta,tau,S0,V0,modelname
Nagasaki42,0.07465623727458442,1.2145964400602887e-07,10.542140116584035,3.784780004362255,504637.718070897,16294.329859318028,two_i
