id,mu,phi,beta,tau,S0,V0,modelname
Nagasaki29,0.054594577847275214,1.0027623828794963e-07,1886.5055916185952,2.3003494921493925,1350.1418622829005,97002.30565467277,eight_i
