id,mu,phi,beta,tau,S0,V0,modelname
Nagasaki29,0.052395796810145195,1.6216422761289264e-08,983.9399973792141,0.030671213602808865,1201.4273386441937,102962.76251767196,four_i
