id,mu,phi,beta,lam,tau,S0,V0,modelname
Nagasaki29,0.06323710085270703,2.3741104550923375e-08,503.0128830523369,0.019003076679744338,1.3172669486774298,1213.3940205686183,145105.0517399371,four_i
