id,mu,phi,beta,lam,modelname
Nagasaki29,0.057242548643988034,1.956017409968631e-08,605.3743762119107,0.46908936808824875,one_i
