id,mu,phi,beta,lam,tau,modelname
Nagasaki42,0.05044144419499717,6.787050666772481e-09,38.4750881508693,0.0007385073497878642,19.762255268989232,five_i
