id,mu,phi,beta,tau,S0,V0,modelname
Nagasaki29,0.05047853942933822,3.744025223630532e-08,1460.8032760685614,3.0387048693943424,1335.2806457578274,90714.76361304935,three_i
