id,mu,phi,beta,tau,S0,V0,modelname
Nagasaki42,0.04753717969885919,3.004114811963739e-08,115.29679377315797,1.4886251293174775,121038.124392661,7566.6995355330355,five_i
