id,mu,phi,beta,tau,S0,V0,modelname
Nagasaki42,0.04817911190495008,2.1616320314846583e-08,77.37977110892794,1.5184551772715495,154134.67438846774,15318.403513007319,four_i
