id,mu,phi,beta,modelname
Nagasaki42,0.051068247531883895,6.813880990280363e-09,37.32453874413612,zero_i
