id,mu,phi,beta,modelname
Nagasaki29,0.06419081948078878,1.8455338929513612e-08,427.38241152145076,zero_i
