id,mu,phi,beta,tau,S0,V0,modelname
Nagasaki29,0.05459967829742599,1.5583440446063547e-08,852.7021550804894,0.004869117375559626,1395.7723091390083,132894.61152822553,seven_i
