id,mu,phi,beta,tau,S0,V0,modelname
Nagasaki42,0.044309299837036235,6.066420310855047e-09,70.18676159671654,0.004820398688484685,166198.5945022995,17183.565971801385,five_i
