id,mu,phi,beta,tau,S0,V0,modelname
Nagasaki42,0.045687294733505246,2.837522390905883e-08,120.52693774989028,1.476166680125294,124160.87167523406,7424.846546189045,five_i
