id,mu,phi,beta,tau,S0,V0,modelname
Nagasaki29,0.057442310403024194,1.804031407920961e-08,676.3633241229893,0.05768066551532451,1337.3824687794302,136674.28251392668,four_i
