id,mu,phi,beta,tau,S0,V0,modelname
Nagasaki42,0.03973018809590401,5.62894300580379e-09,104.87734279587394,0.014900339193693346,142278.4202001449,8815.599306525579,nine_i
