id,mu,phi,beta,tau,S0,V0,modelname
Nagasaki29,0.055818972360660364,1.725452382630814e-08,747.3596978090011,0.042435411311656984,1405.7626860322514,139610.8737898964,ten_i
