id,mu,phi,beta,lam,tau,modelname
Nagasaki42,0.05044799190367686,6.600586252306272e-09,39.61491740414844,0.006107490817722282,17.526989756212927,two_i
