id,mu,phi,beta,lam,tau,modelname
Nagasaki29,0.058377025294783155,2.1398308918246696e-08,544.175941406088,0.1003262926266935,0.5651263193436109,five_i
