id,mu,phi,beta,tau,S0,V0,modelname
Nagasaki29,0.053277220340424654,1.631062275830306e-08,984.0083383142367,0.0521719454556513,1149.0363509261874,111097.52190167618,four_i
