id,mu,phi,beta,tau,S0,V0,modelname
Nagasaki42,0.05829119815727872,1.9049349830645265e-08,50.785281276128956,2.0558154741616725,129983.90530185931,17280.611679588288,two_i
