id,mu,phi,beta,tau,S0,V0,modelname
Nagasaki29,0.0541453540726506,1.707491137566551e-08,818.8113411457667,0.25210627762010385,1485.5080559387907,165366.46459583557,five_i
