id,mu,phi,beta,lam,H0,V0,modelname
Nagasaki42,0.03164887262207293,8.48150520464376e-09,86.82785888733015,0.4786296558174317,110996.72858235631,5882.058885752086,one_i
