id,mu,phi,beta,tau,S0,V0,modelname
Nagasaki42,0.053006416324286924,9.397892016023722e-08,75.2450743393033,1.3136246655735866,156186.69371861863,15277.431961332386,nine_i
