id,mu,phi,beta,tau,S0,V0,modelname
Nagasaki42,0.047513752494226784,2.5726764486102653e-08,104.79200451275359,1.6204892395399237,123391.06748462564,7140.12369201304,four_i
