id,mu,phi,beta,modelname
Nagasaki42,0.050712914253687714,6.610938019776575e-09,38.791119303966056,zero_i
