id,mu,phi,beta,lam,tau,S0,V0,modelname
Nagasaki42,0.05296029096626647,1.1149328783204182e-08,87.93876763750052,0.05343892351376389,0.3867312781829352,117470.01753509477,8062.095119286556,three_i
