id,mu,phi,beta,tau,S0,V0,modelname
Nagasaki29,0.057556413763090675,1.761861157798788e-08,682.6506271340685,0.01000090995061694,1335.3981785259066,135635.82788114066,nine_i
