id,mu,phi,beta,tau,S0,V0,modelname
Nagasaki42,0.04425180617017561,5.902472583514648e-09,76.11931320333855,0.03819627337686809,156563.83202965747,14849.679600330357,three_i
