id,mu,phi,beta,tau,S0,V0,modelname
Nagasaki29,0.05211960233129351,1.5838302623958075e-08,1003.664607872098,0.017184274354915086,1215.1838185412316,99330.0884687454,three_i
