id,mu,phi,beta,tau,S0,V0,modelname
Nagasaki29,0.06119594162487412,7.930636239696277e-08,934.0668286592712,2.534554467472218,1589.7841108955245,177099.13230843603,six_i
