id,mu,phi,beta,tau,S0,V0,modelname
Nagasaki42,0.04024971851582184,5.808153616081543e-09,100.30604466777363,0.011254648781475465,139515.7414555587,9349.011969290143,seven_i
