id,mu,phi,beta,tau,S0,V0,modelname
Nagasaki29,0.05219671097494752,1.6742070983464423e-08,988.7555993784662,0.03357269935146379,1165.0854673411395,99314.45516355289,six_i
