id,mu,phi,beta,lam,S0,V0,modelname
Nagasaki42,0.1264078733204193,2.9188675036924896e-08,24.404226311440897,0.11178191955819361,1076464.59528634,110956.9525046005,one_i
