id,mu,phi,beta,tau,S0,V0,modelname
Nagasaki29,0.05833863037072,1.7018164962868306e-08,696.8230561454274,0.031133865276309288,1359.1592730658158,150599.39943432278,ten_i
