id,mu,phi,beta,H0,V0,modelname
Nagasaki29,0.059429400249066254,1.652241296321171e-08,753.9604921766518,1229.3848390300104,153838.04953096676,zero_i
