id,mu,phi,beta,H0,V0,modelname
Nagasaki29,0.06628244397028206,2.1284025707239912e-08,432.52922076339274,1319.9228689180052,182220.29513140727,zero_i
