id,mu,phi,beta,tau,S0,V0,modelname
Nagasaki42,0.046256355137426236,2.333493335036833e-08,115.57109409979488,1.6007304365467023,120023.13747146647,7544.152469169548,four_i
