id,mu,phi,beta,lam,S0,V0,modelname
Nagasaki29,0.05243219194808448,1.615704333553201e-08,1012.4086231633106,4.779278358570709,1175.108975113282,105684.30528401629,one_i
