id,mu,phi,beta,tau,S0,V0,modelname
Nagasaki29,0.0517009168379494,1.7427484653284252e-08,928.5673898685817,0.5342865481196402,1280.495524645846,102983.96151824824,one_i
