id,mu,phi,beta,tau,S0,V0,modelname
Nagasaki42,0.04888652573180207,9.099068355431227e-08,117.84884619682809,1.3081596397024282,125496.87505624485,7449.374061174881,nine_i
