id,mu,phi,beta,tau,S0,V0,modelname
Nagasaki42,0.04739647638776085,3.692775646581593e-08,123.33675661716943,1.4027668271179299,122530.36802664219,7090.876406206357,six_i
