id,mu,phi,beta,tau,S0,V0,modelname
Nagasaki29,0.05316096933010183,1.7881496209313236e-08,988.4386227431289,0.18551654184383887,1179.3915549972799,142901.20334905977,seven_i
