id,mu,phi,beta,tau,S0,V0,modelname
Nagasaki42,0.042758434713380665,3.632663683904005e-08,79.54624819354966,1.0832737939316541,162695.26894317887,16585.691166421755,eight_i
