id,mu,phi,beta,H0,V0,modelname
Nagasaki42,0.04407709101309064,5.35404943797451e-09,87.64300707966098,148874.95564394625,15191.147254354399,zero_i
