id,mu,phi,beta,lam,S0,V0,modelname
Nagasaki42,0.057103674846028574,6.452219267814441e-07,21.05279343475636,0.015182751916195732,620310.2074530937,25264.950527919325,one_i
