id,mu,phi,beta,lam,tau,S0,V0,modelname
Nagasaki29,0.0518573421876173,1.6508765918164544e-08,980.2324430611429,5.258987969843946e-05,4.5380153659781355,1226.265369865415,101225.41584407093,two_i
