id,mu,phi,beta,tau,S0,V0,modelname
Nagasaki29,0.05743145066879521,1.4742326332555004e-08,869.0874604372258,9.05121356135761e-05,1222.2414631452268,147898.91214706996,three_i
