id,mu,phi,beta,H0,V0,modelname
Nagasaki29,0.053356013045992544,1.6426665491123776e-08,914.086849689226,1217.0162620051124,97830.78704147159,zero_i
