id,mu,phi,beta,modelname
Nagasaki42,0.05083409615169889,6.798160023475831e-09,37.804328445603474,zero_i
