id,mu,phi,beta,tau,S0,V0,modelname
Nagasaki29,0.05659981350922702,1.664145866878504e-08,756.7854851956597,0.13536496854699517,1390.6646520184256,158062.03812595372,three_i
