id,mu,phi,beta,tau,S0,V0,modelname
Nagasaki29,0.05156557984108843,1.6434349328603483e-08,962.651772202808,0.02974288455731528,1277.7809804675205,100904.33709161343,ten_i
