id,mu,phi,beta,lam,tau,modelname
Nagasaki29,0.05437138801103636,1.8893040321527627e-08,706.7830324012101,0.40040324730886373,0.7013638146015982,four_i
