id,mu,phi,beta,tau,S0,V0,modelname
Nagasaki42,0.04408148536949626,5.694219645974869e-09,79.43516820635311,0.0017083454376868323,155835.55530924723,14209.840145548673,one_i
