id,mu,phi,beta,tau,S0,V0,modelname
Nagasaki29,0.050742127636861395,1.493345238019159e-08,1079.6565843786877,0.020207493216924437,1259.298134595667,94770.99179652266,two_i
