id,mu,phi,beta,H0,V0,modelname
Nagasaki29,0.05259300973454806,1.5357880393552348e-08,1035.6018915302536,1170.1367513769803,103016.96934747038,zero_i
