id,mu,phi,beta,tau,S0,V0,modelname
Nagasaki42,0.04270840182273493,8.714652581886726e-09,62.93088182420093,0.09299696099169247,151667.09855187315,17371.35927130789,nine_i
