id,mu,phi,beta,tau,S0,V0,modelname
Nagasaki42,0.04892093085502287,1.093581443070558e-08,89.59921600519607,2.5577776031646935,123252.84021603159,7854.046709272009,one_i
