id,mu,phi,beta,lam,tau,S0,V0,modelname
Nagasaki29,0.05158973728248178,1.58137804550838e-08,992.2704621143739,0.00810130118527135,15.691826528961053,1256.444535117433,96756.60766042826,three_i
