id,mu,phi,beta,tau,S0,V0,modelname
Nagasaki42,0.046198018152355615,4.212983259405346e-08,128.0365145576723,1.311111333851645,126299.44899020273,7315.966243840944,seven_i
