id,mu,phi,beta,tau,S0,V0,modelname
Nagasaki29,0.05300616907564558,1.623406236316904e-08,906.5632414405917,0.09449094494059855,1370.9053529608136,139054.49714436385,eight_i
