id,mu,phi,beta,tau,S0,V0,modelname
Nagasaki42,0.04636645692909875,6.054321493527439e-09,77.24921604789387,0.007969175355162403,139958.23812194035,15515.239718932775,two_i
