id,mu,phi,beta,lam,tau,modelname
Nagasaki29,0.007322315699323933,1.3258761691045576e-09,62.58203992296769,0.02158284878382197,0.05957182248606942,four_i
