id,mu,phi,beta,tau,S0,V0,modelname
Nagasaki29,0.05346989872270029,1.683010799781494e-08,912.5124379659115,0.022131898140587625,1196.7440576037143,105907.87577673691,seven_i
