id,mu,phi,beta,lam,tau,S0,V0,modelname
Nagasaki42,0.05068254081584547,1.5221251726360853e-08,92.37391911479952,0.2919365910508479,0.38530952727714507,112298.7670987511,8276.90610767999,five_i
