id,mu,phi,beta,tau,S0,V0,modelname
Nagasaki29,0.057291494255098795,2.432093958037212e-08,563.3497880337586,0.335396167486232,1472.1005274560252,175994.24949505326,five_i
