id,mu,phi,beta,tau,S0,V0,modelname
Nagasaki29,0.052604948653429545,1.687983826669258e-08,918.7491087127352,0.09519565616382879,1252.0542724201478,104038.04511110226,four_i
