id,mu,phi,beta,H0,V0,modelname
Nagasaki29,0.053682388975189226,1.5708550019838925e-08,967.3865633649692,1182.132471348373,106930.78527979791,zero_i
