id,mu,phi,beta,lam,tau,modelname
Nagasaki42,0.04638073268931045,7.436786537712529e-09,44.32217365423261,0.01129902993864673,1.4370891473221974,three_i
