id,mu,phi,beta,tau,S0,V0,modelname
Nagasaki29,0.05775632525455504,5.750332401187797e-08,1188.7461219030063,2.328188031730339,1498.049451729484,164656.22508038493,six_i
