id,mu,phi,beta,lam,modelname
Nagasaki42,0.050529730464322006,6.877349761271554e-09,38.07544880620219,15.239283477485777,one_i
