id,mu,phi,beta,lam,tau,modelname
Nagasaki42,0.04767247599349469,7.117657214012218e-09,43.01429486482902,0.028464851338850287,2.2902413099120884,five_i
