id,mu,phi,beta,tau,S0,V0,modelname
Nagasaki42,0.05380332794419376,1.3057733636567867e-07,111.71577961327363,1.2911410464213824,119513.07304467741,8004.298945739477,ten_i
