id,mu,phi,beta,lam,modelname
Nagasaki29,0.04342838787414027,1.0090335891333084e-08,1943.252920573905,0.35552208148454983,one_i
