id,mu,phi,beta,tau,S0,V0,modelname
Nagasaki29,0.05781632158792757,7.994704135717414e-08,1164.4558281823222,2.3106872350021392,1600.3193505374772,145076.51795931027,seven_i
