id,mu,phi,beta,tau,S0,V0,modelname
Nagasaki42,0.045545948177737425,6.021373655318508e-09,79.87823096757242,0.05039005915674958,147740.60802827898,19024.834248832365,seven_i
