id,mu,phi,beta,tau,S0,V0,modelname
Nagasaki42,0.04684544307314435,3.831376207883297e-08,125.35649106324956,1.4381925914091818,122261.79669069368,7444.944685537713,six_i
