id,mu,phi,beta,tau,S0,V0,modelname
Nagasaki42,0.03944016894509187,5.864123765186086e-09,99.76190170875284,0.014555239532033878,145245.86264966673,8264.489593867282,eight_i
