id,mu,phi,beta,tau,S0,V0,modelname
Nagasaki42,0.043295286338260006,3.3919790868301066e-08,76.65737223562782,1.3516563618965334,169048.16984644192,15458.622780618805,six_i
