id,mu,phi,beta,tau,S0,V0,modelname
Nagasaki29,0.05262176759746045,1.7920979781876422e-08,837.2702467287486,0.1452376174976523,1489.2584727547887,161596.97836548206,nine_i
