id,mu,phi,beta,tau,S0,V0,modelname
Nagasaki29,0.05243858095570981,1.599909378952483e-08,966.9859123773285,0.013018968818723834,1225.1380813749254,102042.72855740765,three_i
