id,mu,phi,beta,tau,S0,V0,modelname
Nagasaki29,0.05679342644880629,1.9664842795299745e-08,636.2326487951062,0.13514050896563512,1488.7103374998578,174760.3046311754,eight_i
