id,mu,phi,beta,H0,V0,modelname
Nagasaki29,0.061372576392121216,2.1044473525769244e-08,561.3747540038075,1121.8821847586453,128567.42946558945,zero_i
