id,mu,phi,beta,tau,S0,V0,modelname
Nagasaki42,0.054481548337877606,2.6105254480018765e-08,73.39220611244762,1.6359812576331747,135694.76197080332,16517.5117883676,four_i
