id,mu,phi,beta,tau,S0,V0,modelname
Nagasaki29,0.05269106880830703,1.9426076171460405e-08,874.9792148443603,0.38446344655908304,1511.188809938287,190454.89738390283,seven_i
