id,mu,phi,beta,H0,V0,modelname
Nagasaki42,0.047470276085221384,6.071994258221787e-09,69.8865421655528,149989.46086107352,16903.472866446125,zero_i
