id,mu,phi,beta,tau,S0,V0,modelname
Nagasaki42,0.045530326811319986,5.777045100611522e-09,81.8100294964788,0.0021015223902496154,143468.65073530664,15028.207869114434,six_i
