id,mu,phi,beta,lam,tau,S0,V0,modelname
Nagasaki42,0.04927147828876029,1.0605912325182613e-08,94.50531359220346,0.00129001971409786,0.39822090246488684,117768.12854397912,7977.7298932136155,three_i
