id,mu,phi,beta,modelname
Nagasaki29,0.06372610829320734,1.7670057806367055e-08,446.6277016581297,zero_i
