id,mu,phi,beta,lam,tau,H0,V0,modelname
Nagasaki42,0.031121351255571403,5.763069205168468e-09,96.35802035894744,0.3261978963147445,82.87402868497166,129415.54960909969,6539.06976622772,three_i
