id,mu,phi,beta,tau,S0,V0,modelname
Nagasaki29,0.05494719171885273,6.036280669645543e-08,1598.3755651736578,2.6708390213818705,1255.1512419291141,98488.36101875508,five_i
