id,mu,phi,beta,tau,S0,V0,modelname
Nagasaki29,0.05202487599833757,1.597502880294837e-08,1022.9994374195244,0.033318985501106915,1191.9634496992924,103312.06537060103,five_i
