id,mu,phi,beta,tau,S0,V0,modelname
Nagasaki29,0.060158244660105685,2.297643593201284e-08,489.58469465920894,0.19682033735152343,1456.4759674741224,166070.47633712142,four_i
