id,mu,phi,beta,tau,S0,V0,modelname
Nagasaki29,0.053295862869665,1.725806863164672e-08,892.1828407653464,0.05207480434250486,1226.9853227792062,110321.95478611131,six_i
