id,mu,phi,beta,lam,modelname
Nagasaki29,0.05757251464691943,1.9616226515066198e-08,600.4677928788731,0.4824630728645735,one_i
