id,mu,phi,beta,tau,S0,V0,modelname
Nagasaki29,0.05156797331557172,1.582621059659069e-08,1017.9833976960678,0.04169909355520634,1242.7903677882418,106965.96106011586,seven_i
