id,mu,phi,beta,tau,S0,V0,modelname
Nagasaki29,0.05271562136560883,1.6844787996855084e-08,958.5982685334476,0.02388904939381934,1166.6484875722424,101179.95499178015,seven_i
