id,mu,phi,beta,tau,S0,V0,modelname
Nagasaki42,0.034991438320103874,3.2657084126543192e-09,22.496077629480162,0.361301641160122,31059.107850735505,5988.049336706317,three_i
