id,mu,phi,beta,tau,S0,V0,modelname
Nagasaki42,0.11576672833426263,1.884208756761066e-08,386.34919752461815,27.197354768949847,292615.8488284891,117926.7036384334,one_i
