id,mu,phi,beta,modelname
Nagasaki42,0.05080340771579198,6.6532458467796e-09,38.47106057779876,zero_i
