id,mu,phi,beta,lam,tau,modelname
Nagasaki42,0.050280086767010526,6.6318193473978575e-09,39.342075930523805,0.0006113146473585514,67.83928785427669,three_i
