id,mu,phi,beta,lam,tau,modelname
Nagasaki42,0.048512203279063096,6.864121948193989e-09,42.15307971116345,0.013941920280718311,2.934744370183818,two_i
