id,mu,phi,beta,tau,S0,V0,modelname
Nagasaki29,0.05251551676190065,3.736875337718037e-08,1457.7414806493734,3.010933212726463,1251.6292744625894,95783.01767830884,three_i
