id,mu,phi,beta,tau,S0,V0,modelname
Nagasaki42,0.04867606849703577,2.758020629528398e-08,76.52837625792955,1.4196826084268108,152244.2589720459,15768.426963363634,five_i
