id,mu,phi,beta,tau,S0,V0,modelname
Nagasaki29,0.36960436024821375,1.3891683823692084e-06,12.830663756094788,3.0422543440271315,343.94460626320966,104129.77125998486,nine_i
