id,mu,phi,beta,lam,tau,S0,V0,modelname
Nagasaki42,0.04955726491046309,1.028758584271095e-08,96.26293263857639,0.0003074469333373764,0.39933942736367695,118362.70038672566,8060.215052044059,five_i
