id,mu,phi,beta,tau,S0,V0,modelname
Nagasaki42,0.04839303972428396,1.0000286504622178e-08,101.60544230363132,2.5386957515267223,118663.00222636745,8185.709958560056,one_i
