id,mu,phi,beta,tau,S0,V0,modelname
Nagasaki42,0.03765644665997056,4.906470443355471e-09,133.04451834930575,0.01753481796340619,138196.716641733,7880.679903445891,nine_i
