id,mu,phi,beta,H0,V0,modelname
Nagasaki42,0.048378102021606445,6.80346280954124e-09,60.39237607583774,151203.6909965839,14345.242910834373,zero_i
