id,mu,phi,beta,tau,S0,V0,modelname
Nagasaki42,0.04439640165250039,4.694981718259239e-08,93.15498428812298,1.2203621460793246,143185.04639635168,14126.0005021155,eight_i
