id,mu,phi,beta,tau,S0,V0,modelname
Nagasaki29,0.055078508719422936,1.833390924514916e-08,705.9331477431384,0.042549605759567635,1402.6576788831408,127361.11990310719,two_i
