id,mu,phi,beta,tau,S0,V0,modelname
Nagasaki42,0.04477439418736696,9.495163687528711e-09,68.29976372841934,2.029398692565542,163934.9082785224,16539.73549778136,one_i
