id,mu,phi,beta,tau,S0,V0,modelname
Nagasaki42,0.1021582185532912,1.0719089848264384e-05,34.402733134905304,1.8636689297890543,165105.77884455476,19561.852919140896,ten_i
