id,mu,phi,beta,tau,S0,V0,modelname
Nagasaki42,0.04456932633550189,5.5094412434662235e-09,83.36983762114575,0.01003603075818349,153412.13897302808,14754.197091666887,four_i
