id,mu,phi,beta,tau,S0,V0,modelname
Nagasaki42,0.04384821522843756,6.2187933675459835e-09,82.1884215410622,0.16307171093874104,148010.64113575604,15803.437429124542,two_i
