id,mu,phi,beta,tau,S0,V0,modelname
Nagasaki29,0.0573962222029941,1.7562398608700848e-08,739.6977238870556,0.01468397473326753,1225.4186920549753,140131.51675100575,four_i
