id,mu,phi,beta,tau,S0,V0,modelname
Nagasaki29,0.05220105083157624,1.6815059755886198e-08,980.8462690592442,0.018876390658916924,1164.4818825945779,96892.49636700406,six_i
