id,mu,phi,beta,tau,S0,V0,modelname
Nagasaki42,0.04010411160263987,2.3606778261805215e-07,9.396275303004195,1.1004794265885756,106819.64921550121,42818.20780142627,ten_i
