id,mu,phi,beta,tau,S0,V0,modelname
Nagasaki29,0.059249330647800164,1.8305880610513145e-08,695.9924357438068,0.4042956122264417,1196.8400026411534,153331.6657251904,one_i
