id,mu,phi,beta,tau,S0,V0,modelname
Nagasaki29,0.057346983624442543,1.657493322880721e-08,778.3648435402341,0.12196366648010797,1230.8933078091,135027.18488432482,two_i
