id,mu,phi,beta,lam,tau,modelname
Nagasaki42,0.013925913739107874,1.750589363546559e-09,58.2094579952397,0.02508368511926202,0.06227954155533992,four_i
