id,mu,phi,beta,lam,tau,S0,V0,modelname
Nagasaki42,0.12436558611359011,4.918330294492247e-07,17.19500597330027,2.4113095479325475,0.3729045815484413,69674.54616259849,6851.630570773935,four_i
