id,mu,phi,beta,tau,S0,V0,modelname
Nagasaki29,0.052607588893533584,1.6081795071262717e-08,927.4538314951191,0.01033499321287851,1269.0460344022395,100493.97569890069,nine_i
