id,mu,phi,beta,H0,V0,modelname
Nagasaki29,0.0529044987311539,1.5628703336314175e-08,1004.6010180181252,1165.865525057452,101404.93881157305,zero_i
