id,mu,phi,beta,tau,S0,V0,modelname
Nagasaki42,0.0547318112698821,9.391789973179034e-08,109.99473793778196,1.286980049615628,115638.24737276965,7384.808769225782,nine_i
