id,mu,phi,beta,tau,S0,V0,modelname
Nagasaki42,0.04990097569428887,3.8664714066950137e-08,115.29772652806116,1.383875357661535,116150.7806332615,7240.421011711501,six_i
