id,mu,phi,beta,tau,S0,V0,modelname
Nagasaki42,0.03756503374914373,5.355192404148949e-09,116.36737546088615,0.014820850701743373,143947.52417750517,7880.38846052543,eight_i
