id,mu,phi,beta,tau,S0,V0,modelname
Nagasaki29,0.0501226699576914,4.7905954910612396e-08,1519.509150789338,2.8387175578030828,1385.2417144818032,96686.26243932631,four_i
