id,mu,phi,beta,tau,S0,V0,modelname
Nagasaki42,0.043356447698117626,3.19257797731025e-08,113.6530308560322,1.2241762105774794,133748.44871982903,15482.862963562404,seven_i
