id,mu,phi,beta,tau,S0,V0,modelname
Nagasaki29,0.05261847662590559,1.6129209119627448e-08,953.8716271322543,0.0056461373001291185,1221.573455974998,101906.93286689182,six_i
