id,mu,phi,beta,tau,S0,V0,modelname
Nagasaki42,0.047041964138585544,1.0292639235556687e-08,95.36894810746985,2.5179538145374365,125824.46016484778,8487.627504475207,one_i
