id,mu,phi,beta,lam,tau,modelname
Nagasaki29,0.05929630831676135,2.0447712210018768e-08,526.5724984344747,0.09821638540955119,0.6497437596684478,four_i
