id,mu,phi,beta,lam,tau,modelname
Nagasaki29,0.040884009518580594,1.0053053664785928e-08,2188.263716847294,0.04434857960058458,0.3288751292581502,five_i
