id,mu,phi,beta,tau,S0,V0,modelname
Nagasaki29,0.05415038236376352,1.8542257666801827e-08,843.4753252044363,0.5748293695607429,1318.814686561495,154116.14281166764,two_i
