id,mu,phi,beta,tau,S0,V0,modelname
Nagasaki42,0.047833667906516567,6.37514697780598e-08,120.55824146561058,1.2992223494418058,123413.32508456567,6972.284648026851,eight_i
