id,mu,phi,beta,modelname
Nagasaki42,0.05069949433325622,6.626458663107106e-09,38.732975916730574,zero_i
