id,mu,phi,beta,tau,S0,V0,modelname
Nagasaki29,0.051601145365323446,1.6335268299562502e-08,1002.8481913603832,0.04085013267445225,1221.5045710480872,103109.4455609234,five_i
