id,mu,phi,beta,lam,tau,modelname
Nagasaki29,0.056710409240836784,1.9866753124122444e-08,622.289629608679,0.05542294308632097,0.4697841987304422,four_i
