id,mu,phi,beta,tau,S0,V0,modelname
Nagasaki42,0.03886957866437307,5.450740983743541e-09,110.1124762878969,0.005798438074448366,141861.84683519995,8102.068122979374,seven_i
