id,mu,phi,beta,tau,S0,V0,modelname
Nagasaki29,0.058674972009849696,1.7474133396918095e-08,702.4059952934822,0.006723437492160025,1283.0961460414383,147620.9809839986,six_i
