id,mu,phi,beta,tau,S0,V0,modelname
Nagasaki42,0.04431345848440577,5.506612989443077e-09,79.10050176845331,0.0015040447559046992,160592.23068884408,13264.515264263462,three_i
