id,mu,phi,beta,tau,S0,V0,modelname
Nagasaki29,0.052129261008857126,1.636400486003812e-08,928.0893212919398,0.12993305462990842,1283.2873245060134,99814.7110698501,one_i
