id,mu,phi,beta,tau,S0,V0,modelname
Nagasaki29,0.053277178464997105,1.850895828285925e-08,808.5475105546467,0.22199227127218935,1408.5767611955991,140865.07712810143,four_i
