id,mu,phi,beta,tau,S0,V0,modelname
Nagasaki42,0.04237019206973572,5.299626366595425e-09,103.00213973697251,0.4537166360291678,145436.04800593367,16249.590478898628,one_i
