id,mu,phi,beta,lam,tau,modelname
Nagasaki29,0.004853403758613736,9.650261175980837e-09,7247.233620797711,0.042426776222187955,0.17133339038249354,three_i
