id,mu,phi,beta,lam,tau,modelname
Nagasaki29,0.004452826970505654,9.74712730302454e-09,6919.8998918322695,0.03343832900127506,0.18110621219218503,two_i
