id,mu,phi,beta,lam,tau,modelname
Nagasaki29,0.058595318942292356,2.0079738868326354e-08,554.8378123029512,0.06669667785053748,0.5314715782877097,two_i
