id,mu,phi,beta,tau,S0,V0,modelname
Nagasaki29,0.1770904908118346,3.513358108993598e-07,28.908674868243683,0.08908881572738843,4837.298374328359,135319.1288402841,two_i
