id,mu,phi,beta,lam,tau,S0,V0,modelname
Nagasaki29,0.05200330592072856,1.621697902728915e-08,994.997268406007,0.0001673424409121906,3.391363636472128,1223.2592707175813,103608.20084571434,five_i
