id,mu,phi,beta,lam,tau,modelname
Nagasaki42,0.05064499343699372,6.821304661281064e-09,37.98915202582456,0.0008673423148403336,33.8761021517636,five_i
