id,mu,phi,beta,H0,V0,modelname
Nagasaki42,0.06146343653004142,7.86039668350663e-09,23.388337665433305,464159.4200303395,53643.751833573886,zero_i
