id,mu,phi,beta,tau,S0,V0,modelname
Nagasaki42,0.03956740571752993,6.0692339829870535e-09,101.30233342881489,0.021428181644264768,137334.96502487123,8588.990085574214,six_i
