id,mu,phi,beta,tau,S0,V0,modelname
Nagasaki42,0.04546060389712547,1.7188147438189588e-08,122.04264942826693,1.7347793352685548,118296.35601786495,6888.315646419939,three_i
