id,mu,phi,beta,tau,S0,V0,modelname
Nagasaki29,0.05299676595215562,1.62085355436384e-08,983.0224684223621,0.016681578211948045,1164.5259058997742,106049.51901276429,eight_i
