id,mu,phi,beta,lam,tau,modelname
Nagasaki29,0.042884239784337044,8.66391702236978e-09,2130.35183447026,0.03311944417832747,0.4900476894330194,four_i
