id,mu,phi,beta,tau,S0,V0,modelname
Nagasaki29,0.05278506362395233,1.602958908786025e-08,990.2047721253691,0.07284953543994552,1182.9794376018672,103888.15460104874,two_i
