id,mu,phi,beta,tau,S0,V0,modelname
Nagasaki42,0.04386402745374077,6.555675840759509e-09,73.57440947148,0.0045124264036420485,148811.79292806523,14434.012270623434,seven_i
