id,mu,phi,beta,tau,S0,V0,modelname
Nagasaki29,0.05838688699191977,1.6682412311541417e-08,750.5280673478475,0.09942820959309871,1290.8633870994252,167936.6981205538,two_i
