id,mu,phi,beta,H0,V0,modelname
Nagasaki42,0.0392517467131665,5.2710049387907825e-09,112.54982040365446,140144.12437484317,8476.488621886172,zero_i
