id,mu,phi,beta,tau,S0,V0,modelname
Nagasaki29,0.05759216083297087,1.569839248631336e-08,808.5181083092003,0.05281054836349796,1218.6837503082352,140918.03648559417,three_i
