id,mu,phi,beta,H0,V0,modelname
Nagasaki42,0.03972409222087036,5.4139058001958436e-09,105.83327260800336,142657.52082980206,8707.367705567272,zero_i
