id,mu,phi,beta,tau,S0,V0,modelname
Nagasaki29,0.05267578189436038,1.531743276995684e-08,1020.53828581448,0.0075819273958849685,1187.9898615659374,99948.36647605972,five_i
