id,mu,phi,beta,tau,S0,V0,modelname
Nagasaki29,0.0518604095071877,1.5912940669182117e-08,1002.6508950874895,0.05834075782290719,1196.4325366441326,93127.07922826035,two_i
