id,mu,phi,beta,tau,S0,V0,modelname
Nagasaki29,0.0527448238185702,1.6326284740590345e-08,972.279679143366,0.02318970190450911,1199.1348551076826,104622.91574851288,ten_i
