id,mu,phi,beta,lam,tau,modelname
Nagasaki42,0.04725750334030293,7.013072243540589e-09,43.648754907286346,0.07448916927868016,3.8489101686911305,four_i
