id,mu,phi,beta,lam,tau,modelname
Nagasaki29,0.05686034558142733,1.9046079705605004e-08,631.1970966864569,0.02980082621139897,0.4872116748758103,two_i
