id,mu,phi,beta,tau,S0,V0,modelname
Nagasaki42,0.04978943544282311,1.0403555178825745e-08,92.43225291441746,2.4873079457467657,119835.84884301224,8190.21905356914,one_i
