id,mu,phi,beta,tau,S0,V0,modelname
Nagasaki29,0.052375438984918816,1.5921148160038278e-08,982.1272705007676,0.01900720913471067,1234.3667207083522,101690.02551805932,nine_i
