id,mu,phi,beta,tau,S0,V0,modelname
Nagasaki42,0.04864887195048986,1.4433241554407692e-08,103.57545424652511,2.028650559288729,114967.07090918257,7871.924767710584,two_i
