id,mu,phi,beta,tau,S0,V0,modelname
Nagasaki42,0.04997674242102007,3.1684680593464336e-08,110.62991685570046,1.5055976635730484,114431.78119073049,8273.671718162237,five_i
