id,mu,phi,beta,tau,S0,V0,modelname
Nagasaki42,0.04059541086463056,2.2813522566965945e-08,94.24952097273959,1.1583748732528991,164122.4572655695,14785.563156363407,six_i
