id,mu,phi,beta,tau,S0,V0,modelname
Nagasaki29,0.04943442702734735,1.6320757674453137e-08,1089.794410286557,0.0519490614654714,1253.402255890943,97199.15718955622,nine_i
