id,mu,phi,beta,tau,S0,V0,modelname
Nagasaki29,0.05853738784198602,1.8960348827773474e-08,626.8014921567626,0.04624102600122945,1307.0399278902846,139821.45528953112,five_i
