id,mu,phi,beta,tau,S0,V0,modelname
Nagasaki42,0.077505861214845,9.31525347831401e-06,37.59821366185777,1.8748123204030702,215057.78306005071,16038.457804107778,ten_i
