id,mu,phi,beta,lam,tau,S0,V0,modelname
Nagasaki29,0.07005971033322608,3.6104601464407947e-07,12.03135944029532,0.007981314609521681,0.6341622168842215,542.6029018160864,671420.7037856507,two_i
