id,mu,phi,beta,lam,tau,modelname
Nagasaki29,0.05674481786137328,1.995727408423354e-08,620.1385126298197,0.028995315947028203,0.45409888002351134,three_i
