id,mu,phi,beta,tau,S0,V0,modelname
Nagasaki42,0.05529943411696275,1.369104982630675e-07,111.10661264856748,1.2940314932964585,115495.24681281224,7748.233691007863,ten_i
