id,mu,phi,beta,lam,tau,modelname
Nagasaki29,0.05829715949461329,2.1085726433062442e-08,559.0862281611475,0.05627872046578587,0.46792845410769257,three_i
