id,mu,phi,beta,tau,S0,V0,modelname
Nagasaki29,0.059077146734145415,1.775738887492377e-08,698.6793570925028,0.05096901528401335,1249.5923655688898,160794.8543748899,eight_i
