id,mu,phi,beta,tau,S0,V0,modelname
Nagasaki42,0.04569198294521259,5.8648548115993394e-09,80.70177886351458,0.0026632089425630673,141012.03650195574,16050.861106445192,five_i
