id,mu,phi,beta,lam,modelname
Nagasaki42,0.05055480357156925,6.678638224980279e-09,38.78223151312315,65.63249559911321,one_i
