id,mu,phi,beta,H0,V0,modelname
Nagasaki29,0.058750100437512026,1.768933980922721e-08,709.393363448096,1218.9617742333521,141683.5409765261,zero_i
