id,mu,phi,beta,tau,S0,V0,modelname
Nagasaki29,0.10703468019831847,1.601198376467866e-07,90.12462022204562,1.0506472707303711,673.6501202544636,1046064.3290936919,five_i
