id,mu,phi,beta,tau,S0,V0,modelname
Nagasaki42,0.04812600030146972,1.8390273653615782e-08,109.81918745743076,1.7534791926308586,118848.71525669271,7174.473750343264,three_i
