id,mu,phi,beta,tau,S0,V0,modelname
Nagasaki42,0.0989452659872342,1.0748302085177446e-05,28.568372915572905,1.9837633683864624,184434.03266951925,18850.487559643327,nine_i
