id,mu,phi,beta,tau,S0,V0,modelname
Nagasaki29,0.05332893704633948,1.6859504133129837e-08,891.6289582387097,0.06874220854195258,1232.5058717001518,103255.66939962153,three_i
