id,mu,phi,beta,tau,S0,V0,modelname
Nagasaki42,0.04053525946115992,5.528256944113409e-09,102.06247376030632,0.011508311699545656,143851.41715895745,9143.700737843325,seven_i
