id,mu,phi,beta,tau,S0,V0,modelname
Nagasaki29,0.06725774334983578,2.2892003574969262e-08,311.86977481812687,0.018378494166114652,1633.3206297771567,177595.96071224587,ten_i
