id,mu,phi,beta,lam,tau,modelname
Nagasaki29,0.0568867380328925,1.9339983746687595e-08,616.3775482316059,0.10580954240700681,0.5319521369894492,three_i
