id,mu,phi,beta,tau,S0,V0,modelname
Nagasaki29,0.05185388787960863,1.5696411939869918e-08,1011.6413210395461,0.004652297595631747,1215.2077146748263,100145.66203456458,eight_i
