id,mu,phi,beta,tau,S0,V0,modelname
Nagasaki29,0.05438375263725459,1.6085672193194177e-08,880.3346455297827,0.012442844666702316,1273.4232368241985,133712.95889693513,one_i
