id,mu,phi,beta,tau,S0,V0,modelname
Nagasaki29,0.05222347727548677,1.5636633790933835e-08,1034.3394496753638,0.136370409768641,1184.8633465303576,103762.03493815179,one_i
