id,mu,phi,beta,lam,modelname
Nagasaki42,0.04773800482123132,6.9924212595995635e-09,43.26042201138618,2.189262514877434,one_i
