id,mu,phi,beta,tau,S0,V0,modelname
Nagasaki42,0.05657551800771075,1.5824737431463638e-07,102.61883437026094,1.320812146824351,114790.15447688097,7805.341656271582,ten_i
