id,mu,phi,beta,lam,S0,V0,modelname
Nagasaki29,0.08241103872771506,3.923932360194241e-08,156.43665217781827,54.795425503639464,1249.4939212900376,200159.86942399517,one_i
