id,mu,phi,beta,lam,tau,modelname
Nagasaki42,0.050262857389039656,6.7601343182721555e-09,38.79059779153478,0.00398385784407606,43.21061306228559,three_i
