id,mu,phi,beta,tau,S0,V0,modelname
Nagasaki29,0.05244756396165694,1.576289424585639e-08,1039.2104293723146,0.10903510908632208,1163.645107389654,103974.45297838133,two_i
