id,mu,phi,beta,tau,S0,V0,modelname
Nagasaki42,0.04317465844417743,5.801382196518838e-09,83.27781999405667,0.01117354079593344,147666.96259080016,14325.58800085095,one_i
