id,mu,phi,beta,tau,S0,V0,modelname
Nagasaki29,0.053975391918525864,1.496165142129107e-08,912.2369965809584,0.014014876605535718,1353.1447818725135,137446.33249490868,six_i
