id,mu,phi,beta,tau,S0,V0,modelname
Nagasaki42,0.03989013412173062,5.635504533139386e-09,103.98245805082344,0.015710575975624946,142472.86341655318,8850.68148020963,six_i
