id,mu,phi,beta,tau,S0,V0,modelname
Nagasaki29,0.049783731106128284,1.6669462106315304e-08,1039.5908089745997,0.058820681374120734,1299.7437076580297,101923.5179823686,ten_i
