id,mu,phi,beta,tau,S0,V0,modelname
Nagasaki29,0.053553855398579514,1.6935248487460968e-08,883.2672147959732,0.028577973586380156,1215.9523018612108,101861.49378822588,four_i
