id,mu,phi,beta,tau,S0,V0,modelname
Nagasaki29,0.06180974364548111,1.538086526737318e-07,1866.8859904580772,2.184202868180904,1372.143224338866,103227.35582572642,ten_i
