id,mu,phi,beta,lam,tau,modelname
Nagasaki42,0.050488146378823824,6.613352044243077e-09,39.30902246889048,0.0018147061891696308,38.34164720731726,four_i
