id,mu,phi,beta,lam,tau,modelname
Nagasaki29,0.05887573875378424,2.1114103985753207e-08,531.4136621806327,0.08056183101510218,0.5559058834943508,four_i
