id,mu,phi,beta,tau,S0,V0,modelname
Nagasaki42,0.039790285537644195,4.294724942302708e-08,87.80314602421807,0.9805735172543468,177190.163480354,16030.868497503603,ten_i
