id,mu,phi,beta,lam,tau,modelname
Nagasaki29,0.05408328684790791,2.0216173104460655e-08,687.0678852324404,0.2598544276835214,0.5477524804456575,five_i
