id,mu,phi,beta,tau,S0,V0,modelname
Nagasaki29,0.05942988397231703,1.3758552119112063e-07,1874.9570817251122,2.1180588760495214,1333.341927181175,104916.57647172787,ten_i
