id,mu,phi,beta,H0,V0,modelname
Nagasaki29,0.07845041690440524,6.386524491634787e-08,103.17618257911046,7490.147380706705,651253.1902796514,zero_i
