id,mu,phi,beta,tau,S0,V0,modelname
Nagasaki42,0.0449301519907137,5.791090143840126e-09,82.3817613548679,0.0004026351262875461,142563.77455876186,15375.137541868728,five_i
