id,mu,phi,beta,lam,tau,modelname
Nagasaki29,0.056816442031478204,1.9759343523223063e-08,620.4873327916038,0.170492369150813,0.4728716696207674,two_i
