id,mu,phi,beta,tau,S0,V0,modelname
Nagasaki42,0.08418993986409018,1.115367274923596e-05,35.08115842169339,1.9025248059688629,197480.19923254105,19988.846213239776,ten_i
