id,mu,phi,beta,tau,S0,V0,modelname
Nagasaki29,0.05240847616291096,1.6370536534192603e-08,979.781257516752,0.07835484380921008,1225.4067052588075,109386.51586712411,six_i
