id,mu,phi,beta,H0,V0,modelname
Nagasaki42,0.04092861798905576,5.371912347314718e-09,106.54048993635853,138117.48024324878,9047.746304308066,zero_i
