id,mu,phi,beta,tau,S0,V0,modelname
Nagasaki42,0.04760476492196933,5.893235629869812e-08,125.89430724466855,1.288027136328726,124490.95626985077,7126.579592388802,eight_i
