id,mu,phi,beta,lam,tau,modelname
Nagasaki42,0.05035432887482915,6.737329100824131e-09,38.96673959277921,4.043993319327121e-05,18.955824326831586,three_i
