id,mu,phi,beta,tau,S0,V0,modelname
Nagasaki29,0.05089560022332994,1.5859830873751576e-08,1075.949374524374,0.012427026436531851,1181.225857039983,92713.94121531537,eight_i
