id,mu,phi,beta,lam,tau,S0,V0,modelname
Nagasaki42,0.04904049342686757,1.023427890966994e-08,96.71731660517351,0.008201298954229108,0.4030704074410223,117310.26383882618,8308.40169715112,two_i
