id,mu,phi,beta,tau,S0,V0,modelname
Nagasaki42,0.012353272756797852,2.862627032742938e-08,23.13699469981989,1.1324110385303225,106865.97404204322,9452.251319520226,five_i
