id,mu,phi,beta,H0,V0,modelname
Nagasaki42,0.040396892243907995,5.525641366169062e-09,101.89855730607799,142305.8447318273,8796.984029493671,zero_i
