id,mu,phi,beta,H0,V0,modelname
Nagasaki29,0.05156810771706585,1.518107081418184e-08,1047.3424083080215,1217.2359743874158,98271.98507274549,zero_i
