id,mu,phi,beta,tau,S0,V0,modelname
Nagasaki42,0.08979692661802478,9.892917398297602e-06,28.514674682012885,1.9840374039385518,201611.00706908188,18293.447339590344,nine_i
