id,mu,phi,beta,lam,tau,S0,V0,modelname
Nagasaki29,0.05256072633630786,1.6007854674745317e-08,983.594302059242,3.243692222000692e-05,10.054833292684043,1201.479926975998,100132.96967694112,four_i
