id,mu,phi,beta,tau,S0,V0,modelname
Nagasaki42,0.03887060608956551,5.556851716182283e-09,110.13776166483282,0.03499811771121076,142500.62454570926,9156.153060392882,five_i
