id,mu,phi,beta,tau,S0,V0,modelname
Nagasaki42,0.0392357656427218,5.192850124754159e-09,110.52310685563118,0.0174868407413037,146408.18280859807,9222.972929994688,four_i
