id,mu,phi,beta,lam,tau,modelname
Nagasaki29,0.05790120209831995,2.065535275943939e-08,571.9467913448027,0.028135429596893996,0.4812491610824191,three_i
