id,mu,phi,beta,tau,S0,V0,modelname
Nagasaki29,0.05490850464054161,4.046792125811619e-08,792.1347183069498,2.8519900516904335,1653.8239447147114,171980.39141299113,three_i
