id,mu,phi,beta,lam,tau,modelname
Nagasaki42,0.05070867019715333,6.790820779264944e-09,37.951921939184864,0.00012136329274414687,46.665222191715635,two_i
