id,mu,phi,beta,tau,S0,V0,modelname
Nagasaki29,0.05277375803188555,1.737449425209952e-08,892.0413879159853,0.173261873028089,1227.4300238553508,99029.56803235071,one_i
