id,mu,phi,beta,tau,S0,V0,modelname
Nagasaki29,0.05238253553354066,7.710750506979919e-08,1875.7149078038092,2.355849097237912,1368.5472243497416,96543.3694258515,seven_i
