id,mu,phi,beta,lam,tau,modelname
Nagasaki42,0.05032812389952896,6.66564166249058e-09,39.31821316559661,0.0054329647929457475,22.66044569440507,four_i
