id,mu,phi,beta,modelname
Nagasaki29,0.05291550420968438,9.021398725910895e-09,1179.1940347800853,zero_i
