id,mu,phi,beta,tau,S0,V0,modelname
Nagasaki29,0.059093625204893835,1.1388075826799552e-07,1792.7273148268503,2.1771104557059413,1359.438556503637,105113.86955610159,nine_i
