id,mu,phi,beta,H0,V0,modelname
Nagasaki42,0.03944386950461584,5.115507378216347e-09,114.33168629620633,141449.2319221787,8603.991645049598,zero_i
