id,mu,phi,beta,tau,S0,V0,modelname
Nagasaki42,0.04702870573039526,2.1712282159267417e-08,125.75184335795964,1.5922083461748366,116890.1652507014,7734.928307710711,four_i
