id,mu,phi,beta,lam,tau,modelname
Nagasaki42,0.050374544889793746,6.670529453518315e-09,39.138263245660355,0.0022816153104943575,27.305075139930086,five_i
