id,mu,phi,beta,modelname
Nagasaki29,0.00741100722163647,1.3834392364441045e-09,43.881301410802166,zero_i
