id,mu,phi,beta,lam,tau,modelname
Nagasaki42,0.04840611628868897,6.849828021991256e-09,43.34027061820807,0.019051592896948064,2.647962583954568,three_i
