id,mu,phi,beta,tau,S0,V0,modelname
Nagasaki42,0.04696547559498479,1.4433867982662837e-08,101.3715774051705,2.0130433775062477,120860.46857929969,7738.351313560586,two_i
