id,mu,phi,beta,tau,S0,V0,modelname
Nagasaki42,0.04530874687790291,6.596776176186811e-09,66.43067982035598,0.023130737334893476,159914.88290439456,14031.54194656879,four_i
