id,mu,phi,beta,tau,S0,V0,modelname
Nagasaki42,0.045962577326369,6.020674460155169e-09,77.27252835583235,0.017861875823828328,146593.82519888628,16852.182356019264,seven_i
