id,mu,phi,beta,tau,S0,V0,modelname
Nagasaki29,0.05441611291924528,7.904487697577749e-08,1713.8745646110767,2.3068174474342826,1290.4017379137836,97578.48354873713,seven_i
