id,mu,phi,beta,tau,S0,V0,modelname
Nagasaki29,0.05394648651093044,1.9004709225028246e-08,714.6326049459382,0.05155197290215579,1447.6259774530304,128813.19662318038,eight_i
