id,mu,phi,beta,tau,S0,V0,modelname
Nagasaki42,0.04910675974201311,7.08098083976222e-08,123.24747550168682,1.3510822107110976,119087.13721321883,7030.627423098967,eight_i
