id,mu,phi,beta,tau,S0,V0,modelname
Nagasaki29,0.05678609829569887,1.908061256420851e-08,653.3807420133089,0.059623231242864505,1406.075506652143,138666.91943265006,ten_i
