id,mu,phi,beta,tau,S0,V0,modelname
Nagasaki42,0.046082699403387474,5.80146129136391e-09,77.97569584699563,0.0031507817826025783,146915.75387797834,14844.201234725286,three_i
