id,mu,phi,beta,H0,V0,modelname
Nagasaki29,0.05754756041022027,1.595646163843898e-08,755.567066397005,1335.0613835480574,145570.03817686482,zero_i
