id,mu,phi,beta,tau,S0,V0,modelname
Nagasaki42,0.04522020833472398,6.407312625617531e-09,66.83788150584785,0.0033332092291099946,158429.32756190107,13671.623166943875,two_i
