id,mu,phi,beta,lam,modelname
Nagasaki42,0.04636152408500988,8.12707930214138e-09,42.590837806579586,0.9774252307081133,one_i
