id,mu,phi,beta,lam,tau,modelname
Nagasaki42,0.05029108414445575,6.7843999493888035e-09,38.938646049491446,0.00039149362452541275,12.083277610710033,two_i
