id,mu,phi,beta,tau,S0,V0,modelname
Nagasaki29,0.05475283930955477,1.4152204682311206e-08,976.0657748668625,0.014878994687651931,1289.2203420176386,137408.7350825176,five_i
