id,mu,phi,beta,tau,S0,V0,modelname
Nagasaki29,0.055697787833510794,1.593257235028928e-08,827.1521270300111,0.14861353425010024,1301.2550330698093,138641.92777851838,one_i
