id,mu,phi,beta,tau,S0,V0,modelname
Nagasaki42,0.041144369279732175,4.5317554559942716e-08,104.43024400243897,1.2534190755465902,155404.69856740796,16076.403121490279,eight_i
