id,mu,phi,beta,tau,S0,V0,modelname
Nagasaki42,0.05029236087178565,2.0154999206423015e-08,106.18324947319753,1.8254182667134384,114478.62235634928,7214.868779485933,three_i
