id,mu,phi,beta,tau,S0,V0,modelname
Nagasaki42,0.04993582083637433,4.709297434294996e-08,126.17639910810907,1.339147397701528,112700.00025321865,7650.66910675176,seven_i
