id,mu,phi,beta,H0,V0,modelname
Nagasaki29,0.0526389303630206,1.5816614673864583e-08,992.7696071499157,1194.4286632634164,103830.38624643933,zero_i
