id,mu,phi,beta,tau,S0,V0,modelname
Nagasaki42,0.046028700289204805,2.22435969932415e-08,114.38288261953785,1.5721926808748325,125124.67671538172,7433.713090904059,four_i
