id,mu,phi,beta,tau,S0,V0,modelname
Nagasaki42,0.046569958063180004,6.125871961733279e-09,72.24763940064194,0.0005387024752372016,145062.25194045767,15319.870048812396,six_i
