id,mu,phi,beta,H0,V0,modelname
Nagasaki42,0.048922025562245876,6.180175110477483e-09,62.555084801171006,157141.39585636446,19171.334991122818,zero_i
