id,mu,phi,beta,H0,V0,modelname
Nagasaki42,0.04033321560914866,5.2325626055252166e-09,104.7254141524882,147846.06186362737,8849.027827344185,zero_i
