id,mu,phi,beta,tau,S0,V0,modelname
Nagasaki42,0.010731477645344765,7.918296470552963e-09,13.556617283240262,0.028586073507289266,175202.5296445821,4778.717763593844,nine_i
