id,mu,phi,beta,lam,modelname
Nagasaki29,0.05752239628602672,1.969160361651637e-08,596.547760140137,0.4928724435913657,one_i
