id,mu,phi,beta,tau,S0,V0,modelname
Nagasaki29,0.057431148051379194,2.6759557456644637e-08,606.6107243360653,3.596151866195536,1701.8821410951437,172307.4758088976,one_i
