id,mu,phi,beta,tau,S0,V0,modelname
Nagasaki29,0.0523830586037634,1.6416330455900107e-08,936.2018331344179,0.3125077465482092,1276.706939202415,106278.63860149,one_i
