id,mu,phi,beta,tau,S0,V0,modelname
Nagasaki42,0.04953607991637591,1.453041688985335e-08,105.82064256390045,2.0572291813081796,113230.34857161724,7560.618661076236,two_i
