id,mu,phi,beta,tau,S0,V0,modelname
Nagasaki29,0.11894307019103728,3.039919596416983e-07,447.85109527580926,2.4900149386004977,1746.2436547367029,174496.21291105918,nine_i
