id,mu,phi,beta,tau,S0,V0,modelname
Nagasaki42,0.04549140889361921,5.775023725888856e-09,79.58378374849039,0.006297308078079863,146524.7184658011,15047.345186031884,eight_i
