id,mu,phi,beta,tau,S0,V0,modelname
Nagasaki42,0.04931871107502125,1.3929083077279028e-08,108.31242370902386,1.9752945883331665,108553.08633962597,8113.778538619575,two_i
