id,mu,phi,beta,tau,S0,V0,modelname
Nagasaki29,0.05334822791820092,1.6094607299390095e-08,914.147857107096,0.014141185377521678,1259.4415983945335,109715.01316493558,eight_i
