id,mu,phi,beta,tau,S0,V0,modelname
Nagasaki29,0.05382294571705134,1.7326723879157997e-08,807.9466918361755,0.022601840114938133,1364.792716793891,130447.2451527905,nine_i
