id,mu,phi,beta,lam,tau,modelname
Nagasaki42,0.04631489261558594,7.171078799572005e-09,45.09702891752824,0.04559768185462562,2.012004290067376,four_i
