id,mu,phi,beta,lam,tau,S0,V0,modelname
Nagasaki42,0.04925500347246596,1.056270742323379e-08,94.54869257322939,0.0008981374644192272,0.394853852841351,118424.14100771147,8243.786382425898,four_i
