id,mu,phi,beta,lam,tau,modelname
Nagasaki42,0.04517465691233237,8.133647672640785e-09,42.96560390412783,0.047664782891429155,1.3565736438526763,five_i
