id,mu,phi,beta,lam,tau,modelname
Nagasaki29,0.05104034967696981,2.12512817167533e-08,781.6806183071146,0.8239084126029325,1.4564681567652606,five_i
