id,mu,phi,beta,tau,S0,V0,modelname
Nissimov2020b,0.007750652450364727,5.198618893740302e-10,32.46681079372337,0.49544602629545736,3122438.3894048957,2570940.892518466,two_i
