id,mu,phi,beta,tau,S0,V0,modelname
Nissimov2020c,0.002476717158404478,2.8856256587181582e-08,139.40018543689695,14.181306862506739,1617208.835032748,3906297.099697689,two_i
