id,mu,phi,beta,tau,S0,V0,modelname
Nissimov2020b,0.0032031104061496,4.767614037550225e-10,45.44272776218712,0.2746611661233735,3041747.9367512716,2657910.6613897914,ten_i
