id,mu,phi,beta,tau,S0,V0,modelname
Nissimov2020a,0.006520808839416743,9.108988846613242e-10,53.83791962246334,2.7710105330393584,3073181.1302877693,4574828.732211088,nine_i
