id,mu,phi,beta,tau,S0,V0,modelname
Nissimov2020a,0.015825727050035404,5.350362595359482e-10,20.474411104002908,0.00480041065010065,2839210.358173734,3636973.728245491,eight_i
