id,mu,phi,beta,H0,V0,modelname
Nissimov2020b,0.00783908405945501,5.142126341503118e-10,31.600257389786076,3161066.772097167,2365173.0831429698,zero_i
