id,mu,phi,beta,tau,S0,V0,modelname
Nissimov2020b,0.020696105046477797,8.214122777136236e-09,32.89625471425126,9.670708071911934,2938318.5710454797,3507110.211789082,four_i
