id,mu,phi,beta,tau,S0,V0,modelname
Nissimov2020b,0.020032371617763126,7.418827490681712e-09,35.391600047669435,9.47178504065963,2800061.2837173734,3374129.4153076806,four_i
