id,mu,phi,beta,tau,S0,V0,modelname
Nissimov2020c,0.007225996261024561,4.037260722171751e-09,126.43085712974137,18.501128946718204,1612285.5437224254,3821994.4975745818,one_i
