id,mu,phi,beta,tau,S0,V0,modelname
Nissimov2020a,0.01188170836882183,5.563522594278741e-10,27.269180008672805,1.7416191331456394,3007997.381830058,3703159.9746971186,three_i
