id,mu,phi,beta,tau,S0,V0,modelname
Nissimov2020a,0.016070894461403935,5.361942900501729e-10,20.513080968685674,0.0028669279600977075,2793617.497558951,3592986.5223374395,two_i
