id,mu,phi,beta,tau,S0,V0,modelname
Nissimov2020a,0.015377684806298192,5.217865389047839e-10,21.07769413065882,0.0023123184031527866,2871346.587979149,3581362.275188026,seven_i
