id,mu,phi,beta,tau,S0,V0,modelname
Nissimov2020c,0.02014730034315493,2.5824388428682898e-06,209.3906512078495,8.49759659268028,1418744.439573884,5734896.476564821,five_i
