id,mu,phi,beta,tau,S0,V0,modelname
Nissimov2020c,0.009361180797516059,1.2612696666842153e-07,304.8073214414476,5.302665558437138,1510104.4033784887,6241857.5017059725,nine_i
