id,mu,phi,beta,tau,S0,V0,modelname
Nissimov2020b,0.021928135679453235,1.92644571724602e-09,24.598656190105626,16.404933291991764,2544508.082442589,2532018.381355738,one_i
