id,mu,phi,beta,H0,V0,modelname
Nissimov2020c,0.0024999644575496643,5.180353636660978e-10,92.80666639930503,1678543.9017612396,5626348.090249235,zero_i
