id,mu,phi,beta,tau,S0,V0,modelname
Nissimov2020c,0.00020367771267680964,4.274675983494275e-10,130.85880280511864,0.004043271984885564,1561287.294080031,5343387.501433882,ten_i
