id,mu,phi,beta,tau,S0,V0,modelname
Nissimov2020c,0.02216091992481942,2.9164179545815015e-07,162.19619297932965,9.57653510107172,1562616.5768173547,5292004.894544009,four_i
