id,mu,phi,beta,H0,V0,modelname
Nissimov2020a,0.016484125259551667,5.439855459403648e-10,20.41839745202139,2712574.8782737297,3661835.4789071768,zero_i
