id,mu,phi,beta,tau,S0,V0,modelname
Nissimov2020c,0.0014298876237732415,4.441277451801448e-09,126.47339651606447,18.50147826454513,1706322.46858776,3545906.497705064,one_i
