id,mu,phi,beta,tau,S0,V0,modelname
Nissimov2020b,0.034557752516270135,8.405751209216959e-09,24.67286011183979,11.029882509693852,2577084.637880547,2979513.2539752987,three_i
