id,mu,phi,beta,tau,S0,V0,modelname
Nissimov2020b,0.01975852122023656,1.8077041774906116e-09,24.683004606498617,16.55634504189589,2738217.082290265,2591861.2412354085,one_i
