id,mu,phi,beta,tau,S0,V0,modelname
Nissimov2020a,0.015497691644814167,5.230446573435972e-10,21.323053384284563,0.00040218199750282344,2805604.7321877736,3611196.8991394234,six_i
