id,mu,phi,beta,tau,S0,V0,modelname
Nissimov2020a,0.01514886277115787,5.275474178360656e-10,21.09192700331081,0.0018927587264168896,2858219.5289032166,3584750.061273901,seven_i
