id,mu,phi,beta,tau,S0,V0,modelname
Nissimov2020a,0.014983752086466566,5.090912058255296e-10,21.875705311773928,0.0016236538125649303,2881250.2140664263,3560739.6207158645,eight_i
