id,mu,phi,beta,tau,S0,V0,modelname
Nissimov2020b,0.014423170264802174,1.0902871429980419e-08,45.47335100417113,7.479273316668475,2903000.982178498,3443146.724152107,six_i
