id,mu,phi,beta,tau,S0,V0,modelname
Nissimov2020c,0.013598962793793877,1.393888003927685e-07,229.20159176231056,6.440087264267903,1466706.225035388,5670784.312399231,seven_i
