id,mu,phi,beta,tau,S0,V0,modelname
Nissimov2020b,0.013555489235624957,1.2539118861410672e-08,51.39546394912243,6.221090837409884,2877437.4361103605,4261772.340585368,eight_i
