id,mu,phi,beta,tau,S0,V0,modelname
Nissimov2020b,0.011169354585280086,6.659892614784888e-09,43.818325915703895,8.083869632560633,3131342.2083271127,3518770.434690119,five_i
