id,mu,phi,beta,tau,S0,V0,modelname
Nissimov2020c,0.1489947343464978,6.521312065039334e-06,178.30336885973244,9.789577369553681,1458746.01195832,5376753.245800822,four_i
