id,mu,phi,beta,tau,S0,V0,modelname
Nissimov2020a,0.01539568630291765,5.235579982068327e-10,21.043261149145067,0.0015190365985683892,2881061.709414477,3537681.84660566,four_i
