id,mu,phi,beta,tau,S0,V0,modelname
Nissimov2020a,0.01574670442317347,5.343080561898417e-10,20.644482943599566,0.002917735880661647,2820938.1749507054,3624108.1326242466,three_i
