id,mu,phi,beta,tau,S0,V0,modelname
Nissimov2020a,0.015258101756379625,5.192546744477271e-10,21.34901134229962,0.0017792393261774492,2883874.0282685845,3570131.61156199,five_i
