id,mu,phi,beta,tau,S0,V0,modelname
Nissimov2020b,0.020322571744825484,1.8710164215157917e-09,24.590688409384676,16.609362510239187,2704927.9835789762,2572652.422752405,one_i
