id,mu,phi,beta,H0,V0,modelname
Nissimov2020b,0.009040279176486352,5.277136965690839e-10,30.830646908595522,3029313.76225311,2496059.5440532444,zero_i
