id,mu,phi,beta,H0,V0,modelname
Nissimov2020a,0.015266871745107446,5.237432986990225e-10,21.14912306442924,2858848.4981306912,3593692.040312837,zero_i
