id,mu,phi,beta,tau,S0,V0,modelname
Nissimov2020b,0.007952737712812241,5.157297833871638e-10,31.350029172673143,0.0006787729952392538,3144212.540028425,2397626.227182435,ten_i
