id,mu,phi,beta,tau,S0,V0,modelname
Nissimov2020c,0.0006905141717672571,4.178402279411113e-10,140.58047603886408,0.0022664978174129326,1467739.0724930821,5212953.043364534,eight_i
