id,mu,phi,beta,tau,S0,V0,modelname
Nissimov2020c,0.012652021949332033,3.1459392423024516e-08,115.92405953643922,14.052173988189578,1744721.4313941593,4170394.754588328,two_i
