id,mu,phi,beta,tau,S0,V0,modelname
Nissimov2020a,0.009344157433825839,5.257387318438099e-10,31.714123482815175,0.9970804446057067,3161670.10709005,3708173.2757778675,six_i
