id,mu,phi,beta,tau,S0,V0,modelname
Nissimov2020c,0.002214192923401879,5.223383576285215e-10,95.14994274207643,0.04915493233314073,1687499.7332880283,5422482.63273677,ten_i
