id,mu,phi,beta,tau,S0,V0,modelname
Nissimov2020a,0.015289285423717578,5.21086842743843e-10,21.365777069157048,0.005043782583875572,2838431.7648126152,3572945.3912614174,one_i
