id,mu,phi,beta,tau,S0,V0,modelname
Nissimov2020c,0.006214687903330526,7.891754391169428e-06,185.6152939281472,9.878833699276178,1475609.848156444,5338201.577926124,four_i
