id,mu,phi,beta,tau,S0,V0,modelname
Nissimov2020c,0.0018652695026180547,4.690263005391412e-09,128.54863649351805,18.519362796992276,1695089.4981656924,3291174.027969222,one_i
