id,mu,phi,beta,tau,S0,V0,modelname
Nissimov2020b,0.01723548446919683,9.831161482959327e-09,47.16714946485115,7.337842764119411,2787593.7393733435,3552562.88197048,six_i
