id,mu,phi,beta,H0,V0,modelname
Nissimov2020c,0.0021574880626588707,4.762801768018477e-10,108.86463922526347,1566056.4384808124,5601776.673882006,zero_i
