id,mu,phi,beta,tau,S0,V0,modelname
Nissimov2020b,0.06346765994561782,1.5476450919558133e-07,60.95655886212047,7.0326773769083095,2750021.1660637367,5916481.175691775,ten_i
