id,mu,phi,beta,tau,S0,V0,modelname
Nissimov2020c,0.013201862352333834,6.209025632818611e-09,88.12194786498598,18.126227776964473,1934074.3219929098,3937445.3128449414,one_i
