id,mu,phi,beta,tau,S0,V0,modelname
Nissimov2020c,0.027848067519758726,7.661189015549963e-06,310.74738855301183,5.479570327498687,1292338.0766446586,6294168.284095276,nine_i
