id,mu,phi,beta,tau,S0,V0,modelname
Nissimov2020b,0.006838299656836059,5.332032142559642e-10,33.85242392543809,0.2274875180415708,3204295.2770832865,2569908.524964495,nine_i
