id,mu,phi,beta,H0,V0,modelname
Nissimov2020c,0.000438070145373395,4.2420207675710624e-10,136.0720683159178,1462301.2263295173,5544682.922669631,zero_i
