id,mu,phi,beta,H0,V0,modelname
Nissimov2020b,0.010649401238528873,5.769920639071092e-10,27.519393742557714,2971514.8185683456,2422208.8283787873,zero_i
