id,mu,phi,beta,tau,S0,V0,modelname
Nissimov2020c,0.012712649166122601,2.388366755308805e-06,237.8876950205891,7.466600935658109,1387167.2747758988,5931486.164972931,six_i
