id,mu,phi,beta,tau,S0,V0,modelname
Nissimov2020c,0.035349278377761514,5.258221988122e-07,279.6662474645894,4.98842697028212,1405466.3354753172,6456477.957887009,ten_i
