id,mu,phi,beta,tau,S0,V0,modelname
Nissimov2020a,0.014645348246781488,5.734877923987214e-10,21.735037923713257,0.33546736761608215,2844160.8805179046,3898139.1180116828,six_i
