id,mu,phi,beta,H0,V0,modelname
Nissimov2020a,0.013943905511104334,5.126631682563104e-10,22.308927665658985,2906960.4141995213,3480690.260932339,zero_i
