id,mu,phi,beta,tau,S0,V0,modelname
Nissimov2020a,0.012957184093940331,5.175545610189587e-10,28.390060912104143,1.0928727972873735,2793965.600601267,3972946.7035348928,four_i
