id,mu,phi,beta,tau,S0,V0,modelname
Nissimov2020a,0.014611618547458013,5.729510758465727e-10,20.36329269212124,0.23212014552760343,3074832.4037458356,3822550.4100128007,nine_i
