id,mu,phi,beta,tau,S0,V0,modelname
Nissimov2020c,0.05255513849357836,3.9616715266319543e-07,285.75790662641765,5.818693872049471,1434298.0550249005,5707729.8328082515,eight_i
