id,mu,phi,beta,tau,S0,V0,modelname
Nissimov2020b,0.007317377680444778,5.185209453468763e-10,32.33670533449827,0.03074689427684173,3165555.2511958047,2321345.0067156805,eight_i
