id,mu,phi,beta,tau,S0,V0,modelname
Nissimov2020c,0.0021792544132440543,2.3285028011347342e-08,137.6751341993933,13.856167148526062,1614229.1221287851,3835808.656548693,two_i
