id,mu,phi,beta,tau,S0,V0,modelname
Nissimov2020a,0.01579875367883532,5.297803861628575e-10,20.68350661550317,0.0075660492890174515,2831300.8709315127,3631593.1481276476,one_i
