id,mu,phi,beta,tau,S0,V0,modelname
Nissimov2020c,0.00784605046036517,1.75078350256939e-07,157.03588713875448,11.667727818417285,1489168.984408765,4809069.794878609,three_i
