id,mu,phi,beta,tau,S0,V0,modelname
Nissimov2020b,0.09224191985628265,1.4774006174516358e-07,56.42006643845273,7.59884666427339,2835384.9255832583,5915522.605249509,nine_i
