id,mu,phi,beta,tau,S0,V0,modelname
Nissimov2020c,0.039204222574337734,2.7034973749810395e-07,129.57587167679435,11.514022738078596,1674950.8624303255,4717332.884721933,three_i
