id,mu,phi,beta,tau,S0,V0,modelname
Nissimov2020b,0.01851505855926039,5.075101055912231e-09,33.69751133306033,11.058004451050511,2839799.2894616295,3113421.5677132686,three_i
