id,mu,phi,beta,tau,S0,V0,modelname
Nissimov2020b,0.008219150598549583,5.241708054742003e-10,30.51028187928327,0.003642192784405716,3163363.18997801,2423772.4153611697,six_i
