id,mu,phi,beta,tau,S0,V0,modelname
Nissimov2020a,0.01551461940857249,5.294779346005305e-10,20.971843743670505,0.006923397961900756,2832447.274699978,3645274.855088188,ten_i
