id,mu,phi,beta,tau,S0,V0,modelname
Nissimov2020a,0.015275379020250716,5.219829960931509e-10,21.558953228840704,0.0003945175645630961,2816710.9475740213,3580906.4143484095,ten_i
