id,mu,phi,beta,tau,S0,V0,modelname
Nissimov2020c,0.024334700533854055,3.675442352956898e-06,262.94450911881535,6.592744920359966,1355385.459737597,6076866.018044494,seven_i
