id,mu,phi,beta,tau,S0,V0,modelname
Nissimov2020a,0.010966848245181958,5.403336379122056e-10,29.872950843986725,0.6524664929243458,3050072.1935569397,4126292.6908681756,ten_i
