id,mu,phi,beta,tau,S0,V0,modelname
Nissimov2020a,0.009796203898896934,5.184459780817975e-10,32.67629713589256,0.661289191501826,3059415.195401925,3850099.301797066,ten_i
