id,mu,phi,beta,H0,V0,modelname
Nissimov2020a,0.015562807149246209,5.28194246844454e-10,20.848097430109956,2862807.5173210846,3552651.9519123817,zero_i
