id,mu,phi,beta,tau,S0,V0,modelname
Nissimov2020b,0.005331087159861888,5.083330106629212e-10,38.214679884204806,0.2938219549421893,3063953.6577447937,2615224.020447262,seven_i
