id,mu,phi,beta,tau,S0,V0,modelname
Nissimov2020a,0.06491309186520812,1.9295347132272255e-08,15.1711428788997,20.90767593923114,2592732.352279314,4077546.194444226,two_i
