id,mu,phi,beta,tau,S0,V0,modelname
Nissimov2020c,0.00016939258558610262,4.4552864297574514e-10,118.41047781657974,0.0014393101237227496,1629124.0843453608,5653701.081445908,ten_i
