id,mu,phi,beta,tau,S0,V0,modelname
Nissimov2020b,0.014796482993583819,6.702497561346443e-09,41.69553175859502,9.782368016106462,2994787.4782148916,3298155.3900508704,four_i
