id,mu,phi,beta,tau,S0,V0,modelname
Nissimov2020c,0.018678200958528453,4.010156550734655e-08,111.84106396941253,13.914535345278265,1645290.7987657273,3648169.117523098,two_i
