id,mu,phi,beta,tau,S0,V0,modelname
Nissimov2020c,0.107121437862411,7.679136977124648e-07,218.52293025339233,5.899826596559894,1490323.1741349834,5977603.561335859,eight_i
