id,mu,phi,beta,tau,S0,V0,modelname
Nissimov2020a,0.015231307655418415,5.200883222393109e-10,21.472564840032835,0.005315231483686241,2846245.8863060647,3608297.876763698,nine_i
