id,mu,phi,beta,tau,S0,V0,modelname
Nissimov2020a,0.015619428330527065,5.26312535836838e-10,21.147775360863072,0.0004713025994338021,2835237.9344133856,3540404.842963867,five_i
