id,mu,phi,beta,tau,S0,V0,modelname
Nissimov2020b,0.01993865991283954,3.3252325868471087e-09,29.09549875530523,13.119345135471146,2722839.5994452313,2856827.7104482395,two_i
