id,mu,phi,beta,tau,S0,V0,modelname
Nissimov2020b,0.017745309685951165,9.914276134769565e-09,39.4018370075291,8.48392304375828,2931250.9524420006,3510154.9284512824,five_i
