id,mu,phi,beta,tau,S0,V0,modelname
Nissimov2020a,0.019509071374281515,1.1969901698541905e-09,21.71591758897239,15.701859040808339,2802740.7096003075,3716033.345191247,one_i
