id,mu,phi,beta,tau,S0,V0,modelname
Nissimov2020b,0.00766603338013064,5.085472315477828e-10,32.35228803111985,0.003104299801125199,3161176.273651121,2282999.831567644,nine_i
