id,mu,phi,beta,tau,S0,V0,modelname
Nissimov2020c,0.0017764289958711573,4.797887665688679e-10,98.88099617156767,0.03909398055399481,1746126.4586151056,5927225.162038439,seven_i
