id,mu,phi,beta,tau,S0,V0,modelname
Nissimov2020b,0.022983163705699288,4.166549036806601e-09,27.02192004251494,13.620416525210265,2832894.924718608,2699359.3599373633,two_i
