id,mu,phi,beta,tau,S0,V0,modelname
Nissimov2020c,0.01921705252767751,8.32842056001754e-08,122.06045873402672,11.126540069804228,1712393.0250074298,5096304.685788276,three_i
