id,mu,phi,beta,tau,S0,V0,modelname
Nissimov2020a,0.015052740509471266,5.198796893170879e-10,21.245107628774313,0.0021682156324768624,2904197.141597823,3587069.032055686,six_i
