id,mu,phi,beta,tau,S0,V0,modelname
Nissimov2020a,0.025692897236230448,9.275316139047863e-09,35.56240484236419,6.319541132667503,2629207.0272354847,4814961.457981575,eight_i
