id,mu,phi,beta,H0,V0,modelname
Nissimov2020b,0.008263717893689907,5.234930444636441e-10,30.990525651222136,3116661.039986055,2336460.2096102415,zero_i
