id,mu,phi,beta,tau,S0,V0,modelname
Nissimov2020a,0.01587298173225142,5.320174169690899e-10,20.706060639819345,0.0036714092483843847,2836389.3032980054,3560402.9201867827,four_i
