id,mu,phi,beta,tau,S0,V0,modelname
Nissimov2020c,0.0002930528105624515,4.3233751644305444e-10,134.42529956625933,0.0017453135137291582,1486130.3962787536,5230058.998642157,nine_i
