id,mu,phi,beta,tau,S0,V0,modelname
Nissimov2020c,0.10972671836257702,4.169404795495547e-06,207.44431904319984,8.359677242341114,1435542.8631104212,5730611.934271995,five_i
