id,mu,phi,beta,H0,V0,modelname
Nissimov2020c,0.0005354989611338365,4.2762518879550946e-10,132.43131138278932,1467714.7027396073,5861814.737690948,zero_i
