id,mu,phi,beta,tau,S0,V0,modelname
Nissimov2020c,0.11051790193371663,6.529753719568457e-07,173.21056640602916,8.184452051474999,1499213.8383100773,5934273.589567609,five_i
