id,mu,phi,beta,tau,S0,V0,modelname
Nissimov2020b,0.02137486550861263,4.8383489090533855e-09,32.90607696765913,10.669501820376839,2641993.0574324867,3043696.3102599517,three_i
