id,mu,phi,beta,tau,S0,V0,modelname
Nissimov2020a,0.015381761952627703,5.245591492547984e-10,21.075054858945713,0.002442700505476066,2858631.583201168,3607283.1496649696,three_i
