id,mu,phi,beta,tau,S0,V0,modelname
Nissimov2020b,0.02004152207953358,7.650131058874035e-09,36.53489619170905,9.564776420344048,2766509.1083540055,3287864.6144590755,four_i
