id,mu,phi,beta,tau,S0,V0,modelname
Nissimov2020a,0.014222687979284342,2.4379812357182696e-09,38.59671838285909,4.474076477673285,2955135.739344379,4837138.6541736685,eight_i
