id,mu,phi,beta,tau,S0,V0,modelname
Nissimov2020a,0.00903309690816687,5.860404392487907e-10,30.334424638347286,1.7527939617499075,3328018.6032422655,4123281.2556452993,five_i
