id,mu,phi,beta,tau,S0,V0,modelname
Nissimov2020c,0.047910982048202246,3.3526275613603475e-07,184.09950497099612,7.2789262766767235,1486114.8222026255,5956598.678784001,six_i
