id,mu,phi,beta,tau,S0,V0,modelname
Nissimov2020b,0.008490713317798512,5.202741668619377e-10,31.08691413440813,0.0004196993332166722,3111374.1197455195,2351319.7156459233,nine_i
