id,mu,phi,beta,tau,S0,V0,modelname
Nissimov2020b,0.008089392068950811,5.33089901829556e-10,30.417365535037227,0.00459304404563013,3152262.641876211,2369623.7288045003,ten_i
