id,mu,phi,beta,tau,S0,V0,modelname
Nissimov2020c,0.00042894372099312836,4.0556039258342234e-10,137.18437931637425,0.002007847862691168,1551556.028696813,5437582.161610708,eight_i
