id,mu,phi,beta,tau,S0,V0,modelname
Nissimov2020a,0.0172569446294482,3.276296232193118e-09,31.930643224801113,7.45266043491685,2917966.4762067455,4551749.266257578,five_i
