id,mu,phi,beta,tau,S0,V0,modelname
Nissimov2020a,0.015539446545480336,5.212160185484179e-10,21.264161267725054,0.006658414503490773,2822038.448627406,3624479.062087062,two_i
