id,mu,phi,beta,tau,S0,V0,modelname
Nissimov2020b,0.02019128471733282,3.361875397828436e-09,28.224212339847497,12.960348730893523,2720393.1508562556,2852078.298893369,two_i
