id,mu,phi,beta,tau,S0,V0,modelname
Nissimov2020a,0.029581475971303547,4.417868265189917e-09,24.05370486641708,11.87866348262244,2549272.757226204,4300277.959301675,three_i
