id,mu,phi,beta,tau,S0,V0,modelname
Nissimov2020b,0.008664001906259555,5.259621283584707e-10,30.40482449749319,0.0003160578510408949,3118768.9678829242,2366315.2157307505,six_i
