id,mu,phi,beta,tau,S0,V0,modelname
Nissimov2020b,0.009517238135987125,1.1971188443756204e-08,49.104187494387276,6.964006911866123,3108274.5910985875,4060687.730835482,seven_i
