id,mu,phi,beta,tau,S0,V0,modelname
Nissimov2020c,0.007458819700350007,1.2965636233028834e-07,150.96377399309964,11.510327170360283,1501863.1646047642,4803595.867677124,three_i
