id,mu,phi,beta,tau,S0,V0,modelname
Nissimov2020b,0.008134874183756769,1.0791434946259745e-08,56.37142362744214,6.238980004261111,3005917.9492202615,4330318.328021454,eight_i
