id,mu,phi,beta,tau,S0,V0,modelname
Nissimov2020b,0.00505962682255872,5.361091953188387e-10,38.59536581486683,0.34531636669481397,3022349.170404441,2665587.0939412974,eight_i
