id,mu,phi,beta,tau,S0,V0,modelname
Nissimov2020a,0.04147982887262927,4.254387589038998e-08,48.77795613943908,10.537450542842448,2995365.3178649363,6380531.478905002,seven_i
