id,mu,phi,beta,tau,S0,V0,modelname
Nissimov2020b,0.007342260419624222,5.257531928717847e-10,33.98459532146689,0.29123845632601814,3147102.0655654534,2629034.206537544,five_i
