id,mu,phi,beta,tau,S0,V0,modelname
Nissimov2020b,0.01772474158870948,9.53031617581646e-09,40.90029674842703,8.488772271764157,2854551.397794897,3576146.6229596757,five_i
