id,mu,phi,beta,tau,S0,V0,modelname
Nissimov2020b,0.030498499192638192,1.7867072512016746e-08,38.022211553906175,6.816382120150683,2657730.668520993,3946890.4658265593,seven_i
