id,mu,phi,beta,tau,S0,V0,modelname
Nissimov2020b,0.01879154124090019,4.982539347393433e-09,32.58940662436967,10.941867378893058,2812151.8529626667,3142491.523448527,three_i
