id,mu,phi,beta,tau,S0,V0,modelname
Nissimov2020a,0.02380386215792379,4.334991696998946e-09,34.058712021325654,10.136974538607634,2501593.019005322,4718043.813771394,four_i
