id,mu,phi,beta,tau,S0,V0,modelname
Nissimov2020c,0.22319511867078135,9.144421623274186e-07,221.41865175358737,5.322965378333846,1500934.1302920224,5983412.452517458,nine_i
