id,mu,phi,beta,tau,S0,V0,modelname
Nissimov2020c,0.1203706727194302,1.3168818320488302e-06,175.17293504331326,9.66402127791589,1595832.6235548651,5214089.52295153,four_i
