id,mu,phi,beta,tau,S0,V0,modelname
Nissimov2020c,0.0027945652674964618,5.125486267070034e-10,96.54389518046612,0.05679218925127214,1656800.1671221405,5578563.954435998,six_i
