id,mu,phi,beta,tau,S0,V0,modelname
Nissimov2020a,0.015455329504638956,5.43552201143154e-10,21.17319227362836,0.11193145163317783,2834237.4965926684,3894775.2731689806,seven_i
