id,mu,phi,beta,tau,S0,V0,modelname
Nissimov2020c,0.1013953362358764,7.983388294911984e-06,239.35015256488708,7.467277303370223,1376256.5043023953,5689990.813755585,six_i
