id,mu,phi,beta,tau,S0,V0,modelname
Nissimov2020b,0.007978948732793086,5.279272427414336e-10,30.699061926859486,0.000763262866186745,3160017.239568459,2369465.516187087,seven_i
