id,mu,phi,beta,tau,S0,V0,modelname
Nissimov2020a,0.015395906466173469,5.247207223717934e-10,21.141951374897218,0.0034233564356550192,2835571.401898996,3575573.7996723526,nine_i
