id,mu,phi,beta,tau,S0,V0,modelname
Nissimov2020b,0.018571840531445036,1.6929331733503618e-09,25.796023049659908,15.805228056998276,2750500.0058970987,2525844.7405214407,one_i
