id,mu,phi,beta,tau,S0,V0,modelname
Nissimov2020a,0.013942366438099776,5.075910884300005e-10,22.459780535478043,0.25075319567447996,3006791.0406943434,3491370.3221198474,one_i
