id,mu,phi,beta,tau,S0,V0,modelname
Nissimov2020c,0.02245376840395789,1.395069478169334e-07,199.9266171259597,8.183334370663081,1508745.6248858715,5450939.470838722,five_i
