id,mu,phi,beta,tau,S0,V0,modelname
Nissimov2020a,0.01629978301570896,5.4670555698233e-10,20.373820690183056,0.17329381099696986,2801648.15630878,3762247.677899271,two_i
