id,mu,phi,beta,tau,S0,V0,modelname
Nissimov2020c,0.016442348564604133,8.602741006417649e-06,274.0109481591569,6.576450652522966,1348404.2074503717,5806516.811636298,seven_i
