id,mu,phi,beta,tau,S0,V0,modelname
Sandaa26,0.11544691559724357,2.2634917705004247e-09,81.12539220361843,9.896283603522352,144138.49136420948,870550279.090229,two_i
