id,mu,phi,beta,lam,tau,modelname
Sandaa26,0.027333340468013105,3.6817721766716915e-10,646.3366526091477,0.2232061766498725,0.17103795154530987,five_i
