id,mu,phi,beta,tau,S0,V0,modelname
Sandaa26,0.18408578402775452,1.836914206595248e-09,190.05629236749658,12.009418173174021,500980.83040018135,1594978948.8614452,one_i
