id,mu,phi,beta,tau,S0,V0,modelname
Sandaa26,0.02727158135402401,5.241894509122389e-10,894.2004029525887,5.6859838098315425,347694.0086540646,88945987.78863803,two_i
