id,mu,phi,beta,tau,S0,V0,modelname
Sandaa26,0.017536375954267724,8.911647372684462e-10,1174.7627617795604,2.119322225700658,369307.5381967522,100655231.08322206,nine_i
