id,mu,phi,beta,tau,S0,V0,modelname
Sandaa26,0.04354190646290094,3.8242669518321937e-10,515.7226868296458,3.001205190312245,341516.3142608944,83154550.24832445,one_i
