id,mu,phi,beta,tau,S0,V0,modelname
Sandaa26,0.07969018408438612,4.963978581987614e-09,1429.4309875609083,4.697421730715824,341553.535218743,100419556.46766548,six_i
