id,mu,phi,beta,lam,tau,modelname
Sandaa26,0.02787021635525042,4.042835387198655e-10,691.0705920870439,0.17235567498280774,0.13207116711180827,five_i
