id,mu,phi,beta,lam,tau,S0,V0,modelname
Sandaa26,0.045684710286364026,9.812537125622299e-10,33.58893126961342,0.00028016220389398734,0.12663514728271705,418037.96255986433,268314247.82515904,five_i
