id,mu,phi,beta,tau,S0,V0,modelname
Sandaa26,0.042040672169841316,3.283899527885665e-10,544.2740215343445,0.2130736236683873,334015.93846514967,80724107.99402192,seven_i
