id,mu,phi,beta,tau,S0,V0,modelname
Sandaa26,0.20590456497884252,6.353004232875489e-07,529.1668505467969,3.3306511890386807,546518.5357823486,115606194.36150637,eight_i
