id,mu,phi,beta,lam,tau,modelname
Sandaa26,0.025735302644813534,4.394749624808739e-10,710.2617851260896,0.07707617501859483,0.10469312947237419,two_i
