id,mu,phi,beta,modelname
Sandaa26,0.05546658608981882,3.690294851691084e-10,321.12742554658996,zero_i
