id,mu,phi,beta,lam,S0,V0,modelname
Sandaa26,0.033490306602603874,5.435359470573292e-10,783.2247810902672,0.09757353959197805,343305.759926355,80570896.67415246,one_i
