id,mu,phi,beta,tau,S0,V0,modelname
Sandaa26,0.14954135108165714,7.591432551358067e-08,15.592875739668811,4.477102671532567,387233.4225538429,203811246.9503584,seven_i
