id,mu,phi,beta,tau,S0,V0,modelname
Sandaa26,0.02286207108678804,4.419482561930943e-10,868.5549563834384,4.7619237200433435,361396.1044722168,87205588.95926787,two_i
