id,mu,phi,beta,tau,S0,V0,modelname
Sandaa26,0.05175561906648528,3.815604335750044e-10,362.97176238732703,0.5366717870340516,352921.6140069758,95286556.46578537,two_i
