id,mu,phi,beta,tau,S0,V0,modelname
Sandaa26,0.024097385440027812,5.614482876892135e-10,978.4358703700321,1.9304275744318589,344004.9215616828,101780443.52196611,seven_i
