id,mu,phi,beta,tau,S0,V0,modelname
Sandaa26,0.025607191224717253,6.160436338975526e-10,908.6037653242262,1.9957646632651989,349757.01946979074,102292901.68614851,seven_i
