id,mu,phi,beta,lam,tau,S0,V0,modelname
Sandaa26,0.05875658501882984,2.328645216887662e-09,1054.3551678502586,4.41066556414497,0.091845262239529,331320.87844789156,95448349.83722734,four_i
