id,mu,phi,beta,tau,S0,V0,modelname
Sandaa26,0.016047213827671762,1.1704060807977671e-09,1252.3307551104112,4.249294045193469,359034.0293793871,96444833.50863457,five_i
