id,mu,phi,beta,tau,S0,V0,modelname
Sandaa26,0.03028020733474941,5.494715329055537e-10,814.3163355878306,10.70537925960339,344341.25364158925,75553549.7999494,one_i
