id,mu,phi,beta,lam,tau,modelname
Sandaa26,0.02476229412134833,3.7138996183923405e-10,670.1149232633126,0.021341398898492264,0.13472634592345964,five_i
