id,mu,phi,beta,tau,S0,V0,modelname
Sandaa26,0.15017681501697927,1.0911658047390244e-09,17.492913134741922,0.696503656507417,318496.7476991067,179786884.45848265,ten_i
