id,mu,phi,beta,lam,modelname
Sandaa26,0.010132610378304036,1.7116855512292596e-09,52.26443220838603,0.031437570371840654,one_i
