id,mu,phi,beta,tau,S0,V0,modelname
Sandaa26,0.03380852532743827,3.0713674283284626e-10,634.2082090920749,0.20988957887053608,342941.03990506916,79063346.44461973,ten_i
