id,mu,phi,beta,lam,H0,V0,modelname
Sandaa26,0.14654442200290177,9.332532530138204e-10,87.25785921154652,0.5054532094394141,707212.8208556009,133601102.23413444,one_i
