id,mu,phi,beta,H0,V0,modelname
Sandaa26,0.12418207800303689,7.48800554553616e-10,122.93427767468904,304651.19704695535,105296410.81445757,zero_i
