id,mu,phi,beta,tau,S0,V0,modelname
Sandaa26,0.05957424443999955,4.469999084003003e-10,304.6529522711655,0.1736494160426954,347699.4974629414,97503671.65543187,nine_i
