id,mu,phi,beta,tau,S0,V0,modelname
Sandaa26,0.5586081226409227,5.201054905348634e-08,1259.8556624913444,5.0352529786005915,372820.38568293897,100642476.4254422,six_i
