id,mu,phi,beta,tau,S0,V0,modelname
Sandaa26,0.004502291093172011,6.794161440283588e-10,1319.986208464867,1.8452982390255679,388135.2443148465,107243309.28974438,ten_i
