id,mu,phi,beta,lam,tau,modelname
Sandaa26,0.024563062384464374,4.0607016995170403e-10,749.1708113676173,0.08531606496148815,0.10947414711346283,two_i
