id,mu,phi,beta,tau,S0,V0,modelname
Sandaa26,0.009848693235383512,1.2674059567083481e-09,1413.4531816681829,3.779811712526386,377063.2387350366,99134231.55187753,six_i
