id,mu,phi,beta,tau,S0,V0,modelname
Sandaa26,0.00952638537736462,8.136299687681908e-10,1277.4059438096629,2.732703965532889,378289.3092812752,104743520.53073958,seven_i
