id,mu,phi,beta,tau,S0,V0,modelname
Sandaa26,0.035085477064790246,4.84498933284462e-10,646.6381143548681,7.898968984979776,359424.89261350274,85365755.41999324,one_i
