id,mu,phi,beta,lam,tau,modelname
Sandaa26,0.027968076314156723,4.505149687028703e-10,661.1601311877146,0.12078863338288727,0.11056273659839436,four_i
