id,mu,phi,beta,lam,modelname
Sandaa26,0.027288013792191288,4.350742008375598e-10,685.6161631322636,0.1090849650923283,one_i
