id,mu,phi,beta,lam,tau,S0,V0,modelname
Sandaa26,0.04189280047519592,2.4508279645084788e-09,1233.8976696155967,3.126222476454752,0.07419118518866563,342767.0494536165,89272577.45185459,five_i
