id,mu,phi,beta,lam,tau,modelname
Sandaa26,0.03376969282369618,4.999633174006518e-10,627.6126466874044,0.27572634485174347,0.11273406741556455,three_i
