id,mu,phi,beta,lam,modelname
Sandaa26,0.027045898507794073,4.171942479790481e-10,685.9207232746953,0.11721258872774465,one_i
