id,mu,phi,beta,H0,V0,modelname
Sandaa26,0.045327969752019096,3.2648917924345797e-10,469.2384667945927,341350.52503127884,76960927.03263338,zero_i
