id,mu,phi,beta,H0,V0,modelname
Sandaa26,0.05144488497343196,3.5833232679073545e-10,413.8813936958193,334722.84384194604,80423472.35787286,zero_i
