id,mu,phi,beta,tau,S0,V0,modelname
Sandaa26,0.030001190140253754,6.95023878720734e-10,841.1016310632359,3.045429121201419,342208.7810640986,109614793.3484822,five_i
