id,mu,phi,beta,tau,S0,V0,modelname
Sandaa26,0.033073641157107,8.908199526359318e-10,964.0528057091446,8.446726744992787,337082.2520039745,87030555.35900177,two_i
