id,mu,phi,beta,tau,S0,V0,modelname
Sandaa26,0.03759590662688262,3.274574928822062e-10,531.0714929124762,0.14234583848196558,346291.22929332167,79542666.56047761,ten_i
