id,mu,phi,beta,lam,tau,modelname
Sandaa26,0.02450029088752757,3.8009582652449575e-10,698.5200874654198,0.3334412803592144,0.14274765505015255,three_i
