id,mu,phi,beta,H0,V0,modelname
Sandaa26,0.044632668449824775,3.2095876013293403e-10,490.75473848540213,338761.2181471881,75985665.51351273,zero_i
