id,mu,phi,beta,tau,S0,V0,modelname
Sandaa26,0.1976053700530269,1.9534879059739856e-05,1013.9864346371486,5.795347921909723,422975.3687859499,101628799.13502795,five_i
