id,mu,phi,beta,lam,tau,modelname
Sandaa26,0.02794750454507051,3.8741418714983185e-10,652.6790853485144,0.08938719588377575,0.14524838782302224,four_i
