id,mu,phi,beta,H0,V0,modelname
Sandaa26,0.03881685819086233,3.1062905637527325e-10,492.2406110683326,360789.4385630966,73872920.3719142,zero_i
