id,mu,phi,beta,tau,S0,V0,modelname
Sandaa26,0.04077653650107993,6.947834920928242e-09,1378.294355308725,4.77306303558056,381094.78255130677,97611038.93261734,six_i
