id,mu,phi,beta,lam,tau,S0,V0,modelname
Sandaa26,0.04242655216213293,3.1978572810832003e-10,540.9943452682896,0.19499347818339524,3.1543611991464138,327162.8493451554,75795684.33989786,three_i
