id,mu,phi,beta,H0,V0,modelname
Sandaa26,0.11336650180300321,6.73219086226491e-10,160.33253214341775,295261.19525313046,94033656.40722665,zero_i
