id,mu,phi,beta,tau,S0,V0,modelname
Sandaa26,0.004543138760110225,1.7809137614025564e-08,1422.1145870166,4.983833432199946,401034.91479913815,94054217.82026345,six_i
