id,mu,phi,beta,tau,S0,V0,modelname
Sandaa26,0.012066132168695147,6.575429893056913e-10,1274.6926843995138,1.6852445858833482,370107.41478796053,101240740.71140176,ten_i
