id,mu,phi,beta,H0,V0,modelname
Sandaa26,0.055133024797677774,3.7880243369506366e-10,386.99014322476756,327226.71072576626,78580707.75595526,zero_i
