id,mu,phi,beta,tau,S0,V0,modelname
Sandaa26,0.014691956336759236,8.710690646797191e-10,1240.995472475227,2.7419376401545033,370004.1824344253,99234256.07942238,seven_i
