id,mu,phi,beta,tau,S0,V0,modelname
Sandaa26,0.03146329712532611,7.193810644446234e-10,993.6914018229166,5.096447900161691,325718.6529296545,96839400.66528127,three_i
