id,mu,phi,beta,tau,S0,V0,modelname
Sandaa26,0.025660025317809254,4.55536208172469e-10,766.3996466833992,3.218013180943455,353204.0226655809,94961237.69153927,three_i
