id,mu,phi,beta,tau,S0,V0,modelname
Sandaa26,0.07408179760552545,4.742483881108457e-10,254.4698159347138,0.017564058997895163,338472.3847184736,92694851.79699771,four_i
