id,mu,phi,beta,tau,S0,V0,modelname
Sandaa26,0.03582699230265769,3.3394991349659345e-10,576.8436887075082,0.6375985315977731,339618.38501616486,85028891.5868915,four_i
