id,mu,phi,beta,tau,S0,V0,modelname
Sandaa26,0.019938139351102113,3.527332751900011e-10,1132.7178029338645,1.1695314710278368,328220.1438983345,93014286.60919258,eight_i
