id,mu,phi,beta,tau,S0,V0,modelname
Sandaa26,0.007818370611764299,6.61928393495895e-10,1296.309610090398,2.573161046640955,368279.8938924959,105477868.19221526,seven_i
