id,mu,phi,beta,tau,S0,V0,modelname
Sandaa26,0.02792910422307553,4.831382951839954e-10,791.6893754541746,2.129367479136198,340074.8230092,101840619.50785716,five_i
