id,mu,phi,beta,tau,S0,V0,modelname
Sandaa26,0.020458439956108184,7.16966306476911e-10,1028.6792552534362,8.03545777226728,370512.26380120654,85382131.28413415,two_i
