id,mu,phi,beta,tau,S0,V0,modelname
Sandaa26,0.01696187910551118,1.892258229645335e-09,1256.3375001709564,5.984010611227975,379768.6087183464,91204226.33599257,four_i
