id,mu,phi,beta,modelname
Sandaa26,0.05542141399066497,3.6897217791426916e-10,321.1670599933826,zero_i
