id,mu,phi,beta,tau,S0,V0,modelname
Sandaa26,0.015205577213311594,9.254108657220261e-10,1219.0070316918168,3.27300794715436,372515.97597818513,101358961.84383634,six_i
