id,mu,phi,beta,tau,S0,V0,modelname
Sandaa26,0.0120438134594892,5.652232544122835e-10,1276.1086328362978,1.8315047849846888,348192.4617674031,108648958.81185041,nine_i
