id,mu,phi,beta,modelname
Sandaa26,0.05284089092697601,3.52827304099902e-10,342.21197843477796,zero_i
