id,mu,phi,beta,lam,modelname
Sandaa26,0.02725103704214036,4.377769790083888e-10,688.0315635186764,0.107870835111752,one_i
