id,mu,phi,beta,tau,S0,V0,modelname
Sandaa26,0.03403818591026421,3.4238003687774974e-10,651.4999616214238,0.8661174532673589,337530.937487389,81977198.57252388,four_i
