id,mu,phi,beta,tau,S0,V0,modelname
Sandaa26,0.05642991908107467,3.0177542656578875e-09,1189.7312748396555,5.055125273957682,352322.62545929715,97204513.64822234,five_i
