id,mu,phi,beta,tau,S0,V0,modelname
Sandaa26,0.13778481617666566,1.3251389542402309e-07,30.470240774404335,12.02338888492298,1034536.267763232,100967950.29382324,four_i
