id,mu,phi,beta,lam,tau,modelname
Sandaa26,0.029399901196174003,4.3531203003471787e-10,624.8663959711969,0.049935559146155106,0.11872575261243405,two_i
