id,mu,phi,beta,tau,S0,V0,modelname
Sandaa26,0.061203449568457795,5.073152521561752e-09,164.5498434044056,19.777614582538142,1540383.6102639956,199773970.18069512,four_i
