id,mu,phi,beta,tau,S0,V0,modelname
Sandaa26,0.04325720255850446,1.4561554620234642e-09,1020.853771227885,6.751493435443707,337637.0544445216,89164647.8277823,three_i
