id,mu,phi,beta,tau,S0,V0,modelname
Sandaa26,0.014043892800937596,6.562325668675494e-10,1193.3512032233073,1.6493448220766582,357178.10947436723,100469783.61573224,ten_i
