id,mu,phi,beta,lam,tau,modelname
Sandaa26,0.026742755927960035,5.295979290667173e-10,741.3713924082352,0.11797951955426986,0.08481927309673504,four_i
