id,mu,phi,beta,tau,S0,V0,modelname
Sandaa26,0.01417150777475531,7.40045514261367e-10,1119.954745458707,2.505084430214981,376496.07183753926,101872607.81885387,seven_i
