id,mu,phi,beta,lam,tau,modelname
Sandaa26,0.03179616244574822,4.525685184992694e-10,627.1259625651586,0.064274783141076,0.11629028303310532,two_i
