id,mu,phi,beta,lam,tau,S0,V0,modelname
Sandaa26,0.02550290665141325,4.430370388830541e-10,779.4983161937811,0.07978270949886836,0.11721331599156784,366682.9671176654,82582051.54626836,three_i
