id,mu,phi,beta,tau,S0,V0,modelname
Sandaa26,0.05189584167375407,2.04755347226309e-09,941.1349233897637,7.779289876614251,353193.4861411505,97458081.15872389,three_i
