id,mu,phi,beta,tau,S0,V0,modelname
Sandaa26,0.027159512132476832,3.699721054520326e-10,678.9933516403313,1.2754007499210067,362358.43742727576,95565430.65825923,five_i
