id,mu,phi,beta,tau,S0,V0,modelname
Sandaa26,0.03892338270672036,4.4004806498473243e-10,697.2758901745558,6.8556728096401915,319222.17052748695,82450983.89514235,one_i
