id,mu,phi,beta,lam,S0,V0,modelname
Sandaa26,0.1280588168273318,7.860580903289853e-10,128.20536903580356,3.4247076240241974,280351.78551230807,102142248.21760389,one_i
