id,mu,phi,beta,tau,S0,V0,modelname
Sandaa26,0.028768310891871852,6.778851080930939e-10,912.1490085114896,7.259446634782975,355015.717940462,92958829.2350035,two_i
