id,mu,phi,beta,modelname
Sandaa26,0.05561842603539325,3.7014189689708346e-10,319.57537942745137,zero_i
