id,mu,phi,beta,lam,tau,S0,V0,modelname
Sandaa26,0.025457124035121514,4.78472030112306e-10,809.8281272850456,0.10828567219547013,0.1005261078407002,361797.3456826044,83491147.29159409,two_i
