id,mu,phi,beta,H0,V0,modelname
Sandaa26,0.05106003471463265,3.529271376197078e-10,417.5011037181574,334578.8308843304,79455515.60730696,zero_i
