id,mu,phi,beta,tau,S0,V0,modelname
Sandaa26,0.02282257943106366,8.421225854387378e-10,1046.7308008729701,2.534232522263958,369911.6966739592,101030649.93779562,seven_i
