id,mu,phi,beta,lam,tau,modelname
Sandaa26,0.032530132477515926,5.205114286060143e-10,664.0427416896345,0.1196783163500124,0.09838855350749667,four_i
