id,mu,phi,beta,lam,tau,modelname
Sandaa26,0.02631935405748829,3.548910302937611e-10,673.6547400989193,0.0444116155154469,0.15240742280802644,three_i
