id,mu,phi,beta,tau,S0,V0,modelname
Sandaa26,0.04047350392093252,3.6523195606371163e-10,596.1293771119963,3.295017592310842,321019.21333441534,81462231.46523616,one_i
