id,mu,phi,beta,tau,S0,V0,modelname
Sandaa26,0.031313023419955836,5.963737665966831e-10,847.7592796129153,1.294913677187299,324086.0504138595,104049159.03420404,ten_i
