id,mu,phi,beta,lam,tau,modelname
Sandaa26,0.028736717859157122,4.475691293363276e-10,678.5427724197718,0.07304654454454997,0.11058506530149209,two_i
