id,mu,phi,beta,lam,modelname
Sandaa26,0.025115710103434035,4.3382864524681963e-10,714.8509384973098,0.10364984894207012,one_i
