id,mu,phi,beta,tau,S0,V0,modelname
Sandaa26,0.04164288091709701,3.15296117038217e-10,518.0543986645407,0.033196904684142985,336018.64710182,76760028.76423343,eight_i
