id,mu,phi,beta,tau,S0,V0,modelname
Sandaa26,0.20446722436238549,5.846050066306199e-10,61.5404608195571,0.015511035436122644,1366886.8090293098,57046824.824262716,three_i
