id,mu,phi,beta,tau,S0,V0,modelname
Sandaa26,0.03098143715504219,3.892531819290848e-10,654.4656809783964,0.9948381146753914,347965.5152257961,90598601.49524665,six_i
