id,mu,phi,beta,tau,S0,V0,modelname
Sandaa26,0.02265945739408672,3.03592163419643e-10,819.814243379183,5.046821016469427,360827.89093899715,85423179.44684656,one_i
