id,mu,phi,beta,tau,S0,V0,modelname
Sandaa26,0.028551151696444524,1.363367281276585e-09,1100.1143699867973,5.3263621613024865,365024.6495807651,92804129.31420344,four_i
