id,mu,phi,beta,tau,S0,V0,modelname
Sandaa26,0.031212366979359633,7.867671872206331e-10,918.627096491944,7.809454806258894,341654.42819547374,88531114.30311865,two_i
