id,mu,phi,beta,lam,tau,modelname
Sandaa26,0.02938792538105518,4.112359971251818e-10,645.3907193387006,0.12004629180085208,0.13236269066558545,three_i
