id,mu,phi,beta,modelname
Sandaa26,0.054857044531277314,3.661443259587158e-10,322.3096804256871,zero_i
