id,mu,phi,beta,H0,V0,modelname
Sandaa26,0.04864504827843325,3.4063309884318124e-10,437.2854829079015,341088.5392923881,79240469.5471886,zero_i
