id,mu,phi,beta,tau,S0,V0,modelname
Sandaa26,0.39205462919777195,2.0893099703232126e-08,30.105184108497436,2.642676461086598,1528393.2430970923,143415563.49142188,nine_i
