id,mu,phi,beta,H0,V0,modelname
Sandaa26,0.15585602071922397,9.040461314830795e-10,97.36376299347717,283862.21839434264,106392806.1820227,zero_i
