id,mu,phi,beta,lam,tau,modelname
Sandaa26,0.02847167874497989,4.301910136649842e-10,698.3118148865127,0.03198013150622502,0.11134644290872872,three_i
