id,mu,phi,beta,lam,modelname
Sandaa26,0.027728353307429322,4.3883268318625564e-10,685.6403588767488,0.10829696146831928,one_i
