id,mu,phi,beta,tau,S0,V0,modelname
Sandaa26,0.026906794327580065,1.9289324075841674e-09,1169.51188896899,5.978444245703182,375471.20697621885,94365267.34214786,four_i
