id,mu,phi,beta,tau,S0,V0,modelname
Sandaa26,0.02986078107919535,4.097390503807707e-10,751.8381882291629,0.790312059431759,343443.6522051101,88256923.45825127,nine_i
