id,mu,phi,beta,tau,S0,V0,modelname
Sandaa26,0.1485459769396612,2.041523918459959e-08,25.539391310361275,5.780906390661069,143321.93642830488,60241410.85756946,five_i
