id,mu,phi,beta,tau,S0,V0,modelname
Sandaa26,0.029294687716261293,2.776910496676004e-10,649.6186075235714,0.20002447416990418,363901.3008470443,79939995.77325243,eight_i
