id,mu,phi,beta,tau,S0,V0,modelname
Sandaa26,0.7053100172365506,3.36484111429056e-08,17.58746671840737,10.630980273448744,186845.14009884483,54561623.242291,three_i
