id,mu,phi,beta,tau,S0,V0,modelname
Sandaa26,0.04310757147133206,4.294978715826678e-09,1354.7268711774543,4.57946932834727,373653.53913566336,96841139.6741289,six_i
