id,mu,phi,beta,H0,V0,modelname
Sandaa26,0.04924222581583114,3.435725310862689e-10,446.7791398073206,333972.4748614606,76898546.26726983,zero_i
