id,mu,phi,beta,tau,S0,V0,modelname
Sandaa26,0.011673459985684743,6.879213960630808e-10,1249.5744098135601,1.920393754919243,373300.30090987537,100808408.9206268,nine_i
