id,mu,phi,beta,tau,S0,V0,modelname
Sandaa26,0.005251880324247974,5.373888939464306e-10,1257.989780241367,1.6388514812078767,388661.15789163864,104715882.32540227,ten_i
