id,mu,phi,beta,lam,tau,S0,V0,modelname
Sandaa26,0.05003073347771437,4.922782631471968e-10,611.6087695371267,0.3615227580247505,0.16020527261142348,304321.6356665712,86679578.99782415,two_i
