id,mu,phi,beta,tau,S0,V0,modelname
Sandaa26,0.008500866010224041,1.8732752893944046e-10,739.1261951832579,0.33235503363871244,433073.1869647172,82529034.4481568,one_i
