id,mu,phi,beta,tau,S0,V0,modelname
Sandaa26,0.08550276479900332,9.707318224019556e-07,10.730780785159535,16.369661490568074,231435.58320244614,30185285.545604624,five_i
