id,mu,phi,beta,lam,tau,H0,V0,modelname
Sandaa26,0.023803738389670787,2.454802533069596e-10,3.3845419583189478,1.3195345015290794,5.3074543409315025,2928387.043162141,216983210.84805197,four_i
