id,mu,phi,beta,tau,S0,V0,modelname
Sandaa26,0.00933490060274818,6.449690673420178e-10,1334.2645966353384,2.183459483611014,372307.20109310764,101499481.13316214,eight_i
