id,mu,phi,beta,tau,S0,V0,modelname
Sandaa26,0.013165212595142719,6.206504697850526e-10,1195.3392443586238,1.8391456779886777,354525.7026454683,105211867.27966085,nine_i
