id,mu,phi,beta,tau,S0,V0,modelname
Sandaa26,0.02561546108454724,4.299259931797753e-10,820.2488494767657,4.218137323110327,353314.5357256267,84392947.6899255,two_i
