id,mu,phi,beta,lam,tau,S0,V0,modelname
Sandaa26,0.04156484063618829,5.758105848547478e-10,33.083804627319026,0.11720160780419166,0.07101605627543044,401496.45233492716,210595032.62819543,four_i
