id,mu,phi,beta,lam,tau,modelname
Sandaa26,0.027396903113104592,3.801874488549636e-10,688.5108792199676,0.02146061708850486,0.13657048940358593,five_i
