id,mu,phi,beta,tau,S0,V0,modelname
Sandaa26,0.024545024380192938,3.069788553490298e-10,812.8149066368233,1.706843119756482,349920.32484765636,88806025.34843162,three_i
