id,mu,phi,beta,tau,S0,V0,modelname
Sandaa26,0.04112907994594144,2.4300051490235527e-09,1189.954660754583,6.260442908193642,348623.22616627463,94486349.92557521,four_i
