id,mu,phi,beta,tau,S0,V0,modelname
Sandaa26,0.018684851050891852,7.79342112212411e-10,1138.990982245045,2.195962403993028,359400.9473694263,101672110.03981215,eight_i
