id,mu,phi,beta,tau,S0,V0,modelname
Sandaa26,1.028175084879329,2.2519274730929965e-08,66.50930671950299,12.92787089111232,299761.25109783217,17075739.16054827,three_i
