id,mu,phi,beta,tau,S0,V0,modelname
Sandaa26,0.03584158484712774,3.0981746652031826e-10,575.4858908833767,0.13900309396198982,351037.58953565324,77053523.98798986,nine_i
