id,mu,phi,beta,tau,S0,V0,modelname
Sandaa26,0.038232349842308035,3.382284478620886e-10,611.9791585409251,0.3783506851509516,319372.0438811057,86421194.76951888,eight_i
