id,mu,phi,beta,tau,S0,V0,modelname
Sandaa26,0.007104674034950233,3.359837012924191e-08,1523.29400775837,3.4035771798940924,403392.47796161583,104523785.67246018,nine_i
