id,mu,phi,beta,tau,S0,V0,modelname
Sandaa26,0.033833557206440254,3.836146935283494e-10,610.9127337416805,0.6263788416658058,338008.9032811841,92033503.69687916,eight_i
