id,mu,phi,beta,tau,S0,V0,modelname
Sandaa26,0.036780606338581184,4.465718996443581e-10,614.8392837218906,7.0019850486934665,345070.278699788,90737438.11918053,one_i
