id,mu,phi,beta,tau,S0,V0,modelname
Sandaa26,0.02016578452791018,1.022650762130478e-09,1299.0789951648146,2.577975488984339,353825.07400511095,104832397.34308168,eight_i
