id,mu,phi,beta,tau,S0,V0,modelname
Sandaa26,0.031087705849326595,3.740444516533028e-10,729.7798587208625,0.8854284664745745,341421.2812541187,79515711.36384073,six_i
