id,mu,phi,beta,tau,S0,V0,modelname
Sandaa26,0.021430898212460647,7.444852181547398e-10,1169.0555387677932,1.6900069808356037,340314.45333156,101765213.67051367,ten_i
