id,mu,phi,beta,lam,tau,modelname
Sandaa26,0.028168183191692023,4.367251710599421e-10,653.3307423441827,0.06946682252469795,0.1136760162414999,four_i
