id,mu,phi,beta,H0,V0,modelname
Sandaa26,0.1241022697572455,1.52365154857156e-10,21.13661535560713,1437118.2414303303,157385014.86977318,zero_i
