id,mu,phi,beta,tau,S0,V0,modelname
Sandaa26,0.02142983206677976,5.572481856261188e-10,862.3479078548402,4.1042551116658075,379348.0719725869,91166047.6793201,three_i
