id,mu,phi,beta,tau,S0,V0,modelname
Sandaa26,0.08878378613314479,5.870871154282592e-10,92.78552805510874,0.3528327897542457,38286.84372084228,124568097.2476247,five_i
