id,mu,phi,beta,tau,S0,V0,modelname
Slagter2016,0.0055190903586924515,1.0364615228534506e-09,873.8929562604424,0.8941939715653424,857040.983207421,31129705.91600608,ten_i
