id,mu,phi,beta,tau,S0,V0,modelname
Slagter2016,0.01447966521198793,8.567949717100998e-10,809.3494361220669,1.02277299306073,828246.5234670884,27313181.418748293,seven_i
