id,mu,phi,beta,tau,S0,V0,modelname
Slagter2016,0.055537396704481906,7.316020319340785e-10,477.51380176570626,1.6988635281100506,686209.6553015314,21261248.434620995,two_i
