id,mu,phi,beta,tau,S0,V0,modelname
Slagter2016,0.0705595312001267,1.0735427526389436e-09,358.6890968830446,1.5356114233373632,661034.5376277947,23218703.474161983,three_i
