id,mu,phi,beta,tau,S0,V0,modelname
Slagter2016,0.015086850634777915,1.026024559598565e-09,841.6812089382133,0.8761938865808307,783810.5289294835,33726418.698822334,ten_i
