id,mu,phi,beta,tau,S0,V0,modelname
Slagter2016a,0.04111382357229536,3.4087647161123004e-09,62.075489078928086,1.013997347995036,837931.5825501226,6177999.579221739,nine_i
