id,mu,phi,beta,tau,S0,V0,modelname
Slagter2016,0.059982310914509555,7.426731144797488e-10,470.5826175437079,1.692308531340827,654497.4075815177,21856376.84911299,two_i
