id,mu,phi,beta,tau,S0,V0,modelname
Slagter2016a,0.056178967745867905,3.0854841979102263e-09,43.092553855726976,2.606230217554682,785191.8305300488,5243106.284783303,two_i
