id,mu,phi,beta,tau,S0,V0,modelname
Slagter2016a,0.04933244361060038,9.264138319095945e-10,18.074187163892706,2.090491770339405,3651578.227658794,6384394.323897555,nine_i
