id,mu,phi,beta,H0,V0,modelname
Slagter2016,0.10087075514917555,5.997200400433449e-10,258.4643712693002,549702.7816377124,19099691.37320898,zero_i
