id,mu,phi,beta,tau,S0,V0,modelname
Slagter2016,0.054860039670164805,7.295039242014419e-10,472.31253941473284,1.6704390611879623,702924.4296621375,20088337.847181313,two_i
