id,mu,phi,beta,tau,S0,V0,modelname
Slagter2016,0.04407053096984488,7.689055184104401e-10,580.1878116903763,1.4967335009145977,704778.6516107853,22735537.652997375,three_i
