id,mu,phi,beta,H0,V0,modelname
Slagter2016,0.10849555745054451,6.101050336271104e-10,249.0969572026705,502085.80198188755,20779106.76798316,zero_i
