id,mu,phi,beta,tau,S0,V0,modelname
Slagter2016a,0.052246185436518745,3.143448161003136e-09,54.033905121584205,1.7067135690588335,726311.7270595187,5779254.439981715,four_i
