id,mu,phi,beta,tau,S0,V0,modelname
Slagter2016a,0.052481540455855576,3.196986552370981e-09,49.73908969340982,1.629302452351159,745336.3560934892,5710770.834450522,four_i
