id,mu,phi,beta,tau,S0,V0,modelname
Slagter2016a,0.050400027337540766,3.4229722173043534e-09,50.608654579471484,1.5893540449180656,819069.9932658421,6632715.402084639,five_i
