id,mu,phi,beta,lam,tau,S0,V0,modelname
Slagter2016,0.09160881668476459,8.317987921060936e-10,272.39309948440865,0.042535637925349506,0.49202050342435405,608344.8569561775,25908338.42976733,four_i
