id,mu,phi,beta,tau,S0,V0,modelname
Slagter2016a,0.04805892270680339,3.515215139291852e-09,56.681899043531445,1.2402670850969835,763950.3411633972,6617251.615274163,seven_i
