id,mu,phi,beta,tau,S0,V0,modelname
Slagter2016a,0.04456525697337757,3.354722552013633e-09,57.059649735769,0.8576099540243578,821443.1610184538,6407678.009326918,ten_i
