id,mu,phi,beta,tau,S0,V0,modelname
Slagter2016a,0.0477668769512971,3.2556114775432827e-09,57.401349930559036,1.3228878407551035,775837.1869334223,6078719.851137268,six_i
