id,mu,phi,beta,tau,S0,V0,modelname
Slagter2016a,0.06595443680946743,2.7035555229177804e-09,36.63253169533069,2.57182515538665,637624.5295499791,4928152.465079228,one_i
