id,mu,phi,beta,lam,tau,modelname
Slagter2016a,0.053660145173604,2.469863708956934e-09,32.14248636371538,0.08227688135486567,0.3314331368487106,four_i
