id,mu,phi,beta,tau,S0,V0,modelname
Slagter2016a,0.0418356841652375,3.4618070224058077e-09,62.886059156549,1.0530477823365851,840197.9014165924,6525832.275991226,nine_i
