id,mu,phi,beta,lam,tau,S0,V0,modelname
Slagter2016a,0.05682953466854091,3.027338192816162e-09,48.887912712180466,1.9075728343981004,0.5747756695899192,676848.2530943112,5401402.553546881,three_i
