id,mu,phi,beta,tau,S0,V0,modelname
Slagter2016,0.05421409026882887,6.923317495389538e-10,526.9585589800256,1.6848085937866926,667314.8250975334,20954561.65182545,two_i
