id,mu,phi,beta,tau,S0,V0,modelname
Slagter2016,0.013465891832219143,8.688150099834437e-10,844.2666778336273,1.037071063924339,803318.4470809258,26862203.64927124,seven_i
