id,mu,phi,beta,tau,S0,V0,modelname
Slagter2016a,0.010345023409876088,1.3631953893377724e-09,82.11823034884956,5.741609512148553,988933.5967000029,2779642.491871423,four_i
