id,mu,phi,beta,tau,S0,V0,modelname
Slagter2016,0.014974143573533695,9.018106187456028e-10,784.0915832541621,1.0269485167942973,827169.073377022,25345841.266125787,seven_i
