id,mu,phi,beta,H0,V0,modelname
Slagter2016a,0.07545096503768546,2.335766031048231e-09,28.95768727316553,580717.0372010587,5048841.629807689,zero_i
