id,mu,phi,beta,tau,S0,V0,modelname
Slagter2016a,0.05042638257757855,3.357936307939368e-09,56.124698692243136,1.1592691167264637,742066.8550914946,6472365.160312043,seven_i
