id,mu,phi,beta,tau,S0,V0,modelname
Slagter2016a,0.05514327326535328,3.0132528867094424e-09,48.02525949400632,1.8146309276572026,701607.3551154484,5351821.708577761,three_i
