id,mu,phi,beta,lam,tau,modelname
Slagter2016a,0.04607469074504044,2.989616337752132e-09,40.890752278346504,2.196912292183235,0.4590945066000593,three_i
