id,mu,phi,beta,tau,S0,V0,modelname
Slagter2016,0.044720790143944825,7.532514315117506e-10,584.4875627065228,1.4747020964208126,695060.2113057425,23135108.18838114,three_i
