id,mu,phi,beta,lam,tau,modelname
Slagter2016a,0.05892932121202979,2.660183357441676e-09,28.71153557980169,0.02918725812341573,0.3067692405114257,two_i
