id,mu,phi,beta,tau,S0,V0,modelname
Slagter2016a,0.05498545550183859,3.285499963576395e-09,48.53308276642524,1.6063952603556557,704310.9854351948,5582010.713487115,four_i
