id,mu,phi,beta,lam,tau,S0,V0,modelname
Slagter2016a,0.062289735604784464,3.0175955115760964e-09,42.66643993588214,2.3620454843137213,0.47215925165205114,646566.9392338922,5309725.4633894665,two_i
