id,mu,phi,beta,tau,S0,V0,modelname
Slagter2016a,0.047546685138560016,3.477125736045949e-09,51.53216629014513,2.4737718511379017,830789.0467462044,5497062.343999564,three_i
