id,mu,phi,beta,lam,tau,modelname
Slagter2016a,0.03904679761237938,3.3303856042910672e-09,49.74200058678932,1.7455357640044191,0.5582444955859187,five_i
