id,mu,phi,beta,lam,tau,S0,V0,modelname
Slagter2016a,0.08726409459124498,3.9809720237859255e-09,30.95238883597292,0.04578916785912649,0.27546130346040726,454141.2385393309,5298916.673039672,five_i
