id,mu,phi,beta,tau,S0,V0,modelname
Slagter2016a,0.050176270932315685,3.743989304141765e-09,55.30461712718297,1.2709931002688382,752201.4424950216,6293889.442658893,seven_i
