id,mu,phi,beta,tau,S0,V0,modelname
Slagter2016,0.004811148348544533,8.923647970505019e-10,851.9090864498826,0.9808599878097027,911817.4228605024,28134990.53092094,eight_i
