id,mu,phi,beta,tau,S0,V0,modelname
Slagter2016,0.012141447832383126,9.902634780180474e-10,800.0483831962447,0.9208057866442614,825245.1782631958,30799657.02615939,nine_i
