id,mu,phi,beta,tau,S0,V0,modelname
Slagter2016,0.037088051284255144,8.204173623988178e-10,586.6197347458072,1.3310977841753902,771134.9743722498,24924742.14881901,four_i
