id,mu,phi,beta,H0,V0,modelname
Slagter2016a,0.07471504050694512,2.3487292681323526e-09,28.8120855255903,583168.9859676731,4734577.482669026,zero_i
