id,mu,phi,beta,H0,V0,modelname
Slagter2016,0.14239679687974036,7.897275195603286e-10,128.01339187480878,597268.6269170849,32418438.433289338,zero_i
