id,mu,phi,beta,tau,S0,V0,modelname
Slagter2016,0.341664489079298,1.2158726715726909e-08,20.825679901757383,6.239992603052502,5009845.0926225055,2375145.5065545714,one_i
