id,mu,phi,beta,lam,modelname
Slagter2016a,0.05901702195336146,2.618805284969235e-09,28.262347677065204,0.32733065305157144,one_i
