id,mu,phi,beta,tau,S0,V0,modelname
Slagter2016,0.00519912950189368,9.613896325856997e-10,842.7349752474285,0.9043433103331138,897917.7864475669,26142149.905402128,nine_i
