id,mu,phi,beta,tau,S0,V0,modelname
Slagter2016a,0.06290774571116459,3.0440276175884273e-09,41.94726809215895,2.291818073797708,649132.4750813274,5417392.712252652,two_i
