id,mu,phi,beta,tau,S0,V0,modelname
Slagter2016a,0.04097324054114585,3.5598849610984653e-09,60.50552361564739,0.9820668009206471,870806.5075396831,6806535.669203166,ten_i
