id,mu,phi,beta,tau,S0,V0,modelname
Slagter2016a,0.06673418665625834,2.301604988370148e-09,31.05405861916164,0.06876777876125957,703616.6710593471,4844626.949652141,nine_i
