id,mu,phi,beta,tau,S0,V0,modelname
Slagter2016,0.02167414821479636,8.313842446305686e-10,707.5946228207127,1.2366709804155356,831695.0830729337,24642410.85234201,five_i
