id,mu,phi,beta,tau,S0,V0,modelname
Slagter2016,0.07583078117402,6.629330409085857e-10,398.0627919562884,1.9867405628907067,598672.5880011967,19848311.51622423,one_i
