id,mu,phi,beta,tau,S0,V0,modelname
Slagter2016a,0.04039241593211048,3.0575174302703958e-09,61.837737064137904,0.8840442434801997,829246.7258081605,5875023.207362615,nine_i
