id,mu,phi,beta,H0,V0,modelname
Slagter2016,0.1061492843316852,6.258191838865436e-10,249.16169487231042,505020.6033224777,19400523.395159144,zero_i
