id,mu,phi,beta,tau,S0,V0,modelname
Slagter2016,0.026203280234146295,7.509307838545068e-10,787.9110275511296,1.1503605886473731,738888.8867177756,22860821.74675364,five_i
