id,mu,phi,beta,tau,S0,V0,modelname
Slagter2016,0.029540259190258995,7.759670378877523e-10,637.7335623219174,1.3301021471916248,806159.5165545221,23978058.952152863,four_i
