id,mu,phi,beta,lam,tau,modelname
Slagter2016a,0.04165745704135943,3.173826557177567e-09,46.03820555312928,1.9792327784246369,0.5195092999472337,four_i
