id,mu,phi,beta,lam,tau,modelname
Slagter2016a,0.057299269285137934,2.5112047108123007e-09,29.626878383801245,0.03455816763780134,0.3468583729584827,three_i
