id,mu,phi,beta,lam,tau,S0,V0,modelname
Slagter2016a,0.052307521311460686,3.2961155601298943e-09,54.41930495132931,1.4469442659103993,0.6156974981187489,718830.2300869823,6074026.680275583,five_i
