id,mu,phi,beta,tau,S0,V0,modelname
Slagter2016,0.01731904672359325,7.666418342081861e-10,729.2290284631761,1.185441358494019,853725.1835012438,24283485.027399424,five_i
