id,mu,phi,beta,lam,tau,modelname
Slagter2016,0.023863995741692897,7.042915193998276e-10,657.6398118490736,1.4896654904596176,0.6780423466641755,three_i
