id,mu,phi,beta,tau,S0,V0,modelname
Slagter2016a,0.05633689116598628,3.5494072934118977e-09,51.06208579561041,1.3468625581076334,721050.2260205367,6679489.757717685,six_i
