id,mu,phi,beta,tau,S0,V0,modelname
Slagter2016a,0.049779382506396685,3.176359681868343e-09,52.29506638966355,1.396753616731162,751778.0317815904,5956315.024915249,five_i
