id,mu,phi,beta,tau,S0,V0,modelname
Slagter2016,0.025083622844026262,7.903622716943685e-10,660.8737938166564,1.358020319060949,825913.3227128759,22802981.395081684,four_i
