id,mu,phi,beta,tau,S0,V0,modelname
Slagter2016a,0.06658825133949614,2.631496533479796e-09,36.341528651415736,2.613949753018288,657702.8921070272,5157719.782815612,one_i
