id,mu,phi,beta,tau,S0,V0,modelname
Slagter2016a,0.05916717893942233,3.1669186992709165e-09,45.487819336946366,1.8776595747291642,676494.5818692462,5656387.225216766,three_i
