id,mu,phi,beta,tau,S0,V0,modelname
Slagter2016,0.021887468018650727,8.341729334813888e-10,730.81861223863,1.2426977888492692,800329.5629593364,24879409.200309206,five_i
