id,mu,phi,beta,tau,S0,V0,modelname
Slagter2016a,0.0593223769553529,2.6631197482906058e-09,34.77554978424789,2.711234982420699,788976.5351247353,5161349.496215395,one_i
