id,mu,phi,beta,tau,S0,V0,modelname
Slagter2016,0.02514761978137725,7.035251847832791e-07,366.1563418787361,1.9643520026452401,1717432.248644292,23085488.46871979,eight_i
