id,mu,phi,beta,tau,S0,V0,modelname
Slagter2016,0.03020627978345882,7.863527580606918e-10,668.8358652855293,1.3528237154666178,776442.0853230498,23618520.030692425,four_i
