id,mu,phi,beta,tau,S0,V0,modelname
Slagter2016a,0.05155984397900859,3.5600803603427645e-09,56.04735993318379,1.4341084309914736,747227.8350162529,6497675.42205039,six_i
