id,mu,phi,beta,tau,S0,V0,modelname
Slagter2016a,0.043340444087277566,3.174253216978217e-09,57.62138895236377,0.8993385278375217,831220.9437291241,6144473.01475947,nine_i
