id,mu,phi,beta,tau,S0,V0,modelname
Slagter2016a,0.05040715103763409,3.0701376206610365e-09,50.041987425047715,1.6651513827563522,805510.1843037682,6036441.972368769,four_i
