id,mu,phi,beta,tau,S0,V0,modelname
Slagter2016,0.09985134851373306,1.5254389734889733e-08,33.392609795475444,1.431664889908166,1056373.3943615737,56608040.42804817,seven_i
