id,mu,phi,beta,lam,tau,modelname
Slagter2016a,0.03829109293910224,3.261342416304519e-09,51.278181259262574,1.7343903300304289,0.5465482047928808,five_i
