id,mu,phi,beta,tau,S0,V0,modelname
Slagter2016a,0.05294155550502595,3.5549584064548764e-09,56.06649710768998,1.39308255867272,712986.7565986644,6279539.045824342,six_i
