id,mu,phi,beta,lam,modelname
Slagter2016a,0.05991717184011881,2.6863068831345324e-09,27.107649839277702,0.3385393251987587,one_i
