id,mu,phi,beta,tau,S0,V0,modelname
Slagter2016a,0.05396768299187719,3.194679564723992e-09,51.0192566872747,1.6105670649696842,694114.9630812282,5638060.821619357,four_i
