id,mu,phi,beta,lam,S0,V0,modelname
Slagter2016a,0.06514554855373708,2.7271398494511348e-09,41.27848184940516,0.35834499013456456,574564.3700034439,4820593.521689844,one_i
