id,mu,phi,beta,tau,S0,V0,modelname
Slagter2016,0.012651166451825714,9.04232022525402e-10,776.5990773121612,1.0480713143312717,853184.0032298097,27458880.610902052,seven_i
