id,mu,phi,beta,tau,S0,V0,modelname
Slagter2016a,0.05043563240398132,3.4406012566951063e-09,53.10433817811954,1.560356249737013,765726.8927660319,6029774.70171242,five_i
