id,mu,phi,beta,tau,S0,V0,modelname
Slagter2016,0.11614436323722248,6.321133644323099e-09,401.60931437217823,1.460666116598287,788077.9411387284,23430469.927040365,eight_i
