id,mu,phi,beta,tau,S0,V0,modelname
Slagter2016,0.014358167587834073,8.66164264387431e-10,780.2753040004684,1.13629396001808,835949.9447521103,24601816.05874917,six_i
