id,mu,phi,beta,tau,S0,V0,modelname
Slagter2016,0.00841687452881103,9.690117231208012e-10,894.9774240612104,0.9216478228897756,813929.4800736357,28367201.774565462,nine_i
