id,mu,phi,beta,tau,S0,V0,modelname
Slagter2016,0.07792935502613031,6.643950613518763e-10,393.29980659114534,1.9704937136675673,588298.1867856263,20277394.077575803,one_i
