id,mu,phi,beta,H0,V0,modelname
Slagter2016a,0.07635905414256992,2.3725184882725256e-09,28.46911089642709,568291.3325843255,4926826.182573233,zero_i
