id,mu,phi,beta,tau,S0,V0,modelname
Slagter2016,0.21810003221347163,7.692195934244961e-09,39.65316081409646,1.203079120360615,511782.7882436079,2027705.8469333,ten_i
