id,mu,phi,beta,tau,S0,V0,modelname
Slagter2016,0.00918455675532052,9.552737310314219e-10,904.3810849211087,0.8484634416337279,798015.7272125441,30546469.64971923,ten_i
