id,mu,phi,beta,modelname
Slagter2016a,0.0708648772702639,2.319690963662805e-09,20.032175374264554,zero_i
