id,mu,phi,beta,H0,V0,modelname
Slagter2016a,0.07897577522475697,2.4677801964230725e-09,27.068648587246145,545979.2346165108,4922452.511818739,zero_i
