id,mu,phi,beta,tau,S0,V0,modelname
Slagter2016,0.05632854855668174,7.54456841672711e-10,483.0298817717303,1.730737802087347,661635.8038709223,20825490.89974691,two_i
