id,mu,phi,beta,tau,S0,V0,modelname
Slagter2016a,0.0698305966012713,2.4521078545810415e-09,29.39259594339044,0.42887298089679293,702189.8363539915,5486734.992168653,three_i
