id,mu,phi,beta,tau,S0,V0,modelname
Slagter2016,0.007987176628296573,9.242840530627169e-10,841.5221352141664,0.898302150300377,847514.0493231615,30466897.31382161,nine_i
