id,mu,phi,beta,lam,tau,S0,V0,modelname
Slagter2016,0.19680649170860065,1.027689565778188e-09,15.135046436176324,0.8608028953853908,13.313052483080071,362877.7627064519,22776201.146354478,two_i
