id,mu,phi,beta,tau,S0,V0,modelname
Slagter2016,0.04529075179150797,7.483810725235084e-10,562.7576573053501,1.462989815126423,720984.3128953909,23166690.478515644,three_i
