id,mu,phi,beta,lam,tau,S0,V0,modelname
Slagter2016,0.05807680321835667,7.09078316332058e-10,517.1373250273683,1.6899615944376412,0.5817583397828201,638945.9511540375,21584789.995238755,two_i
