id,mu,phi,beta,tau,S0,V0,modelname
Slagter2016,0.019396190358550433,8.643428540772135e-10,706.7110465794576,1.1370579409788664,856345.9677422913,28793021.41515627,six_i
