id,mu,phi,beta,tau,S0,V0,modelname
Slagter2016,0.01814934391477377,8.508263722329812e-10,784.5060036012977,1.1480382270555487,799263.8760438059,28226358.803090017,six_i
