id,mu,phi,beta,H0,V0,modelname
Slagter2016a,0.07595981106783409,2.365599985093795e-09,28.723150179983737,565587.6480744598,4845730.592127719,zero_i
