id,mu,phi,beta,H0,V0,modelname
Slagter2016,0.0997450322297665,6.093983826630276e-10,247.04338577927226,567331.5556540311,18340927.635943804,zero_i
