id,mu,phi,beta,tau,S0,V0,modelname
Slagter2016,0.07807057875329602,6.956904781320368e-10,375.3965727271156,2.0124897281422673,591854.6606298985,20414503.552536458,one_i
