id,mu,phi,beta,H0,V0,modelname
Slagter2016a,0.0760837139769252,2.3410554125303304e-09,27.566874380066423,600412.9095661525,5168449.244056317,zero_i
