id,mu,phi,beta,modelname
Slagter2016a,0.07276537302922031,2.3953984876283453e-09,18.96482133410397,zero_i
