id,mu,phi,beta,lam,modelname
Slagter2016a,0.05883535205977181,2.6333506555383096e-09,28.282000970024274,0.3225858769558504,one_i
