id,mu,phi,beta,tau,S0,V0,modelname
Slagter2016a,0.11383836782746666,1.4122991569854614e-08,28.530779065595404,3.5064012144704146,806462.0001117415,6433930.0706867585,four_i
