id,mu,phi,beta,H0,V0,modelname
Slagter2016,0.10659971383269932,6.044321946612007e-10,260.21437093573024,496465.26311205735,20514036.698966715,zero_i
