id,mu,phi,beta,tau,S0,V0,modelname
Slagter2016a,0.049762340582810434,3.3470773398474598e-09,54.33187481032701,1.2806534748302145,753549.7190326371,6009700.887554331,six_i
