id,mu,phi,beta,tau,S0,V0,modelname
Slagter2016,0.03319620045027546,7.694646762931973e-10,628.7373243272339,1.2714492738200187,788574.3716123475,21352022.99041464,four_i
