id,mu,phi,beta,tau,S0,V0,modelname
Slagter2016a,0.06696902886377788,2.3570346170002688e-09,33.56701462792781,0.4631569166303002,635918.2490740139,4820123.740849013,two_i
