id,mu,phi,beta,tau,S0,V0,modelname
Slagter2016a,0.04295463671195339,3.3287453093148005e-09,62.219195118919195,1.0997515051191276,815969.8617436357,6194461.216775898,eight_i
