id,mu,phi,beta,tau,S0,V0,modelname
Slagter2016a,0.04729088674093659,3.4829116854723423e-09,56.0249969172712,1.216090435592881,794650.2313693437,6199787.952809683,seven_i
