id,mu,phi,beta,tau,S0,V0,modelname
Slagter2016a,0.08909634650185486,4.5301159995826174e-08,228.90549509604972,8.236583543654922,574320.7349084624,62303516.83169207,three_i
