id,mu,phi,beta,tau,S0,V0,modelname
Slagter2016a,0.05062455563754677,3.6197156895028475e-09,55.85228774781538,1.4377115552478485,753089.0114755707,6294650.270020383,six_i
