id,mu,phi,beta,tau,S0,V0,modelname
Slagter2016,0.3446016075764944,1.7576306466383626e-08,6.5655590244877295,1.5373575515728743,572024.0890060881,35387072.621887185,one_i
