id,mu,phi,beta,lam,tau,modelname
Slagter2016a,0.059084719173807476,2.5978534497105537e-09,29.076008694129108,0.04340714668637684,0.3201779785088095,two_i
