id,mu,phi,beta,H0,V0,modelname
Slagter2016,0.10112868609029664,5.952420172894572e-10,261.9196261067644,543577.9116165115,19654617.993370946,zero_i
