id,mu,phi,beta,tau,S0,V0,modelname
Slagter2016a,0.06685361479801898,2.6344476178797755e-09,37.28523879050828,2.5856342916266795,632493.4559868257,5228489.218744395,one_i
