id,mu,phi,beta,tau,S0,V0,modelname
Slagter2016a,0.04107731371703406,3.052883010464015e-09,63.30919463612844,1.1352409661394176,820536.766198791,5784359.144836661,seven_i
