id,mu,phi,beta,tau,S0,V0,modelname
Slagter2016,0.0022439963344898883,9.62928222874988e-10,890.9675813480391,0.9208707470722415,867127.8495954296,27256859.510719784,nine_i
