id,mu,phi,beta,lam,tau,S0,V0,modelname
Slagter2016,0.033451855656991034,7.67774874530198e-10,667.6457364735912,1.3249390827278293,0.7360344380929289,755633.4671629104,24765253.49949794,four_i
