id,mu,phi,beta,tau,S0,V0,modelname
Slagter2016,0.01386227051824366,8.947254132492779e-10,818.3262877468377,1.066360888184399,827518.9087270206,28254391.677711338,seven_i
