id,mu,phi,beta,tau,S0,V0,modelname
Slagter2016a,0.041443784096657194,3.6152573416467316e-09,64.7390861183792,1.13586059009773,852363.0101233416,6747173.702799594,nine_i
