id,mu,phi,beta,H0,V0,modelname
Slagter2016,0.10577009965253593,6.053231483108244e-10,261.7611749439864,497945.6941635409,19838932.39645441,zero_i
