id,mu,phi,beta,lam,tau,S0,V0,modelname
Slagter2016a,0.05669936165216548,3.2176997026156577e-09,48.82145256371492,1.6347955744970115,0.6395903567932884,696122.110046444,5957043.2239232715,four_i
