id,mu,phi,beta,lam,tau,H0,V0,modelname
Slagter2016,0.23779227765113523,7.263969951194923e-06,10.064673050066125,3.2477175237654365,0.3169120127790531,524046.6312777453,259936363.7641707,four_i
