id,mu,phi,beta,tau,S0,V0,modelname
Slagter2016a,0.05710649501315829,3.0836517958849782e-09,45.91397991863718,1.8242239414021457,703496.372472266,5487836.290335162,three_i
