id,mu,phi,beta,tau,S0,V0,modelname
Slagter2016a,0.042699791718027805,3.139762557152766e-09,62.1440353277707,0.8247288344320634,799772.5530622161,6091447.742969039,ten_i
