id,mu,phi,beta,tau,S0,V0,modelname
Slagter2016,0.007028609301523292,9.200624199109908e-10,865.318096610816,0.9043157735811834,850996.8281102361,30114796.12083544,nine_i
