id,mu,phi,beta,tau,S0,V0,modelname
Slagter2016a,0.04604803717888679,3.240379328987858e-09,60.891714892626545,0.8387763496561166,758350.5574290095,6271861.022510109,ten_i
