id,mu,phi,beta,tau,S0,V0,modelname
Slagter2016a,0.0347777518854654,2.6864819564439175e-09,68.23278095950052,0.7753010920232062,878943.3498629918,6151656.743105043,ten_i
