id,mu,phi,beta,modelname
Slagter2016,0.08543557036071311,5.840161894277451e-10,219.19355087189305,zero_i
