id,mu,phi,beta,H0,V0,modelname
Slagter2016,0.09926018467870724,6.490823863261162e-10,218.8008236329934,634384.9398164484,17879853.68332625,zero_i
