id,mu,phi,beta,tau,S0,V0,modelname
Slagter2016a,0.04523039335500382,3.619484043141413e-09,59.62719358729422,1.183048781164629,809782.9566025883,6694019.989913277,eight_i
