id,mu,phi,beta,tau,S0,V0,modelname
Slagter2016,0.022835061779605936,8.074079164119745e-10,728.575638249557,1.2281059351627097,810783.6812205962,25374752.40189782,five_i
