id,mu,phi,beta,tau,S0,V0,modelname
Slagter2016a,0.04432726385540991,3.218718431389712e-09,59.797315428636594,1.00311648588978,788969.8726444865,5976180.369496848,eight_i
