id,mu,phi,beta,tau,S0,V0,modelname
Slagter2016,0.01573049602310441,8.876385929133822e-10,821.7517083629307,1.0400951877900955,796720.4549823902,26847411.83339182,seven_i
