id,mu,phi,beta,tau,S0,V0,modelname
Slagter2016a,0.042976043198845716,3.090769745668077e-09,60.7971779074908,0.8018691988185996,793981.4380229535,6204191.9753264105,ten_i
