id,mu,phi,beta,modelname
Slagter2016a,0.021227062961414092,1.3112980303057068e-09,62.698873133434184,zero_i
