id,mu,phi,beta,tau,S0,V0,modelname
Slagter2016,0.008677374401962657,9.577239808971084e-10,796.5111121362064,0.9749830820627536,882881.3416894013,26308286.145177055,eight_i
