id,mu,phi,beta,tau,S0,V0,modelname
Slagter2016a,0.05779668105065034,2.7756566692995254e-09,45.14033344162953,2.1355377900380996,688909.3542143845,5083302.914883263,two_i
