id,mu,phi,beta,tau,S0,V0,modelname
Slagter2016,0.027972581265614183,8.333341984348876e-10,725.8145212063854,1.2298375944806963,752873.3872833739,25765214.470168646,five_i
