id,mu,phi,beta,tau,S0,V0,modelname
Slagter2016a,0.048919099364901575,3.2836127221800144e-09,55.54079981807546,1.5091097549826347,756107.1645751804,5949249.466310645,five_i
