id,mu,phi,beta,tau,S0,V0,modelname
Slagter2016,0.020591788615534564,8.740158063780691e-10,753.2975957579648,1.128249774807075,792485.919697059,26263366.847750016,six_i
