id,mu,phi,beta,lam,tau,modelname
Slagter2016a,0.04560712391828111,3.0065551339680863e-09,41.20104753027912,2.183075428788896,0.4370796206812865,three_i
