id,mu,phi,beta,tau,S0,V0,modelname
Slagter2016a,0.033159198385375066,2.8170073116485116e-09,70.22680412565849,1.3249574088315919,868655.7648031341,5788677.026262047,six_i
