id,mu,phi,beta,tau,S0,V0,modelname
Slagter2016,0.020147810926526066,8.446064213771987e-10,772.4569927359071,1.116665598590021,790794.6451148931,26755162.720527552,six_i
