id,mu,phi,beta,tau,S0,V0,modelname
Slagter2016,0.05695810204751662,6.784484404226638e-10,364.172740024248,0.22170375419854246,753116.6129084285,19571926.079608154,ten_i
