id,mu,phi,beta,lam,tau,modelname
Slagter2016a,0.05059982650972076,2.8097395795285774e-09,35.85003551782153,2.584130881281818,0.3862186513329686,two_i
