id,mu,phi,beta,tau,S0,V0,modelname
Slagter2016a,0.04247202057456126,3.5026580486581606e-09,63.13578694726109,0.9391118278208819,801393.4312121627,6349571.982782439,ten_i
