id,mu,phi,beta,lam,modelname
Slagter2016a,0.05689336986438512,2.5834394477228547e-09,29.49191570855133,0.3169655754901114,one_i
