id,mu,phi,beta,tau,S0,V0,modelname
Slagter2016a,0.06204780683269861,2.8925706570742147e-09,39.91099940948065,2.0182165905271017,679097.1827595711,5435852.876101646,two_i
