id,mu,phi,beta,tau,S0,V0,modelname
Slagter2016a,0.04280173891315331,3.2259490399205608e-09,59.899029015619206,1.1747959263608598,837687.8431730526,5842549.430673832,seven_i
