id,mu,phi,beta,tau,S0,V0,modelname
Slagter2016,0.0021309849617689542,9.81108446289449e-10,827.5833556706302,0.8796843294611773,958672.1092127867,31920599.480273847,ten_i
