id,mu,phi,beta,lam,tau,S0,V0,modelname
Slagter2016a,0.06406638465322428,2.913942480352046e-09,42.68449022071535,1.9155453594948644,0.4407734034843825,622108.082856936,5475469.772731011,two_i
