id,mu,phi,beta,lam,tau,modelname
Slagter2016a,0.05677588372746255,2.686781779862918e-09,29.30718193988338,0.05592014718903508,0.30582976696460984,four_i
