id,mu,phi,beta,tau,S0,V0,modelname
Slagter2016a,0.05198247669856015,3.461546573146298e-09,54.55976502163322,1.5627843964106316,735311.3707471478,5881261.189107984,five_i
