id,mu,phi,beta,tau,S0,V0,modelname
Slagter2016,0.01257942065959682,9.416010674572666e-10,753.4845916217691,0.9707609625793128,874033.0814177064,29516326.49507925,eight_i
