id,mu,phi,beta,tau,S0,V0,modelname
Slagter2016a,0.045032604940541704,3.5541843256184353e-09,61.255970060919054,0.9342682106634658,777188.0862487525,6505811.967045348,ten_i
