id,mu,phi,beta,H0,V0,modelname
Slagter2016,0.10495944231339771,5.977997141007932e-10,269.2798344901972,494424.52757107903,19889133.626474615,zero_i
