id,mu,phi,beta,tau,S0,V0,modelname
Slagter2016a,0.04150435890838465,3.3024154518514437e-09,62.596364720419544,1.1300155282021225,844924.6060147978,6546904.646530673,eight_i
