id,mu,phi,beta,tau,S0,V0,modelname
Slagter2016,0.03637172208737945,8.330117270324773e-10,600.7532882593065,1.3551100547141715,757899.3021465775,25233379.567306366,four_i
