id,mu,phi,beta,lam,modelname
Slagter2016,0.05560124331091295,6.37131865945784e-10,376.0316300223942,0.48791921973987407,one_i
