id,mu,phi,beta,tau,S0,V0,modelname
Slagter2016,0.05203780093897995,1.2586218096222314e-08,13.042488119889944,0.5790853272901855,515624.0801781997,141967981.0422514,six_i
