id,mu,phi,beta,tau,S0,V0,modelname
Slagter2016,0.04424291502620362,7.655152612026007e-10,567.6865949103757,1.474673831915327,709085.1135175909,22423643.52595908,three_i
