id,mu,phi,beta,tau,S0,V0,modelname
Slagter2016,0.07807354764748027,6.617939796615544e-10,410.57312461476283,1.9521438476894915,554704.7557298468,20546681.258278433,one_i
