id,mu,phi,beta,H0,V0,modelname
Slagter2016a,0.07351726311570088,2.426524382265713e-09,25.07876610691237,692110.153168152,5329049.250886881,zero_i
