id,mu,phi,beta,modelname
Slagter2016a,0.07239315860231456,2.3854265010048915e-09,19.13679811672449,zero_i
