id,mu,phi,beta,tau,S0,V0,modelname
Slagter2016a,0.06607304252609879,2.735462628969142e-09,38.242165983325826,2.944103848593254,637300.9738217986,5000534.73417614,one_i
