id,mu,phi,beta,lam,tau,modelname
Slagter2016a,0.052972768654784626,2.4622971558263624e-09,33.24117891695569,0.17913702826462197,0.3527743640435113,five_i
