id,mu,phi,beta,lam,tau,S0,V0,modelname
Slagter2016a,0.0666326535990677,3.40918014237351e-09,39.85059714438306,1.8814408829487697,6.455315020467057,657879.5739371779,6364279.95222113,four_i
