id,mu,phi,beta,tau,S0,V0,modelname
Slagter2016,3.7681084089887076,1.3551014818891706e-06,6.987153861678455,3.5888727823758813,970048.0873313514,4270584.060649227,six_i
