id,mu,phi,beta,tau,S0,V0,modelname
Slagter2016a,0.057133769545405604,3.1873607267167843e-09,47.250895068349514,1.9763096434710434,707512.7898035166,5728060.884248942,three_i
