id,mu,phi,beta,tau,S0,V0,modelname
Slagter2016a,0.20051733700041494,5.355492335992798e-07,25.59615474954277,7.459663837174813,190207.47855102274,3374719.983729101,four_i
