id,mu,phi,beta,lam,tau,S0,V0,modelname
Slagter2016,0.026170335682944343,8.046450229766099e-10,701.1042491110561,1.2073815157934258,0.8305433944069704,799060.0238646773,25903547.21285217,five_i
