id,mu,phi,beta,tau,S0,V0,modelname
Slagter2016a,0.03630120738250638,3.085996063074329e-09,68.99539116187293,1.1641193347258012,908626.5883777242,6578873.344820879,eight_i
