id,mu,phi,beta,tau,S0,V0,modelname
Slagter2016,0.01725865637799552,8.066271865731543e-10,719.479291253959,1.2315911036389808,874281.8203696369,24158863.671522148,five_i
