id,mu,phi,beta,tau,S0,V0,modelname
Slagter2016a,0.07051770964190311,2.8021844754542947e-09,36.82652159049982,2.9074168090776453,596778.5684878436,5253329.935378146,one_i
