id,mu,phi,beta,tau,S0,V0,modelname
Slagter2016a,0.060612307298164095,2.8413026404382364e-09,41.95728752874694,2.138883226372189,696855.1486110389,5593893.545436276,two_i
