id,mu,phi,beta,lam,tau,S0,V0,modelname
Slagter2016,0.17202232649450458,1.5283441535100187e-09,89.78653514322615,0.1824418681052468,0.47179188611620737,666061.8282527726,46569274.324149154,five_i
