id,mu,phi,beta,tau,S0,V0,modelname
Slagter2016,0.15957845669853113,1.0201336287771795e-07,115.70439216084038,2.342255771494171,160302.3496598954,37190661.731868364,four_i
