id,mu,phi,beta,lam,tau,modelname
Slagter2016,0.013392234798036818,7.353523738597773e-10,790.1822136413297,1.3358928941446646,0.761161315071396,four_i
