id,mu,phi,beta,tau,S0,V0,modelname
Slagter2016,0.058738931625479295,2.7105682331161886e-09,462.0117194374258,1.1965482052545373,861522.7819159336,30015689.820481617,nine_i
