id,mu,phi,beta,H0,V0,modelname
Slagter2016a,0.0776767035570013,1.0239389072871278e-09,21.76121292083137,227470.7016409043,4856895.42917414,zero_i
