id,mu,phi,beta,tau,S0,V0,modelname
Slagter2016,0.007596303241262732,9.677784371151752e-10,852.7797161243516,0.855733893077738,845493.8944702365,31809018.812971275,ten_i
