id,mu,phi,beta,lam,S0,V0,modelname
Slagter2016a,0.06611079781386572,2.6883664322265828e-09,37.73557941090506,0.37033944191096135,627733.8917086356,4953137.316560237,one_i
