id,mu,phi,beta,tau,S0,V0,modelname
Slagter2016,0.012610566782291213,9.952524419274648e-10,846.8528858478187,0.8771158422481454,810231.9433379262,34425509.072005875,ten_i
