id,mu,phi,beta,lam,tau,modelname
Slagter2016,0.05474735552883402,6.355582428719466e-10,386.5921624207593,0.09654663640905435,0.48775587679970756,two_i
