id,mu,phi,beta,tau,S0,V0,modelname
Slagter2016,0.08287520500321315,7.076558992531893e-10,348.3612959151813,1.9930086016322188,592473.1261182526,21571852.847684935,one_i
