id,mu,phi,beta,tau,S0,V0,modelname
Slagter2016a,0.0247827381939475,1.166334794541261e-09,103.39022689379146,0.18514531844811835,3654348.6917699534,15310193.161922896,five_i
