id,mu,phi,beta,tau,S0,V0,modelname
Slagter2016a,0.04508653104405144,3.6735129017776733e-09,59.86992838489181,1.193678488854064,813340.3132734675,6552135.4472311605,eight_i
