id,mu,phi,beta,tau,S0,V0,modelname
Slagter2016a,0.045237028072322515,3.3537779254048575e-09,59.348917706734994,1.186379279019864,781995.8823167922,5801573.817136801,seven_i
