id,mu,phi,beta,tau,S0,V0,modelname
Slagter2016a,0.04717280064432835,3.5172663288290044e-09,59.7621582639685,1.2832802350552677,786364.1679606116,6213848.249277491,seven_i
