id,mu,phi,beta,tau,S0,V0,modelname
Slagter2016a,0.0445719347896322,3.465946900823022e-09,58.09684015194036,1.1009200084460562,811968.1652545059,6294164.378223331,eight_i
