id,mu,phi,beta,tau,S0,V0,modelname
Slagter2016a,0.04380856228089319,3.5553800978976504e-09,58.75239159794003,1.1384939906721216,818395.1133952104,6309897.160412205,eight_i
