id,mu,phi,beta,H0,V0,modelname
Slagter2016a,0.07692921069847158,2.3427966301264233e-09,28.734565212042195,560370.2924063029,5022538.896835542,zero_i
