id,mu,phi,beta,tau,S0,V0,modelname
Slagter2016a,0.04529154960105145,3.5907221342771028e-09,61.89743240401201,1.0557519974384444,779103.3744849948,6628761.686159027,nine_i
