id,mu,phi,beta,tau,S0,V0,modelname
Slagter2016,0.023941621932147477,8.056563867637794e-10,718.893926086041,1.2033513034819168,798801.405488369,24329022.84713105,five_i
