id,mu,phi,beta,tau,S0,V0,modelname
Slagter2016,0.3849930596278419,1.9202853139686582e-07,60.431499546016695,2.350944645251598,228834.58441890494,26698765.718786847,seven_i
