id,mu,phi,beta,tau,S0,V0,modelname
Slagter2016a,0.059834127683884,2.9131568994098064e-09,41.47663618628971,2.1157724044862123,693915.0351803316,5203486.885640411,two_i
