id,mu,phi,beta,tau,S0,V0,modelname
Slagter2016,0.006931268854183569,8.940631356738345e-10,837.4019035352471,0.9727597971497633,890074.1838876447,28269777.488388885,eight_i
