id,mu,phi,beta,tau,S0,V0,modelname
Slagter2016a,0.050269405139257026,3.3571358799253785e-09,55.55697114228108,1.5729317654216333,747666.147674543,6305176.185077227,five_i
