id,mu,phi,beta,lam,tau,modelname
Slagter2016a,0.06031407532383201,2.684688754286366e-09,27.29981313664519,0.014920824077806006,0.32995829259900805,three_i
