id,mu,phi,beta,tau,S0,V0,modelname
Slagter2016a,0.05858012988945271,2.5308962186173864e-09,12.005618783247423,18.03492799743966,1055995.1824256512,3565502.3466403666,five_i
