id,mu,phi,beta,tau,S0,V0,modelname
Slagter2016,0.8775911604351383,9.030531001512614e-07,83.0738992408636,3.087805591463884,293837.2632329673,47233734.68245701,four_i
