id,mu,phi,beta,tau,S0,V0,modelname
Slagter2016,0.04403914380921192,7.489970576767562e-10,578.1645595980126,1.4754895984464957,719125.1128053872,23081480.4201012,three_i
