id,mu,phi,beta,lam,modelname
Slagter2016a,0.058945088021823015,2.6303795439752065e-09,28.233678246287624,0.3233140434533105,one_i
