id,mu,phi,beta,lam,tau,H0,V0,modelname
Slagter2016a,0.045965694527670076,2.533176998242076e-09,35.82478811147254,0.007590235160867766,0.33673778505468827,180900.63146627488,4197529.519852783,four_i
