id,mu,phi,beta,tau,S0,V0,modelname
Slagter2016a,0.0635339760458694,2.667673451532261e-09,38.2111501184833,2.951914546232823,695324.686567309,5161399.669463658,one_i
