id,mu,phi,beta,tau,S0,V0,modelname
Slagter2016,0.004918481245623807,9.702301401376806e-10,887.9217328230893,0.8625483788462616,851695.9609718134,30534562.195052806,ten_i
