id,mu,phi,beta,H0,V0,modelname
Slagter2016a,0.07347529875485191,2.36705095313509e-09,27.21477753767219,640887.6549357946,4868946.682306126,zero_i
