id,mu,phi,beta,tau,S0,V0,modelname
Slagter2016,0.040280981712280575,7.577235157363761e-10,581.9265713094491,1.5093851544444876,743818.7546228368,21985549.074858528,three_i
