id,mu,phi,beta,lam,tau,modelname
Slagter2016a,0.05436785105242775,2.583448308947031e-09,31.776217041615432,0.8668513317170126,0.3432675380069175,two_i
