id,mu,phi,beta,tau,S0,V0,modelname
Slagter2016a,0.044496840402812786,3.2918128228253555e-09,61.08888858251768,1.0605506939007436,786671.9292878832,6242597.146924133,eight_i
