id,mu,phi,beta,tau,S0,V0,modelname
Slagter2016a,0.04924855083640482,3.5942358038607027e-09,57.419905711531655,1.4232215778058481,743982.8935460218,6096295.88099941,six_i
