id,mu,phi,beta,lam,tau,S0,V0,modelname
Slagter2016a,0.06762087563072135,3.043003691248799e-09,40.36623843315096,2.0177331413944968,4.517610101453212,584623.4360815752,5946269.9973442,three_i
