id,mu,phi,beta,tau,S0,V0,modelname
Slagter2016a,0.06816237340732258,2.7716858260744728e-09,36.392484319201394,2.6555203538815104,611789.9918026329,4941680.368844725,one_i
