id,mu,phi,beta,tau,S0,V0,modelname
Slagter2016,0.05340720080407948,7.200164802075042e-10,511.8670355447021,1.7117905747816606,670475.5581811335,20370142.193297297,two_i
