id,mu,phi,beta,H0,V0,modelname
Slagter2016,0.10920665213462737,6.199499946860394e-10,249.09979793626027,488561.908231254,20879695.806469113,zero_i
