id,mu,phi,beta,tau,S0,V0,modelname
Slagter2016,0.014402213568466523,8.342193120670686e-10,797.3927368419147,1.119696039836461,824573.552904786,25555520.477278087,six_i
