id,mu,phi,beta,tau,S0,V0,modelname
Slagter2016,0.0277870281858809,7.667226603683704e-10,677.8574196964036,1.3458044687130348,808017.8171855859,22887213.10138587,four_i
