id,mu,phi,beta,tau,S0,V0,modelname
Slagter2016,0.009623985342803402,9.417079152913673e-10,790.6400148809605,0.9804129328654642,855446.8498891909,29282654.80236958,eight_i
