id,mu,phi,beta,lam,tau,modelname
Slagter2016,0.006766663145383522,7.710842968426215e-10,879.3526164689989,1.1846250754072343,0.8152868227314541,five_i
