id,mu,phi,beta,tau,S0,V0,modelname
Slagter2016,0.08765303204345644,6.184148183118299e-10,257.20341081783573,0.7637460596445645,698419.9724741875,18567980.245962434,one_i
