id,mu,phi,beta,tau,S0,V0,modelname
Slagter2016a,0.07119265424007583,2.9070881007786726e-09,34.821104042874545,2.8242883375539987,590746.087998375,5172482.113876245,one_i
