id,mu,phi,beta,tau,S0,V0,modelname
Slagter2016a,0.05040557349921626,3.239247629395005e-09,53.79606152895278,1.4621639840701208,747142.8094761174,6057119.132616819,five_i
