id,mu,phi,beta,lam,tau,S0,V0,modelname
Slagter2016,0.04619172409747049,7.707393087287839e-10,553.6455610320926,1.506317668682712,0.6890767888551449,715209.4516549141,23307277.82588874,three_i
