id,mu,phi,beta,lam,tau,modelname
Slagter2016a,0.04546576421312042,3.0512383350354824e-09,41.21224587250759,2.2552775693852287,0.4434757742787065,three_i
