id,mu,phi,beta,modelname
Slagter2016,0.021806484927784,1.4413158106226895e-09,101.33250047638414,zero_i
