id,mu,phi,beta,tau,S0,V0,modelname
Slagter2016,0.027726987555978393,8.647804905855525e-10,648.8720831037432,1.225769329266672,805948.3475687073,25558476.07710192,five_i
