id,mu,phi,beta,H0,V0,modelname
Slagter2016a,0.07232958485889796,2.453515263392531e-09,27.521069185762805,629939.1106980287,4805047.386569269,zero_i
