id,mu,phi,beta,tau,S0,V0,modelname
Slagter2016a,0.05612478350026218,3.0262618512563803e-09,48.28737176510275,1.8925921606288894,709176.2643208775,5604457.799608235,three_i
