id,mu,phi,beta,tau,S0,V0,modelname
Slagter2016,0.038129693179526324,1.0283460752852632e-09,675.1200436166647,1.1613179662022184,690770.0262068282,25798638.652035914,six_i
