id,mu,phi,beta,tau,S0,V0,modelname
Slagter2016,0.01203511223302316,9.379809193751567e-10,874.8839362759016,0.9017774840774689,798307.172322935,29330909.443490986,nine_i
