id,mu,phi,beta,lam,S0,V0,modelname
Slagter2016,0.09603522417710268,1.856951143394656e-09,102.12200564901914,0.3377462472630703,1666626.4802219549,9894232.819311421,one_i
