id,mu,phi,beta,tau,S0,V0,modelname
Slagter2016,0.012726916999584247,9.548265183078402e-10,861.3667282230253,0.9928012349563593,782586.4205204605,28935189.160063162,eight_i
