id,mu,phi,beta,H0,V0,modelname
Slagter2016,0.09615672177706353,5.874211056868461e-10,271.8095227068077,567578.114804325,17907775.25186975,zero_i
