id,mu,phi,beta,tau,S0,V0,modelname
Slagter2016a,2.3640395584538125,1.1477493994265414e-06,16.669997114363472,5.990564974861753,6025502.559984685,18217071.5781365,six_i
