id,mu,phi,beta,lam,tau,modelname
Slagter2016a,0.05750138755365147,2.5459397801132024e-09,30.512069637784176,0.05974376677704579,0.3139513770384013,five_i
