id,mu,phi,beta,tau,S0,V0,modelname
Slagter2016a,0.04289686993404181,3.3822684012844995e-09,60.79587190187683,0.9962191249017656,819618.3475075599,6448749.514484545,nine_i
