id,mu,phi,beta,tau,S0,V0,modelname
Slagter2016,0.005891447885212244,8.9453254010656e-10,871.0151929619448,0.9704619437070486,855006.8892442632,27613974.696851596,eight_i
