id,mu,phi,beta,lam,S0,V0,modelname
Slagter2016,0.07645543438245365,6.655203288309208e-10,402.12474308609586,0.5042087574209981,583178.3147784214,20534188.725426327,one_i
