id,mu,phi,beta,tau,S0,V0,modelname
Slagter2016,0.05686442820305275,6.955118939740298e-10,520.2703133315231,1.6753994773005574,646481.6215402056,21426969.789611407,two_i
