id,mu,phi,beta,H0,V0,modelname
Slagter2016a,0.0761552234328279,2.372890343337539e-09,28.420920656463696,572492.684617093,4961254.752654402,zero_i
