id,mu,phi,beta,tau,S0,V0,modelname
Slagter2016,0.03699709232098581,7.492959038394226e-10,594.2530104447346,1.505423686637992,759110.1292335849,21374519.365610857,three_i
