id,mu,phi,beta,tau,S0,V0,modelname
Slagter2016a,0.04354498679761575,3.259889389217907e-09,61.39136142332202,0.8647133048048838,797913.2367590301,6371076.864145819,ten_i
