id,mu,phi,beta,tau,S0,V0,modelname
Slagter2016,0.03866332976496278,7.283499140167521e-10,625.8387480708976,1.499959199508055,727627.1650992665,22413810.132862568,three_i
