id,mu,phi,beta,tau,S0,V0,modelname
Slagter2016a,0.054124692776988954,3.207965624107002e-09,50.33620797308663,1.6522436927101156,721379.1832610619,5889467.760310967,four_i
