id,mu,phi,beta,tau,S0,V0,modelname
Slagter2016,0.07062781149687976,6.693596115823968e-10,399.0464376900673,1.9702605320818252,629716.3547405917,18044807.852670565,one_i
