id,mu,phi,beta,lam,tau,S0,V0,modelname
Slagter2016,0.12873077826663168,1.3355651607362403e-09,193.8685687126047,1.1796071488358872,0.6074845181338263,482605.82901750377,36089399.357539706,three_i
