id,mu,phi,beta,tau,S0,V0,modelname
Slagter2016a,0.0541675836928821,2.751524665525359e-09,46.4200434721967,2.3239071172354295,762885.6165154465,5220301.349652201,two_i
