id,mu,phi,beta,lam,tau,modelname
Slagter2016a,0.03943410212218969,3.326787161365414e-09,49.48530967868358,1.7482444875529317,0.5689069120018992,five_i
