id,mu,phi,beta,lam,tau,modelname
Slagter2016a,0.04222886820814458,3.195031096089454e-09,45.69863776187337,1.960324504863049,0.504798810653425,four_i
