id,mu,phi,beta,tau,S0,V0,modelname
Slagter2016a,0.0621872018945951,3.0123860078577205e-09,43.380442318510454,2.3004515363953795,645675.5379400486,5329116.104400642,two_i
