id,mu,phi,beta,modelname
Slagter2016a,0.07276608888939372,2.380286574000081e-09,19.120218103528753,zero_i
