id,mu,phi,beta,tau,S0,V0,modelname
Slagter2016,0.008925791025859792,9.413029289415166e-10,863.0077610883909,0.9088568050747153,824526.060462586,29831470.36737059,nine_i
