id,mu,phi,beta,tau,S0,V0,modelname
Slagter2016a,0.04599672859063448,3.4737131655916963e-09,60.24003997240253,1.244511485146677,766256.5195229917,6220602.556504147,seven_i
