id,mu,phi,beta,tau,S0,V0,modelname
Slagter2016,0.05679488161800684,7.010021753677505e-10,505.9001585791615,1.664446099347837,657825.6566874202,21095326.694454193,two_i
