id,mu,phi,beta,tau,S0,V0,modelname
Slagter2016a,0.055353316858797484,3.1029046589977704e-09,47.07419571879179,1.9057899438969883,717132.5025366845,5545959.954280939,three_i
