id,mu,phi,beta,tau,S0,V0,modelname
Slagter2016,0.06546948474210833,2.326739596033901e-09,515.1628260127727,1.3624043159945403,766140.6126451103,24762573.73862694,seven_i
