id,mu,phi,beta,tau,S0,V0,modelname
Steenhauer2016,0.08367130340563234,8.661342388958712e-11,28691.134389363666,0.0008054845968706387,10938.85053772442,2210773.4682962825,six_i
