id,mu,phi,beta,tau,S0,V0,modelname
Steenhauer2016,0.08146788283472536,1.1249406770915968e-10,34564.07340760075,1.2005178432890904,10343.308271447271,1976632.3883469105,one_i
