id,mu,phi,beta,tau,S0,V0,modelname
Steenhauer2016,0.0785216188292677,1.8417236172064128e-10,40438.27506809011,0.8110199508798446,10453.18848741477,1708003.052918594,four_i
