id,mu,phi,beta,tau,S0,V0,modelname
Steenhauer2016,0.0800311890259734,1.7773771714161497e-10,44213.009635638606,0.8093405761183298,9442.857811857364,1724844.4148659934,four_i
