id,mu,phi,beta,lam,tau,H0,V0,modelname
Steenhauer2016,0.16815581430086068,1.8184785409185197e-08,77.24069911415208,0.23388198166816895,3.3858425371773087,12773.475250703357,14495747.755611215,four_i
