id,mu,phi,beta,tau,S0,V0,modelname
Steenhauer2016,0.08762707435898763,9.753090763829963e-11,22699.638600969687,0.006829702185133055,10954.960032787847,2755549.852082412,nine_i
