id,mu,phi,beta,tau,S0,V0,modelname
Steenhauer2016,0.09040244211167606,8.818764045977227e-11,24256.565482404047,0.0005074645233303491,10114.55354704178,3596720.1979769594,ten_i
