id,mu,phi,beta,tau,S0,V0,modelname
Steenhauer2016,0.0909381532246078,8.784364722498221e-11,23435.613061827517,0.02005019594193821,10318.453497882845,3876281.262400935,one_i
