id,mu,phi,beta,tau,S0,V0,modelname
Steenhauer2016,0.12803077254835973,9.230317191993744e-10,4259.342765646586,0.9812216709129726,9221.220809707993,5624993.546626194,five_i
