id,mu,phi,beta,H0,V0,modelname
Steenhauer2016,0.08876982787752509,9.136750294598078e-11,25271.253732718895,9873.401907403711,3414290.424450372,zero_i
