id,mu,phi,beta,tau,S0,V0,modelname
Steenhauer2016,0.08945631904142351,8.834581030477936e-11,24206.08760153468,0.001882570352941722,10580.059751753322,3393890.3604264637,six_i
