id,mu,phi,beta,tau,S0,V0,modelname
Steenhauer2016,0.08295908465601708,2.885874744691174e-10,43416.80152317507,0.6238490752295619,9313.979031165645,1526327.472261645,eight_i
