id,mu,phi,beta,tau,S0,V0,modelname
Steenhauer2016,0.09147360569568813,9.764938964766537e-11,20404.594608730295,0.0008942736241140452,10587.097035000095,3458821.198904222,eight_i
