id,mu,phi,beta,tau,S0,V0,modelname
Steenhauer2016,0.09185531132984746,3.7376294118470294e-10,36567.75845133436,0.666527091888955,7913.280030919995,1620601.1321458586,eight_i
