id,mu,phi,beta,lam,tau,S0,V0,modelname
Steenhauer2016,0.18386014233474457,8.865483945217113e-10,412.7688953335811,0.05546999987739666,3.8687544117630788,5822.462633895807,15195968.592879212,two_i
