id,mu,phi,beta,tau,S0,V0,modelname
Steenhauer2016,0.08842118656485226,2.2471423061913007e-10,37097.452469093754,0.8802716172240034,8127.933178771788,1718278.9978979311,four_i
