id,mu,phi,beta,tau,S0,V0,modelname
Steenhauer2016,0.08249135275631352,2.4893313597104055e-10,45570.53278322764,0.6575366247054568,9140.460872050146,1651753.7961755786,seven_i
