id,mu,phi,beta,tau,S0,V0,modelname
Steenhauer2016,0.08228828918684826,8.985943483902161e-11,29424.775853767103,0.018719092266212763,10914.984833733462,2336117.8455819655,five_i
