id,mu,phi,beta,tau,S0,V0,modelname
Steenhauer2016,0.08552484975084385,2.8073630280574144e-10,46003.32070728002,0.6351356230209948,8710.522427559348,1726768.486353703,eight_i
