id,mu,phi,beta,lam,tau,S0,V0,modelname
Steenhauer2016,0.08352320194726799,8.904342228797242e-11,27976.974479677287,0.0017797910143298133,94.60977182661857,10975.585927357595,2370171.0015983996,three_i
