id,mu,phi,beta,tau,S0,V0,modelname
Steenhauer2016,0.08131564382351998,3.078124934616787e-10,47321.32469581255,0.5410386350606357,8919.310541057346,1705838.8196302091,ten_i
