id,mu,phi,beta,tau,S0,V0,modelname
Steenhauer2016,0.08166444158733803,2.367976860458806e-10,42755.39805905097,0.7099613958014831,9561.587752960979,1596408.7032450605,six_i
