id,mu,phi,beta,tau,S0,V0,modelname
Steenhauer2016,0.07703578983894196,1.49062904334887e-10,42645.85006191286,0.8622944566037283,10446.947059788114,1683268.5814459352,three_i
