id,mu,phi,beta,tau,S0,V0,modelname
Steenhauer2016,0.08090680549712678,1.399738704194313e-10,35534.279608610064,1.0067665257622804,10280.053110250208,1961477.7725781824,two_i
