id,mu,phi,beta,tau,S0,V0,modelname
Steenhauer2016,0.0904785745471853,9.02328731371049e-11,24481.02649520003,0.010980521511789647,9693.646085825798,3603589.3012094987,one_i
