id,mu,phi,beta,tau,S0,V0,modelname
Steenhauer2016,0.09061165427525275,9.809631945925113e-11,22046.475225009544,0.0030075314751674964,9850.085373450971,3544429.7129306616,one_i
