id,mu,phi,beta,tau,S0,V0,modelname
Steenhauer2016,0.12954385684392236,6.417613180755267e-10,4326.043509231068,1.1519352316092641,7970.616962808744,5225914.400546567,three_i
