id,mu,phi,beta,tau,S0,V0,modelname
Steenhauer2016,0.0843286544683539,9.020515570386164e-11,26714.76181655965,0.0136787355558086,11034.042629641111,2537515.9099166663,three_i
