id,mu,phi,beta,tau,S0,V0,modelname
Steenhauer2016,0.09282493386596864,9.906763895284082e-11,21249.4842139288,0.012382514677468478,9736.733091476728,4122554.9600829654,eight_i
