id,mu,phi,beta,tau,S0,V0,modelname
Steenhauer2016,0.09171828311504016,9.563779115379132e-11,23391.592304670114,0.000643747056278889,9174.876209454542,3713653.1736873304,five_i
