id,mu,phi,beta,tau,S0,V0,modelname
Steenhauer2016,0.08400061890176637,2.43746108691779e-10,32633.346756993717,0.6087959888600649,9659.880218595217,3424993.7107579876,seven_i
