id,mu,phi,beta,tau,S0,V0,modelname
Steenhauer2016,1.1963446694372661,1.2399718287301474e-08,29.91401059284462,2.23774895442803,30101.56772065582,121158574.47600146,ten_i
