id,mu,phi,beta,tau,S0,V0,modelname
Steenhauer2016,0.09161680922097551,9.29278194796274e-11,22988.861553299164,0.00253695231180868,9959.953792865777,3362453.3643167033,three_i
