id,mu,phi,beta,tau,S0,V0,modelname
Steenhauer2016,0.07613929012484706,2.453473938807556e-10,51311.65762134921,0.5411782225519947,10069.358889362733,1560012.276318662,nine_i
