id,mu,phi,beta,tau,S0,V0,modelname
Steenhauer2016,0.08354113444531226,8.925044765641839e-11,28457.131259227557,0.0021269648215004448,10774.11451693147,2258691.870452223,six_i
