id,mu,phi,beta,lam,tau,H0,V0,modelname
Steenhauer2016,0.11266974206042087,3.794175166981907e-10,4882.006372299028,0.21388524287543773,0.6079092861349674,14136.324046361691,2915001.325856779,three_i
