id,mu,phi,beta,lam,tau,H0,V0,modelname
Steenhauer2016,0.1270226395706927,5.616548627599505e-10,1340.4235835258132,0.3284639590963676,2.3629721238562453,54867.288992661,8444088.947402563,two_i
