id,mu,phi,beta,tau,S0,V0,modelname
Steenhauer2016,0.08422024892570291,1.4300639458084272e-10,36386.09638598308,1.0636235358124047,9432.93799115295,1925037.290698635,two_i
