id,mu,phi,beta,tau,S0,V0,modelname
Steenhauer2016,0.08383690200459405,8.618252665082762e-11,28331.954209255735,0.028985899334108424,11084.003437345245,2357829.632245654,one_i
