id,mu,phi,beta,tau,S0,V0,modelname
Steenhauer2016,0.07680366986675755,2.0846848892905254e-10,46171.09771374504,0.6724593223481232,10625.733288862117,1512303.6657626615,six_i
