id,mu,phi,beta,tau,S0,V0,modelname
Steenhauer2016,0.09143233662111236,1.0562824146731823e-10,20634.386925682855,0.019956559874049,9722.47045852962,3826413.1831900133,five_i
