id,mu,phi,beta,tau,S0,V0,modelname
Steenhauer2016,0.08333726189258506,1.5007335692081751e-10,34492.765144334844,1.0779237870380012,9841.664091257682,1960669.710522969,two_i
