id,mu,phi,beta,lam,tau,S0,V0,modelname
Steenhauer2016,0.23652945486059176,1.1135508667143138e-09,1061.0030507133624,0.019513615270595978,0.5507452364389254,933.3350620316611,4851756.267579388,four_i
