id,mu,phi,beta,tau,S0,V0,modelname
Steenhauer2016,0.09158147329264293,9.462393884488743e-11,22096.65220851141,0.0010460080568403354,9912.13353385756,3475560.758481919,two_i
