id,mu,phi,beta,tau,S0,V0,modelname
Steenhauer2016,0.08241350030086939,3.3971138385168453e-10,46375.87364367895,0.5679597951010079,9115.07439841707,1472942.2163070752,ten_i
