id,mu,phi,beta,tau,S0,V0,modelname
Steenhauer2016,0.09067055911061989,1.0103263144062801e-10,20315.924246306506,0.0018855039009912605,10514.016509186036,3392382.371757662,five_i
