id,mu,phi,beta,tau,S0,V0,modelname
Steenhauer2016,0.08494368352340238,9.123891054894163e-11,26197.768916056248,0.011719519772924528,10891.703973263788,2461413.521543698,one_i
