id,mu,phi,beta,tau,S0,V0,modelname
Steenhauer2016,0.08087314530257204,2.3552078908704033e-10,38691.78248453444,0.5156612947061864,10253.468014399792,3121216.35774911,nine_i
