id,mu,phi,beta,modelname
Steenhauer2016,0.09870983975820577,9.630955296180505e-11,12929.262669039046,zero_i
