id,mu,phi,beta,lam,tau,S0,V0,modelname
Steenhauer2016,0.16659015109311384,5.705075343163566e-10,2543.003013744936,0.02189550202325574,0.5895063969948785,4581.106922727271,3344100.0533965896,five_i
