id,mu,phi,beta,tau,S0,V0,modelname
Steenhauer2016,0.08569707069639645,9.483403139521725e-11,24875.185736154905,0.004773599402366031,10879.027088365647,2651114.426658034,ten_i
