id,mu,phi,beta,tau,S0,V0,modelname
Steenhauer2016,0.10890119165114269,2.344824715276532e-10,5253.048715619326,0.06052168851220583,10868.053748359742,6127277.030033126,seven_i
