id,mu,phi,beta,tau,S0,V0,modelname
Steenhauer2016,0.08263728110944084,9.172019714346514e-11,27422.30588130684,0.0035577672627714234,11189.690382696752,2241358.049833055,four_i
