id,mu,phi,beta,tau,S0,V0,modelname
Steenhauer2016,0.09032299178935331,9.07269047431078e-11,24608.790344251487,0.0014056290137044024,9636.1852566859,3651603.2003611634,four_i
