id,mu,phi,beta,tau,S0,V0,modelname
Steenhauer2016,2.5954696090493,1.2453328187771593e-08,79.70203634082804,1.4088037837677303,16693.36308645261,208088223.335859,ten_i
