id,mu,phi,beta,modelname
Steenhauer2016,0.0099890778038267,1.8699416153027693e-09,53.14199155942497,zero_i
