id,mu,phi,beta,tau,S0,V0,modelname
Steenhauer2016,0.09098717459432275,8.902793213861108e-11,23426.18245833283,0.0008035719349679863,10231.61045217362,3594548.2388127064,two_i
