id,mu,phi,beta,tau,S0,V0,modelname
Steenhauer2016,0.10830713405175753,2.970166854000228e-10,12239.047844623801,1.230989082758442,7444.660405061336,3974295.4339843094,two_i
