id,mu,phi,beta,lam,modelname
Steenhauer2016,0.09877600114152035,9.741535210315188e-11,12778.029512527779,53.63942681858561,one_i
