id,mu,phi,beta,tau,S0,V0,modelname
Steenhauer2016,0.47846351778428486,3.437495117218102e-08,253.0928725794832,1.382115069354815,9713.410120452125,6261127.876872262,nine_i
