id,mu,phi,beta,tau,S0,V0,modelname
Steenhauer2016,0.08172118246556145,9.247441438419262e-11,29468.01129294045,0.012460077447273135,10798.901896370926,2399999.572695629,nine_i
