id,mu,phi,beta,tau,S0,V0,modelname
Steenhauer2016,0.08349549997606112,2.74498930252517e-10,48420.94356501017,0.632984295520333,8988.946533516471,1561828.3604251575,eight_i
