id,mu,phi,beta,H0,V0,modelname
Steenhauer2016,0.08426670339203281,8.69229885243862e-11,28260.414940782586,10843.819934480742,2366899.4969758736,zero_i
