id,mu,phi,beta,tau,S0,V0,modelname
Steenhauer2016,0.08413626237222654,3.5345538174851664e-10,45345.795077641895,0.5750494875140618,8673.75986940442,1621276.7748007316,ten_i
