id,mu,phi,beta,lam,tau,modelname
Steenhauer2016,0.09920541066462657,9.699285666204461e-11,12632.198593611638,5.291860417667519e-05,141.4799787528695,two_i
