id,mu,phi,beta,lam,tau,modelname
Steenhauer2016,0.09859376844180091,9.505490403002756e-11,13162.958082129258,5.804763263439666e-05,175.1602395524442,four_i
