id,mu,phi,beta,lam,tau,S0,V0,modelname
Steenhauer2016,0.15911820931596338,6.423119534546193e-10,2398.7938625350644,0.10023068159432454,0.5746236653441251,5357.642559408431,4101215.4244658565,three_i
