id,mu,phi,beta,tau,S0,V0,modelname
Steenhauer2016,0.07684220150697121,2.5912300311735086e-10,51115.64320169016,0.5578649940609025,10043.540273139637,1534065.0613179011,nine_i
