id,mu,phi,beta,tau,S0,V0,modelname
Steenhauer2016,0.09031190787944413,9.386294210935465e-11,23028.099228181254,0.02572543588825537,10160.205454166018,3616755.5540571637,three_i
