id,mu,phi,beta,lam,tau,modelname
Steenhauer2016,0.0074108306056701,1.4102878205023194e-09,64.48904515046048,0.020835827415227,0.0531400491579093,four_i
