id,mu,phi,beta,tau,S0,V0,modelname
Steenhauer2016,0.0908204907479098,9.152844320057772e-11,23862.57112306465,0.00045364943911374274,9629.700856081266,3724171.1805913374,nine_i
