id,mu,phi,beta,lam,tau,S0,V0,modelname
Steenhauer2016,0.07779804678922156,1.7222070909428914e-10,44379.380178344,0.783897544801083,35.175917449448264,10036.025422696262,1638117.6060262877,five_i
