id,mu,phi,beta,lam,S0,V0,modelname
Steenhauer2016,0.7412733894960878,1.3511481751465357e-07,12.051493746226255,0.03641207515286884,17134.798138622216,2069266.1712369155,one_i
