id,mu,phi,beta,tau,S0,V0,modelname
Steenhauer2016,0.08375827715686199,8.728684510160705e-11,28462.702546243763,0.0017789008229373506,10932.132408963826,2302759.3055299697,five_i
