id,mu,phi,beta,H0,V0,modelname
Steenhauer2016,0.19757398735706977,1.4312038135937217e-08,88.10870723952884,3382.730346641747,54993626.628583096,zero_i
