id,mu,phi,beta,tau,S0,V0,modelname
Steenhauer2016,0.08058607723053794,1.4308924043011871e-10,34828.42229455056,1.037384928571132,10668.871114589861,1773829.5600345996,two_i
