id,mu,phi,beta,lam,tau,H0,V0,modelname
Steenhauer2016,0.1381868655397929,1.3360030439654574e-09,1772.8139641636271,1.004156959176155,1.2637634395547719,1716.5805310048574,3555757.101281411,five_i
