id,mu,phi,beta,tau,S0,V0,modelname
Steenhauer2016,0.12862578105006423,3.7494299227317575e-10,5769.029178522188,1.647460510215241,6405.159445377018,3710893.349619172,one_i
