id,mu,phi,beta,H0,V0,modelname
Steenhauer2016,0.12340789473967131,2.846894482244522e-10,3249.341841706737,8648.330006032682,5957828.851479638,zero_i
