id,mu,phi,beta,tau,S0,V0,modelname
Steenhauer2016,0.09158388931896154,9.94064426317648e-11,20878.741779790813,0.014245237498996621,10306.072982344636,3937361.3665998867,six_i
