id,mu,phi,beta,tau,S0,V0,modelname
Steenhauer2016,0.08513829498119302,9.600150312837039e-11,25597.910983750426,0.005799286166512041,10578.758216021215,2522499.9978440437,five_i
