id,mu,phi,beta,tau,S0,V0,modelname
Steenhauer2016,0.138061981275937,7.008687382030116e-10,737.3007875470589,0.09020483009047507,14200.252363655049,8922566.788051805,six_i
