id,mu,phi,beta,tau,S0,V0,modelname
Steenhauer2016,0.09004930166846754,9.851377665704476e-11,24460.38128967629,0.011718069868693169,9302.135033922126,3718414.0685300273,ten_i
