id,mu,phi,beta,tau,S0,V0,modelname
Steenhauer2016,0.0912483010605715,8.804894381277111e-11,23328.364995334214,0.015157269363769845,10299.645046389785,3833280.5225105803,four_i
