id,mu,phi,beta,tau,S0,V0,modelname
Steenhauer2016,0.08383952303867304,1.5022529275858186e-10,38452.94201639845,0.6949233294576721,9040.906888160322,3332251.8927514115,four_i
