id,mu,phi,beta,H0,V0,modelname
Steenhauer2016,0.09384128556884261,9.67910596729715e-11,20233.62113101102,9990.049370815614,3899702.040902988,zero_i
