id,mu,phi,beta,tau,S0,V0,modelname
Steenhauer2016,0.07033888131077773,7.097455064186199e-09,86.73714056548252,1.224912583413943,9186.37531871433,1783122.8892228731,five_i
