id,mu,phi,beta,lam,S0,V0,modelname
Steenhauer2016,0.10443206480563606,2.853732534830931e-10,10219.167198084835,0.5689928420605864,10783.049158143564,1856069.5411496405,one_i
