id,mu,phi,beta,tau,S0,V0,modelname
Steenhauer2016,0.0782911807127065,2.4171774355164485e-10,46142.43917200133,0.6373848135997017,9829.818665761713,1582982.436490776,seven_i
