id,mu,phi,beta,tau,S0,V0,modelname
Steenhauer2016,0.17494439557470987,2.8988694913093545e-09,1787.7218296229569,0.9486255917774964,7831.59911584374,5487328.236509162,eight_i
