id,mu,phi,beta,tau,S0,V0,modelname
Steenhauer2016,0.079718804097527,1.8086771002240783e-10,40407.45889471844,0.8094642885663779,10367.051528168964,1674394.1444690782,four_i
