id,mu,phi,beta,lam,tau,S0,V0,modelname
Steenhauer2016,0.08240715400975561,1.1471255290391193e-10,33777.03305526392,0.00010778267223441912,0.8311932243321961,10112.669693426982,2114456.107591296,four_i
