id,mu,phi,beta,tau,S0,V0,modelname
Steenhauer2016,0.08248775665139792,8.179869327701518e-11,31270.928695127233,0.00451474714781707,10971.441937349313,2364860.154978227,seven_i
