id,mu,phi,beta,H0,V0,modelname
Steenhauer2016,0.08406055711009268,8.718992762382602e-11,27851.45233930645,10977.185753059131,2286542.5466274144,zero_i
