id,mu,phi,beta,tau,S0,V0,modelname
Steenhauer2016,0.08482989514232414,2.240274584957108e-10,40510.03609566143,0.7704554578193525,8715.902679782206,1762034.68766609,five_i
