id,mu,phi,beta,H0,V0,modelname
Steenhauer2016,0.08324057833517515,8.830806014359794e-11,29033.319429638846,10660.25719541301,2304511.3831932717,zero_i
