id,mu,phi,beta,H0,V0,modelname
Steenhauer2016,0.11840514083387464,2.4196000676763366e-10,4096.8105673839555,9609.854663112437,6032185.984308735,zero_i
