id,mu,phi,beta,tau,S0,V0,modelname
Steenhauer2016,0.08324668301735692,8.82390382692068e-11,29296.566125436344,0.017782320600536538,10804.169550642842,2305893.990882408,three_i
