id,mu,phi,beta,lam,tau,modelname
Steenhauer2016,0.09858667636651547,9.580804777422061e-11,13056.386102615663,4.118367683963687e-05,101.47482571398017,three_i
