id,mu,phi,beta,tau,S0,V0,modelname
Steenhauer2016,0.08456597492146871,9.466865429644138e-11,25452.9151633695,0.003647853590815606,11032.276069089121,2451237.8033042247,six_i
