id,mu,phi,beta,tau,S0,V0,modelname
Steenhauer2016,0.08514414143434286,1.9368582908923986e-10,34617.88856568012,0.9775987875139933,9320.158192373483,1653283.2534855925,three_i
