id,mu,phi,beta,tau,S0,V0,modelname
Steenhauer2016,0.11888638551136842,5.456499072554979e-10,9466.131198013158,1.0495554758671601,7074.496306523787,4329085.836035517,four_i
