id,mu,phi,beta,tau,S0,V0,modelname
Steenhauer2016,0.09048405990408898,9.195698915457556e-11,22930.24181604901,0.0010169583907858007,10180.52031682848,3465102.9305115216,seven_i
