id,mu,phi,beta,lam,tau,modelname
Steenhauer2016,0.0074108306056701,1.410287820502319e-09,64.48904515046048,0.020835827415227,0.0531400491579093,five_i
