id,mu,phi,beta,tau,S0,V0,modelname
Steenhauer2016,0.07611556527635081,2.439628538905739e-10,50952.38645621952,0.5423378952218374,10308.91209958889,1509854.7092246164,nine_i
