id,mu,phi,beta,tau,S0,V0,modelname
Steenhauer2016,0.07990525817497934,2.4645467237205733e-10,49942.56835628342,0.594569237595327,9242.13498577864,1664005.3270827907,eight_i
