id,mu,phi,beta,tau,S0,V0,modelname
Steenhauer2016,0.07956362468012483,1.569077838815722e-10,40276.70165698748,0.8967096942311449,10186.001567392095,1743579.4081747348,three_i
