id,mu,phi,beta,H0,V0,modelname
Steenhauer2016,0.084698108354405,9.065859689856878e-11,26617.168271666695,10825.524720156734,2418254.469233838,zero_i
