id,mu,phi,beta,tau,S0,V0,modelname
Steenhauer2016,0.09089127731573811,9.989700284555364e-11,21608.438182935883,0.00012401856808377023,9782.515799488952,3599636.7575510372,ten_i
