id,mu,phi,beta,tau,S0,V0,modelname
Steenhauer2016,0.08130205697669306,1.9927423044320766e-10,43934.140960538505,0.5282706648910026,9417.62841987084,3180950.3429552456,eight_i
