id,mu,phi,beta,tau,S0,V0,modelname
Steenhauer2016,0.08306647748112188,1.1401960071840298e-10,31982.435261124632,1.1718145132813607,10434.09312158418,2148648.259009362,one_i
