id,mu,phi,beta,H0,V0,modelname
Steenhauer2016,0.0830991444231504,8.642217280867839e-11,29442.464279309854,10820.878643381151,2308355.5289693987,zero_i
