id,mu,phi,beta,tau,S0,V0,modelname
Steenhauer2016,0.08351443047511074,9.015364944408226e-11,27371.39912171754,0.01185448466151428,11267.621061030166,2495157.533932739,seven_i
