id,mu,phi,beta,tau,S0,V0,modelname
Steenhauer2016,0.09083748849868335,9.206680185474131e-11,22983.260951190838,0.0029299748140764704,10038.766549996357,3634676.6415703185,three_i
