id,mu,phi,beta,tau,S0,V0,modelname
Steenhauer2016,0.08782241246529028,1.3020686336604346e-10,29608.13700003366,0.9535286334193159,9921.374869993335,3688818.3113425216,two_i
