id,mu,phi,beta,lam,tau,modelname
Steenhauer2016,0.09863905432244092,9.700348151612113e-11,12877.113841347998,0.0001894146374059779,311.5017457717708,five_i
