id,mu,phi,beta,tau,S0,V0,modelname
Steenhauer2016,0.08243088073618837,1.2245536076789393e-10,30810.27403030251,1.2507082372954441,10577.232584751022,2097826.745503117,one_i
