id,mu,phi,beta,lam,tau,S0,V0,modelname
Steenhauer2016,0.082636593534439,1.1604668792020111e-10,34008.049741094896,4.791799819245363e-06,0.8136091192963224,9953.648328256768,2055248.509149755,two_i
