id,mu,phi,beta,tau,S0,V0,modelname
Steenhauer2016,0.07936161778227385,1.3577645510954813e-10,37439.40615847429,1.0112379566708611,10616.919183666814,1854542.1223223733,two_i
