id,mu,phi,beta,tau,S0,V0,modelname
Steenhauer2016,0.09164995836331111,9.444483436470579e-11,21980.726030946284,0.00029740454492314987,10057.944764152619,3538109.3967957543,seven_i
