id,mu,phi,beta,H0,V0,modelname
Steenhauer2016,0.16004406284681386,2.846028963365635e-09,54.682862610147986,2875.33129390254,6541547.354500363,zero_i
