id,mu,phi,beta,tau,S0,V0,modelname
Steenhauer2016,0.08965561491642011,8.409725978207218e-11,26912.90613824152,0.0011725085492314785,9695.525479258038,3565603.7840018105,nine_i
