id,mu,phi,beta,tau,S0,V0,modelname
Steenhauer2016,0.12854013366184266,1.1769028255822591e-08,243.06859557830484,0.20537997557426776,35953.03989945186,11790375.385101449,seven_i
