id,mu,phi,beta,tau,S0,V0,modelname
Steenhauer2016,0.08106001170632056,2.1966076472750545e-10,34002.86534722833,0.6646042201349407,10929.984932778205,2927110.1049837465,six_i
