id,mu,phi,beta,H0,V0,modelname
Steenhauer2016,0.0913788726396137,9.57568136800118e-11,22063.880236634657,9826.012309552958,3380168.520366244,zero_i
