id,mu,phi,beta,tau,S0,V0,modelname
Tomaru39,0.004598330976538405,3.4697112456107944e-09,1.176153708125387,0.5182980799362735,152840.48180270247,2493975.266284745,ten_i
