id,mu,phi,beta,lam,tau,modelname
Tomaru51,0.03300540526652907,1.982317841873533e-09,4719.305912021864,0.3725216369755011,0.03844097530153143,five_i
