id,mu,phi,beta,lam,tau,modelname
Tomaru39,0.005555989489557819,2.7977439092527384e-09,0.7265166461298405,0.016971597789660668,0.03153358854791531,three_i
