id,mu,phi,beta,H0,V0,modelname
Tomaru39,0.018953274216717938,9.377368857224691e-09,0.3795625097804494,166388.55948443574,2610380.1888668234,zero_i
