id,mu,phi,beta,modelname
Tomaru43,0.025169226758069884,4.031063313226328e-10,344.2853962210355,zero_i
