id,mu,phi,beta,lam,tau,modelname
Tomaru39,0.08771129234645784,3.578179056141398e-08,0.1814272062611143,0.021107268833316515,0.09076253833058831,three_i
