id,mu,phi,beta,tau,S0,V0,modelname
Tomaru56,0.0675405859848272,2.7783927110306743e-09,33.462004982636046,0.08503467970544414,20775.909903811422,12099442.516377833,eight_i
