id,mu,phi,beta,H0,V0,modelname
Tomaru39,0.0673732754458014,2.7969891041212884e-08,1.0190323958337195,158112.4882492711,2526620.8186156414,zero_i
