id,mu,phi,beta,lam,tau,modelname
Tomaru43,0.04896081807212233,1.6779502132254397e-09,149.5054157287215,0.14092683199628092,0.0593426799597169,five_i
