id,mu,phi,beta,tau,S0,V0,modelname
Tomaru56,0.06677194098611788,2.7068171748941088e-09,34.331224777264666,0.10050597401941652,21098.068287266426,12466205.43379934,two_i
