id,mu,phi,beta,H0,V0,modelname
Tomaru43,0.020122553991270994,3.0689772837173996e-10,301.840165521364,119362.74900460143,2102690.703275217,zero_i
