id,mu,phi,beta,tau,S0,V0,modelname
Tomaru56,0.052182952050271486,2.0568546771627037e-09,43.1172573599089,0.30068381714845493,42449.590008377505,12646885.03161562,one_i
