id,mu,phi,beta,tau,S0,V0,modelname
Tomaru56,0.10332331858863857,5.271872115670548e-09,22.5260377033974,1.9060823735871397,19929.436159728564,15040144.30214901,six_i
