id,mu,phi,beta,tau,S0,V0,modelname
Tomaru56,0.055337174597546994,2.1620155610060212e-09,50.26510382548452,0.030432555256987046,23207.5923846172,11657694.61601757,seven_i
