id,mu,phi,beta,tau,S0,V0,modelname
Tomaru51,0.0329220433251445,4.250555746656518e-09,6699.099474728124,11.156811156642203,5391.660130819187,968880.4518706091,four_i
