id,mu,phi,beta,tau,S0,V0,modelname
Tomaru43,0.06620752286618548,1.1218139782968141e-08,367.6149547598888,7.836466866588205,44906.487150614055,1774712.5128231845,seven_i
