id,mu,phi,beta,tau,S0,V0,modelname
Tomaru43,0.05951864537421932,8.046902055838162e-09,377.76644228593614,8.436596873008284,46851.56922620019,1721371.9655293045,six_i
