id,mu,phi,beta,tau,S0,V0,modelname
Tomaru51,0.035310791740582353,5.71770915606925e-09,7122.359119980512,9.80923227846033,5024.200586481822,960881.5787647752,five_i
