id,mu,phi,beta,tau,S0,V0,modelname
Tomaru56,0.0561529157662953,2.129084761354085e-09,41.934816258923306,0.042130782144003814,37034.28799794515,13361816.551217433,nine_i
