id,mu,phi,beta,lam,tau,modelname
Tomaru43,0.04863439312882662,1.5931778426238053e-09,151.27034722580575,0.0015961555028122594,0.059112483579404976,two_i
