id,mu,phi,beta,tau,S0,V0,modelname
Tomaru43,0.050267703408385,4.1980310959002445e-09,297.70113531720926,9.849879677815428,51850.99311994463,1644360.23008155,four_i
