id,mu,phi,beta,modelname
Tomaru51,0.01959026280651078,3.700499888770013e-10,7418.548545013383,zero_i
