id,mu,phi,beta,tau,S0,V0,modelname
Tomaru56,0.5864629078978428,1.0536480991432541e-07,278.4396842935361,15.180951253584322,12466.829232497004,5629110.187705374,five_i
