id,mu,phi,beta,tau,S0,V0,modelname
Tomaru43,0.06796052540225543,1.3111749399990262e-08,410.2599712514881,7.327018263199829,45797.681497219724,1803809.539701519,eight_i
