id,mu,phi,beta,lam,tau,modelname
Tomaru57,0.03986367373435018,3.580784440602898e-09,1397.4873658163808,0.08389599737049772,0.030619321282347765,two_i
