id,mu,phi,beta,H0,V0,modelname
Tomaru51,0.01410470354699476,3.152527110727134e-10,6441.520064044534,9706.634472299247,917107.0026520266,zero_i
