id,mu,phi,beta,tau,S0,V0,modelname
Tomaru43,0.0791504749419145,1.723908118465513e-08,300.378336552379,6.162955810529943,47886.1282582646,2086009.7277326237,ten_i
