id,mu,phi,beta,lam,S0,V0,modelname
Tomaru43,0.04239141057050551,1.2879890252457222e-09,166.51684784658826,0.06177452421720636,58910.81539639549,1775943.798349651,one_i
