id,mu,phi,beta,tau,S0,V0,modelname
Tomaru57,1.028256610942537,4.784209671977511e-07,3599.545505384363,11.381400586095136,9927.78374640324,2845144.4265943742,nine_i
