id,mu,phi,beta,tau,S0,V0,modelname
Tomaru43,0.018455331321630918,2.760190917264342e-10,317.7879789065443,0.023679039012637904,146236.16787397224,1956895.338194407,seven_i
