id,mu,phi,beta,tau,S0,V0,modelname
Tomaru51,0.013173200446631093,2.7935429573988744e-10,7133.915179302872,0.03351588075549011,10619.91766165036,971470.9615906712,four_i
