id,mu,phi,beta,lam,modelname
Tomaru56,0.15398656502647198,1.2655966197819451e-08,96.95766061977659,0.03332854541381357,one_i
