id,mu,phi,beta,H0,V0,modelname
Tomaru43,0.018116577258772675,2.745880721754419e-10,324.4813414596899,148682.94065288556,1946071.467733065,zero_i
