id,mu,phi,beta,lam,S0,V0,modelname
Tomaru51,0.02973377922291544,1.3901624281521527e-09,4451.438217128259,0.04536020579856305,5442.106305340959,867855.4840216814,one_i
