id,mu,phi,beta,tau,S0,V0,modelname
Tomaru57,0.05310657861614168,1.025083692467568e-08,1716.7115087498244,25.535607019441137,9106.586822094037,1944177.2643183144,two_i
