id,mu,phi,beta,lam,tau,modelname
Tomaru43,0.04831929021426663,1.6087576817736725e-09,151.07409136220616,0.06137184170916188,0.06007993666312508,five_i
