id,mu,phi,beta,tau,S0,V0,modelname
Tomaru56,0.0553594742175749,2.0932906714316203e-09,40.68538302436164,0.04512712266295781,40510.49203792584,13407620.77196268,nine_i
