id,mu,phi,beta,tau,S0,V0,modelname
Tomaru43,0.057009741374618554,6.143714857592558e-09,319.7642845305126,9.075509731058323,45978.948593248555,1731482.0347826951,five_i
