id,mu,phi,beta,tau,S0,V0,modelname
Tomaru43,0.08258756169749235,2.1481873443358934e-08,488.4297026938455,6.612623215133196,41532.17656467343,1889093.8082583796,ten_i
