id,mu,phi,beta,tau,S0,V0,modelname
Tomaru39,0.02587172166682678,1.2875744274186906e-08,0.39350029377200707,9.629256028686402,124869.07097793331,2672428.3887126343,two_i
