id,mu,phi,beta,tau,S0,V0,modelname
Tomaru57,0.15392361958177175,8.088885459206034e-08,2482.6394688480163,15.992132256704595,9139.772057493397,2045867.8392491583,five_i
