id,mu,phi,beta,lam,tau,S0,V0,modelname
Tomaru39,0.01659739958405773,7.507936818367046e-09,0.8344692444265022,0.32792306177083325,7.655991247976474,149839.26479142552,2573028.074148186,two_i
