id,mu,phi,beta,lam,tau,modelname
Tomaru51,0.03191937409278162,1.7806492475963993e-09,4693.659682339355,0.10985661638946073,0.040006523199734016,four_i
