id,mu,phi,beta,tau,S0,V0,modelname
Tomaru39,0.02106849700658845,1.1523247252185545e-08,0.44724026209828754,2.5010570617778924,125967.26306024432,2606015.3044905127,nine_i
