id,mu,phi,beta,lam,tau,modelname
Tomaru39,0.06698711370193146,2.7806511703232477e-08,0.17833039230453399,0.03673662805100392,0.06631679024860927,two_i
