id,mu,phi,beta,tau,S0,V0,modelname
Tomaru56,0.5386856231280793,6.751779108991692e-08,315.82539916665326,12.314367749569252,14102.76645614113,8441755.539749758,seven_i
