id,mu,phi,beta,tau,S0,V0,modelname
Tomaru51,0.013421155472776974,2.697649901360534e-10,7463.482438631725,0.22316418885022166,10232.182638018943,1024919.5421475624,one_i
