id,mu,phi,beta,tau,S0,V0,modelname
Tomaru56,0.23179695830013816,2.3656590071735677e-08,231.74576926810647,8.759357165643186,14171.065369866723,9842056.978393087,nine_i
