id,mu,phi,beta,tau,S0,V0,modelname
Tomaru57,0.010849758023309581,5.227869954163601e-10,2094.0581493578043,0.005744490992701472,19901.660426961964,2630354.127700362,eight_i
