id,mu,phi,beta,tau,S0,V0,modelname
Tomaru39,0.029730359909944003,1.4716906683095359e-08,0.8212933412587743,3.3211683192432737,116864.81759648323,2596913.5193982115,six_i
