id,mu,phi,beta,tau,S0,V0,modelname
Tomaru56,0.05628719432638246,2.1568438617408798e-09,39.112114821454824,0.03755069488990014,39119.53681159732,13012833.767939506,eight_i
