id,mu,phi,beta,lam,tau,modelname
Tomaru56,0.15101889590845086,1.2440712822569806e-08,98.47635009003017,0.027027416600172115,0.033373792516933246,five_i
