id,mu,phi,beta,lam,modelname
Tomaru51,0.03247319296148729,1.7624859420992364e-09,4505.642605615193,0.04012404600480346,one_i
