id,mu,phi,beta,H0,V0,modelname
Tomaru56,0.06474582085175223,2.7356825553631543e-09,35.969838044323346,20969.599880466372,11609742.722198034,zero_i
