id,mu,phi,beta,lam,tau,modelname
Tomaru56,0.15333518225367235,1.2535961319518696e-08,95.75254238079017,0.00011551517695904816,0.033594513764731174,five_i
