id,mu,phi,beta,H0,V0,modelname
Tomaru56,0.05103202252752287,1.980986405392602e-09,44.92179033630605,42890.05125969341,12472094.499653269,zero_i
