id,mu,phi,beta,tau,S0,V0,modelname
Tomaru57,0.008516872997000201,4.826159185398471e-10,2357.815235837442,0.008207238671958833,22326.325558287066,2132931.8634576844,two_i
