id,mu,phi,beta,tau,S0,V0,modelname
Tomaru43,0.07469266360138808,1.7020724511887843e-08,444.3332899752063,6.377944765008603,46632.67780957079,1961940.808630189,ten_i
