id,mu,phi,beta,tau,S0,V0,modelname
Tomaru57,0.01155880055770172,5.785258421272086e-10,1907.3597550322825,0.009686953705767111,19044.043479076972,2470288.554741973,four_i
