id,mu,phi,beta,lam,tau,S0,V0,modelname
Tomaru39,0.036561347760919384,3.5294039935017437e-08,1.8638962757038477,0.05195999860309507,0.008440953849545173,119563.83783482498,2567443.395473837,five_i
