id,mu,phi,beta,tau,S0,V0,modelname
Tomaru51,0.020472129761418913,1.2473441893909236e-08,3.993299434502276,1.0076976280357393,11526.429034190376,81776.17231760401,three_i
