id,mu,phi,beta,H0,V0,modelname
Tomaru56,0.05017062461810957,1.9259076289112227e-09,47.83787560133519,42972.28363222597,12604987.026699143,zero_i
