id,mu,phi,beta,tau,S0,V0,modelname
Tomaru56,0.05118557247803002,1.9451770505190815e-09,46.33787319487557,0.0010521064817273552,41218.83940907174,12655618.873909693,five_i
