id,mu,phi,beta,lam,S0,V0,modelname
Tomaru39,0.0010101721247098125,1.3325905433250763e-10,4.082575229307664,0.4818002682261751,123416.06025988782,2513376.407335316,one_i
