id,mu,phi,beta,tau,S0,V0,modelname
Tomaru51,0.03921369149393786,9.485487475287865e-09,7608.434520143392,8.128688240764236,5094.451512045456,1003550.8502819121,seven_i
