id,mu,phi,beta,lam,tau,S0,V0,modelname
Tomaru43,0.07368344595574602,6.667276783778747e-11,77.70899217802523,0.20248281879502575,0.1771235444401286,305056.708133898,3140703.3420421397,three_i
