id,mu,phi,beta,tau,S0,V0,modelname
Tomaru39,0.009348170983035123,7.486235687507125e-09,0.7411549347631887,4.385200623374621,133817.46744536792,2659160.1889279317,nine_i
