id,mu,phi,beta,tau,S0,V0,modelname
Tomaru51,0.013660394889951641,2.906739075890633e-10,7041.194720610499,0.2592669497291077,10313.734106377926,1063253.4195273195,four_i
