id,mu,phi,beta,tau,S0,V0,modelname
Tomaru43,0.05261649915909434,4.667883145376319e-09,283.1563201924222,9.991617938951396,49217.491775608745,1620121.1323649334,four_i
