id,mu,phi,beta,tau,S0,V0,modelname
Tomaru57,0.010928335858154697,5.454866192308566e-10,1995.5749266448165,0.012870243544197243,20144.00989708011,2436843.8441951727,two_i
