id,mu,phi,beta,tau,S0,V0,modelname
Tomaru57,0.07999593782132264,3.3291067066998435e-08,2527.611044442237,17.990410117183746,10154.73587299601,2012990.7555869312,four_i
