id,mu,phi,beta,H0,V0,modelname
Tomaru51,0.014439082737499088,2.959177582293937e-10,6520.595674372512,9933.401544741486,1039698.1483913839,zero_i
