id,mu,phi,beta,tau,S0,V0,modelname
Tomaru57,0.040955070839128374,4.5138604533744834e-09,1386.274095995346,33.69820173252158,10231.366418833866,1846300.7078145756,one_i
