id,mu,phi,beta,tau,S0,V0,modelname
Tomaru43,0.04535953493058099,2.126306180740004e-09,207.32875715340245,12.888465342261396,55365.93812405277,1646332.7893101212,two_i
