id,mu,phi,beta,tau,S0,V0,modelname
Tomaru39,0.0037389322498233087,2.901831231774084e-09,2.130197686164808,3.3583526615401325,137891.5329728558,2591294.2425911822,six_i
