id,mu,phi,beta,tau,S0,V0,modelname
Tomaru51,0.03156279822444477,2.419637812338677e-09,5243.176456897403,16.71006384698345,5224.3970656593165,932599.3821558376,two_i
