id,mu,phi,beta,lam,tau,modelname
Tomaru43,0.04914906582929491,1.6205520923843652e-09,149.19771031065233,0.0475277357647661,0.05892277174284617,three_i
