id,mu,phi,beta,H0,V0,modelname
Tomaru39,0.017851272549080952,8.67673006453441e-09,0.18298725270608152,163830.48323072895,2642245.485043438,zero_i
