id,mu,phi,beta,lam,tau,modelname
Tomaru56,0.15410555012720925,1.2614724064416193e-08,97.3915429836588,0.00048332512313406083,0.0333545726696842,two_i
