id,mu,phi,beta,tau,S0,V0,modelname
Tomaru57,0.008866004536362916,4.798508966444289e-10,2369.857778903848,0.12903496009369622,21891.09912254766,2358597.1224671425,one_i
