id,mu,phi,beta,tau,S0,V0,modelname
Tomaru51,0.016943852242595054,3.855322435321323e-10,5439.243906424299,0.31652963985332433,8461.013288524933,1080313.8447512046,six_i
