id,mu,phi,beta,modelname
Tomaru56,0.049294696948128734,2.89890097990237e-09,65.32285396879585,zero_i
