id,mu,phi,beta,H0,V0,modelname
Tomaru57,0.012632565285002277,5.274062844519951e-10,2090.285719264791,17756.85933915846,2771544.989846792,zero_i
