id,mu,phi,beta,tau,S0,V0,modelname
Tomaru57,0.28623987190226874,1.3316093439572043e-07,3614.779873918874,9.717986639482103,10907.534044474854,2922138.6283781203,ten_i
