id,mu,phi,beta,tau,S0,V0,modelname
Tomaru51,0.031373488764377885,2.528610626616514e-09,5262.522949964851,16.820852085405964,5140.45652633895,864279.347170349,two_i
