id,mu,phi,beta,H0,V0,modelname
Tomaru56,0.5,7.34E-08,1.004474248,9448.367616,5417072.002,zero_i