id,mu,phi,beta,tau,S0,V0,modelname
Tomaru56,0.10302760786579042,1.6336742033756453e-08,12.683963069645088,1.0552848266015173,2955.053251272842,14117423.856303995,six_i
