id,mu,phi,beta,tau,S0,V0,modelname
Tomaru51,0.03761349002102746,8.149566011032906e-09,6984.327199414219,7.748297954805029,5238.0655744554915,1017434.1285581134,seven_i
