id,mu,phi,beta,tau,S0,V0,modelname
Tomaru43,0.05360634474373691,5.93211088642861e-09,313.1546367898975,8.988971208069522,50455.68890486116,1630400.3371810638,five_i
