id,mu,phi,beta,lam,tau,S0,V0,modelname
Tomaru57,0.04192433325109906,5.220379043277943e-09,1369.9314424775855,0.0418678280482622,0.029278441243170132,9925.19405112095,1535760.7600776725,four_i
