id,mu,phi,beta,lam,tau,S0,V0,modelname
Tomaru39,0.04571912534005088,7.685397154213887e-08,82.76683228661116,0.1465220305083089,0.024972264176821125,380602.6797537486,6342681.727775187,three_i
