id,mu,phi,beta,tau,S0,V0,modelname
Tomaru57,0.011225751220542746,5.280196738961591e-10,2104.398169064087,0.031234391994691284,19121.647394696414,2785330.818463596,eight_i
