id,mu,phi,beta,tau,S0,V0,modelname
Tomaru56,1.33477910985101,3.025985956670085e-07,279.04154611107305,16.261281831487686,12673.839660429188,4666489.56065284,five_i
