id,mu,phi,beta,lam,tau,modelname
Tomaru43,0.04889442065169728,1.6138258566552414e-09,149.5922162159984,0.04488971443991307,0.058799626899807125,two_i
