id,mu,phi,beta,lam,tau,S0,V0,modelname
Tomaru39,0.04531243516555653,2.146207957449859e-08,0.4371448579949419,0.009325865341793567,0.04946907158430956,115647.24663810046,2714370.0055657183,five_i
