id,mu,phi,beta,tau,S0,V0,modelname
Tomaru56,0.21674860674449298,3.434114398705192e-08,163.53424191859125,24.291592741347284,8776.540381002047,3968852.280036417,two_i
