id,mu,phi,beta,tau,S0,V0,modelname
Tomaru43,0.018235977225582695,2.75458982937419e-10,311.86471235017575,0.006356488618693367,151499.61411871552,1995082.719219851,six_i
