id,mu,phi,beta,lam,S0,V0,modelname
Tomaru56,0.055694057917457705,2.286232846013513e-09,53.735263281556236,0.1343739262762808,36607.03315767219,14272499.773258593,one_i
