id,mu,phi,beta,lam,tau,S0,V0,modelname
Tomaru56,0.07092799853591779,2.8868081506094118e-09,32.35312027663369,0.027617227581042653,0.20053269758276324,32437.54864774964,15565884.640747827,four_i
