id,mu,phi,beta,tau,S0,V0,modelname
Tomaru43,0.6452393953941646,4.139085793056978e-07,423.88745831248565,9.2088156362042,17320.325358331396,1644646.0102177374,nine_i
