id,mu,phi,beta,tau,S0,V0,modelname
Tomaru39,0.15217822805660988,2.5664542145363915e-08,24.343620407567894,9.921004199896815,840099.3353299462,15620423.02255555,two_i
