id,mu,phi,beta,lam,tau,modelname
Tomaru57,0.040529190214465355,3.6424614361674303e-09,1353.2087132544755,0.11696908600426986,0.0315686056644088,five_i
