id,mu,phi,beta,lam,tau,S0,V0,modelname
Tomaru43,0.04809076463479945,1.7255530347507648e-09,150.40227004576994,0.20742550510089897,0.05696636113950724,47100.408172537034,1771551.718505559,four_i
