id,mu,phi,beta,tau,S0,V0,modelname
Tomaru57,0.01281955282944935,5.764594792444701e-10,2005.3681063763804,0.005174406749849164,16633.66439416861,2729753.433706233,nine_i
