id,mu,phi,beta,tau,S0,V0,modelname
Tomaru57,0.008599194067559013,4.736306945015316e-10,2399.5960190923024,0.047193493619839356,22467.880192576325,2174651.093487798,four_i
