id,mu,phi,beta,tau,S0,V0,modelname
Tomaru39,0.02882347254462435,1.4773071474590875e-08,0.5150831300541684,2.899831207807483,118445.37988545076,2641777.6140254866,eight_i
