id,mu,phi,beta,tau,S0,V0,modelname
Tomaru56,0.6255852246847153,1.3437855631724247e-07,262.53746802068946,17.719233932334742,9594.797587065896,4496403.291486673,four_i
