id,mu,phi,beta,tau,S0,V0,modelname
Tomaru39,0.019551063845654665,2.81048025586549e-08,1.5071261880616875,36.66886398006121,126503.77460067294,2635098.4274113486,three_i
