id,mu,phi,beta,lam,tau,modelname
Tomaru57,0.04086309532338894,3.759736957538565e-09,1358.917078019934,0.12282423058492052,0.030241589583476516,three_i
