id,mu,phi,beta,tau,S0,V0,modelname
Tomaru39,0.0028232946795345368,2.433606697135959e-09,1.478609256642874,0.3984908084147469,152216.04139465553,2583804.6928959917,ten_i
