id,mu,phi,beta,tau,S0,V0,modelname
Tomaru39,0.015570089869455333,1.0120032178676378e-08,0.4602074663705663,6.92062971646352,125927.82506480302,2618959.014707169,five_i
