id,mu,phi,beta,lam,tau,modelname
Tomaru51,0.03274961762101371,1.915425971017573e-09,4783.297746011928,0.7065987954847369,0.04109688208530315,four_i
