id,mu,phi,beta,tau,S0,V0,modelname
Tomaru39,0.04501533481587878,1.878779405302244e-08,0.7608548116032648,1.187254531554782,154671.16902424497,2700673.6865846743,one_i
