id,mu,phi,beta,H0,V0,modelname
Tomaru43,0.018258207277048404,2.7758969910018314e-10,308.00407662861005,153982.67192068376,1919932.0564187106,zero_i
