id,mu,phi,beta,lam,tau,modelname
Tomaru39,0.08020155898235665,3.267539063552625e-08,0.23546305127503125,0.05620711420076427,0.08143120224188373,two_i
