id,mu,phi,beta,lam,tau,S0,V0,modelname
Tomaru39,0.05025778965791323,2.3349731846155597e-08,0.2067772570337702,0.004894238277890899,0.05220913309416804,120627.93454439033,2791027.3658291716,two_i
