id,mu,phi,beta,tau,S0,V0,modelname
Tomaru43,0.057176648068336756,6.124000353819427e-09,305.444881059541,8.95355445543574,45088.617323978404,1701771.0184591578,five_i
