id,mu,phi,beta,lam,S0,V0,modelname
Tomaru57,0.040572509493893905,4.592102597971433e-09,1434.616519950433,0.029059946578683955,10014.325649548553,1800040.2632243126,one_i
