id,mu,phi,beta,H0,V0,modelname
Tomaru56,0.08579462586982366,9.089703888412686e-09,27.276482878954482,79540.55544278595,1966540.862389136,zero_i
