id,mu,phi,beta,lam,tau,modelname
Tomaru56,0.15409271569180202,1.2661288582822871e-08,96.88781694945358,0.0008699143788455826,0.033323460538240805,five_i
