id,mu,phi,beta,tau,S0,V0,modelname
Tomaru56,0.039128811,4.10E-09,1436.366514,32.91782096,10230.75907,1878808.675,ten_i