id,mu,phi,beta,lam,tau,modelname
Tomaru56,0.1551479490876819,1.285353000408826e-08,90.46257502451721,0.010007019680338597,0.03372330807225215,four_i
