id,mu,phi,beta,lam,tau,modelname
Tomaru57,0.04000307766227331,3.536607406323848e-09,1368.6762673039134,0.04940730952070917,0.03126989722735204,two_i
