id,mu,phi,beta,tau,S0,V0,modelname
Tomaru56,19.891520517375003,3.288656897066917e-06,287.9435213196154,12.47039870535344,10288.64496836755,6442773.781082708,eight_i
