id,mu,phi,beta,lam,tau,S0,V0,modelname
Tomaru51,0.04090435866593895,5.497052477551862e-09,4480.011255244576,10.39088829621893,6.449758086572442,4380.588919582438,966959.9073342836,five_i
