id,mu,phi,beta,tau,S0,V0,modelname
Tomaru57,0.008820928157999572,4.592786439032877e-10,2470.8057503843884,0.02506749323928061,21917.292013117465,2345839.6417986806,five_i
