id,mu,phi,beta,tau,S0,V0,modelname
Tomaru56,0.05017292348403751,1.9281489820598115e-09,48.00917782043462,0.003793863956871212,41752.845330027114,12334155.874782315,four_i
