id,mu,phi,beta,tau,S0,V0,modelname
Tomaru51,0.036536120403066315,8.41107642367712e-09,7681.52045085921,7.959762813123755,5443.599641687407,1022943.1990777769,seven_i
