id,mu,phi,beta,tau,S0,V0,modelname
Tomaru56,0.6961861202425897,8.04277382465358e-08,337.04182331739366,9.507520763642416,11324.290984303316,9235372.959844567,ten_i
