id,mu,phi,beta,modelname
Tomaru57,0.016541583804847947,5.857210974710878e-10,2441.8990174750434,zero_i
