id,mu,phi,beta,tau,S0,V0,modelname
Tomaru51,0.03667793163111454,5.939027940540347e-09,6594.58676343413,9.549792678378093,5079.425303414288,914318.1681806998,five_i
