id,mu,phi,beta,lam,tau,modelname
Tomaru56,0.15264443137435707,1.2468600130476666e-08,96.85974737951821,0.0005037421052042606,0.03350233771588213,five_i
