id,mu,phi,beta,tau,S0,V0,modelname
Tomaru56,0.16023501332637824,1.9684473844022964e-08,100.27145311072883,31.0538872768531,7809.118385446797,3099997.0465163733,one_i
