id,mu,phi,beta,lam,modelname
Tomaru56,0.1525778178665888,1.2472824690849085e-08,98.56409617555997,0.033318458076982825,one_i
