id,mu,phi,beta,tau,S0,V0,modelname
Tomaru51,0.014443946818649881,3.00960504908388e-10,6388.424503468695,0.059525559581187173,10249.045691543606,1098588.1051921041,nine_i
