id,mu,phi,beta,tau,S0,V0,modelname
Tomaru51,0.03606469116566202,6.012130373377614e-09,6833.971257906613,9.8610591476407,5149.647129118418,966290.2280026996,five_i
