id,mu,phi,beta,tau,S0,V0,modelname
Tomaru51,0.013548494011979367,2.8288816576065517e-10,7074.085847625927,0.0930692024242178,10354.82968666838,1038420.4509195387,six_i
