id,mu,phi,beta,tau,S0,V0,modelname
Tomaru56,1.8917544185663593,3.929201068543927e-07,296.75254283861847,16.556457507530684,10093.720397411676,5066457.438022936,five_i
