id,mu,phi,beta,tau,S0,V0,modelname
Tomaru43,0.022088766119177185,4.0275163716597685e-10,213.40875147209573,0.39581735839383175,110332.85246695924,2198777.8965672352,three_i
