id,mu,phi,beta,tau,S0,V0,modelname
Tomaru39,0.1299306418089258,2.592178926256501e-07,2.7269671625093,14.788264323978005,118178.0458181917,2661257.538834971,nine_i
