id,mu,phi,beta,H0,V0,modelname
Tomaru39,0.025848021112414066,1.1450461487160795e-08,0.276055704489097,162364.12318845867,2705187.5065439492,zero_i
