id,mu,phi,beta,H0,V0,modelname
Tomaru51,0.013905830910519877,3.007771152660411e-10,6219.294774814019,10542.63630554544,1054472.9373436777,zero_i
