id,mu,phi,beta,lam,tau,S0,V0,modelname
Tomaru57,0.041169417336407846,4.6219678675975384e-09,1380.7608498757857,0.0029103655326170835,0.02936740115413542,9781.872867739505,1845064.8610072613,two_i
