id,mu,phi,beta,tau,S0,V0,modelname
Tomaru43,0.05900251289106443,8.07316410514454e-09,370.0960311264126,8.41662137230175,46454.66447401795,1696031.6099276275,six_i
