id,mu,phi,beta,tau,S0,V0,modelname
Tomaru51,0.0290443759300762,2.2447619787109413e-09,5455.382480143537,16.34589997857735,5785.627959699854,885279.2535562352,two_i
