id,mu,phi,beta,tau,S0,V0,modelname
Tomaru51,0.023374535632475518,6.486175970088547e-10,3139.534587290658,0.4892010943661754,5696.253692503621,1232639.7317432244,eight_i
