id,mu,phi,beta,tau,S0,V0,modelname
Tomaru51,0.030191230947770917,2.238892298836068e-09,5621.791708745127,16.070762238928747,5396.40218047343,860618.656484941,two_i
