id,mu,phi,beta,tau,S0,V0,modelname
Tomaru43,0.046098022357483774,2.204727383387128e-09,209.31906962922102,13.08781055586083,54011.37671411344,1673584.6560785784,two_i
