id,mu,phi,beta,tau,S0,V0,modelname
Tomaru56,4.4178209555942605,5.597080855204705e-07,281.9540194564398,10.583115782084553,10965.236970767979,8450356.180020288,ten_i
