id,mu,phi,beta,tau,S0,V0,modelname
Tomaru43,0.049198105489404245,2.402351308630898e-09,187.82046171544863,12.949322428588319,48465.45627037787,1740066.4642786188,two_i
