id,mu,phi,beta,lam,tau,modelname
Tomaru57,0.03976300686388329,3.5749943728702416e-09,1446.7078545135141,0.1480839239341161,0.03087572518454909,four_i
