id,mu,phi,beta,tau,S0,V0,modelname
Tomaru39,0.0008618999066477276,1.930151259142033e-10,8.388344473362329,0.08272770717669174,131015.74172362054,2479091.607524341,one_i
