id,mu,phi,beta,tau,S0,V0,modelname
Tomaru39,0.03439796142747072,1.6060503703179093e-08,0.24268740182041307,4.132941386249446,121879.17868786542,2725009.1981400456,four_i
