id,mu,phi,beta,tau,S0,V0,modelname
Tomaru51,0.01611414760529469,3.4463256595431277e-10,6031.161806339598,0.11743694090057386,8064.775942109695,1061103.204054224,four_i
