id,mu,phi,beta,tau,S0,V0,modelname
Tomaru39,0.03198654148266821,1.4504856920503808e-08,1.2668922038192014,2.857700344903929,117754.52786784492,2595084.8733161134,five_i
