id,mu,phi,beta,tau,S0,V0,modelname
Tomaru56,0.3832011235303579,7.198659133840202e-08,176.66239969129433,19.85960624452329,8298.543515239513,4455538.2714379355,three_i
