id,mu,phi,beta,tau,S0,V0,modelname
Tomaru56,0.05692110974765023,2.2743131602617933e-09,48.24030665312562,0.029259465673495296,21252.26269211228,11396369.426681727,six_i
