id,mu,phi,beta,tau,S0,V0,modelname
Tomaru57,0.4012726027626041,1.8745753177776021e-07,3538.062996968007,10.993084361537516,11038.952822000172,2946606.505737455,nine_i
