id,mu,phi,beta,modelname
Tomaru57,0.01763184760901633,6.458658685908995e-10,2088.3829649809195,zero_i
