id,mu,phi,beta,lam,tau,S0,V0,modelname
Tomaru57,0.038644689478445404,4.264015166443024e-09,1477.630804901351,0.0984969961569744,0.029849120495336303,10248.16184591286,1857178.6320126888,five_i
