id,mu,phi,beta,lam,H0,V0,modelname
Tomaru43,0.049120094472315246,1.6742482897811498e-09,153.3813087230011,0.057144894408462085,130205.56097836306,1744878.2443858015,one_i
