id,mu,phi,beta,lam,tau,modelname
Tomaru57,0.04017063745089512,3.6013918792188113e-09,1407.8759683735427,0.20724128651839932,0.0315873601212447,five_i
