id,mu,phi,beta,lam,modelname
Tomaru56,0.15302051093898303,1.25022254389827e-08,97.16822371893832,0.0335145528663639,one_i
