id,mu,phi,beta,tau,S0,V0,modelname
Tomaru51,0.039296466604682535,1.0958006942006776e-08,8866.381887399963,6.724329141385092,5177.976385274041,1047064.6671041896,nine_i
