id,mu,phi,beta,tau,S0,V0,modelname
Tomaru51,0.16800197328430866,2.707013440119701e-07,80.17767905098881,35.20955775232715,4612.775473471726,602557.4811567225,eight_i
