id,mu,phi,beta,tau,S0,V0,modelname
Tomaru57,0.15422782444235889,6.568850672212087e-08,1887.3726091886776,25.712033822806408,8729.791638298551,2253057.4720051484,three_i
