id,mu,phi,beta,lam,tau,modelname
Tomaru43,0.04892617107417249,1.6261129250383423e-09,152.62596416151777,0.3556294480370898,0.0596067050110868,three_i
