id,mu,phi,beta,tau,S0,V0,modelname
Tomaru57,0.061430020009925534,1.9438381012444933e-08,2227.8870333092764,20.959754608543527,9764.504086347857,1832924.0080806382,three_i
