id,mu,phi,beta,lam,tau,modelname
Tomaru56,0.15113183063287333,1.2357013624272697e-08,104.84576725157936,0.012467288151270416,0.033137733212105,four_i
