id,mu,phi,beta,tau,S0,V0,modelname
Tomaru39,0.013793018414162035,6.946236723992159e-09,1.136910991200742,2.67241042861463,145161.61466998063,2520720.289589564,two_i
