id,mu,phi,beta,tau,S0,V0,modelname
Tomaru57,0.1857030720811519,7.746674462186272e-08,2278.682912460408,9.504452405954645,11929.641789519746,2999043.279070669,nine_i
