id,mu,phi,beta,H0,V0,modelname
Tomaru43,0.01823902868637654,2.8399419613295836e-10,304.69461233870425,150210.0069570811,1939083.5113127301,zero_i
