id,mu,phi,beta,tau,S0,V0,modelname
Tomaru39,0.018418075440492242,1.010540465073797e-08,0.7534725410673794,3.1301976336740958,130319.01098280803,2660349.7702923454,seven_i
