id,mu,phi,beta,H0,V0,modelname
Tomaru43,0.0181919662291856,2.7674618615664713e-10,311.2545340623854,151449.37538382047,1963262.9431343705,zero_i
