id,mu,phi,beta,H0,V0,modelname
Tomaru56,0.05336631170293985,1.9919716498349318e-09,44.51081327258843,39367.442742070634,13056718.740568534,zero_i
