id,mu,phi,beta,lam,tau,S0,V0,modelname
Tomaru43,0.021948313191120103,2.7517258802486912e-11,21.40730063016332,0.10554995602605102,1.8700525845906748,8972.338460842644,1214380.7201853676,four_i
