id,mu,phi,beta,tau,S0,V0,modelname
Tomaru57,0.38634836300125636,2.1519853838693562e-07,3425.1269216468927,12.10567396847612,11089.99109833881,2458247.178292754,eight_i
