id,mu,phi,beta,tau,S0,V0,modelname
Tomaru39,0.02748011424433579,1.4458113206519226e-08,0.33916668662343324,5.165042523837104,113018.97520622311,2614228.335802459,five_i
