id,mu,phi,beta,tau,S0,V0,modelname
Tomaru39,0.040209355946474935,1.883896797908966e-08,0.3568180266847968,8.976631983179663,117849.2923170567,2742445.846978257,two_i
