id,mu,phi,beta,modelname
Tomaru56,0.050139414578599426,3.015267069251785e-09,62.556356520173104,zero_i
