id,mu,phi,beta,H0,V0,modelname
Tomaru57,0.06164614790103175,5.12708183339758e-09,21.37195483788879,3141.3093394303564,764890.6396498303,zero_i
