id,mu,phi,beta,tau,S0,V0,modelname
Tomaru56,0.05419712690505165,2.127645849045867e-09,41.38983932998391,0.07981129329084967,40055.77295031309,12728473.125128394,three_i
