id,mu,phi,beta,tau,S0,V0,modelname
Tomaru57,0.0505099522925199,9.605474662135389e-09,1837.0359949762117,25.048673320389966,9440.40364237607,1909142.3366655505,two_i
