id,mu,phi,beta,lam,tau,S0,V0,modelname
Tomaru57,0.010895562756429899,5.247079016794245e-10,2073.136255509305,0.031112344768593227,21.428236577547544,20344.18019191638,2488426.305346798,five_i
