id,mu,phi,beta,tau,S0,V0,modelname
Tomaru51,0.032646902018852064,3.231040030113471e-09,5904.659871385786,12.67018754828338,5211.716066518279,886519.8078137283,three_i
