id,mu,phi,beta,tau,S0,V0,modelname
Tomaru57,0.0372444881842658,4.105532266960206e-09,1480.8992942746245,33.778080404604374,10499.24998379291,1862399.0390155646,one_i
