id,mu,phi,beta,modelname
Tomaru56,0.04935411162318627,2.9202660183868915e-09,66.03142405722512,zero_i
