id,mu,phi,beta,tau,S0,V0,modelname
Tomaru51,0.03581391865748544,7.079963741343429e-09,7728.46530452635,8.831814975486067,5212.913496190436,962764.1195274573,six_i
