id,mu,phi,beta,lam,tau,S0,V0,modelname
Tomaru51,0.019790851709154254,4.141409291018679e-10,4183.511612327122,0.18983169695062063,1.592114060534996,7413.836304195984,1587491.7880142254,two_i
