id,mu,phi,beta,tau,S0,V0,modelname
Tomaru43,0.018359295515931788,2.900359431837686e-10,289.3317554541785,0.015276150628871778,156061.17946748046,1911544.0723766382,eight_i
