id,mu,phi,beta,tau,S0,V0,modelname
Tomaru39,0.028405832154873117,1.3952618795064609e-08,0.44148546890487095,3.5268246992530576,118838.22701980626,2700299.026813164,six_i
