id,mu,phi,beta,modelname
Tomaru39,0.02099838095560441,7.0268355944251885e-09,0.5628743899511447,zero_i
