id,mu,phi,beta,lam,S0,V0,modelname
Tomaru56,0.1558511671774707,1.8755708808663856e-08,102.70579747785125,0.03230054834286431,7987.875218003541,3094267.0769927087,one_i
