id,mu,phi,beta,tau,S0,V0,modelname
Tomaru57,0.04610310127063588,8.973052041949866e-09,1844.5869079159095,24.83763407159928,10195.624104281851,1896885.3272138818,two_i
