id,mu,phi,beta,tau,S0,V0,modelname
Tomaru43,0.07066572272894069,1.3472738501135673e-08,410.90377272844165,7.319810884599994,41211.62087401981,1819441.0759068124,eight_i
