id,mu,phi,beta,tau,S0,V0,modelname
Tomaru39,0.6546857541821854,4.3926588183099107e-07,175.26774308602813,53.134446034201574,1052310.5692772921,284810.34362552507,five_i
