id,mu,phi,beta,H0,V0,modelname
Tomaru39,0.022970882811262316,1.0866775625304066e-08,0.4210177591075716,179410.89561724916,2694442.9737329674,zero_i
