id,mu,phi,beta,lam,tau,modelname
Tomaru57,0.040572101460458934,3.6704541679495103e-09,1361.6904004540581,0.029194278439786257,0.03075369639716916,three_i
