id,mu,phi,beta,lam,tau,modelname
Tomaru57,0.03923122174529093,3.482468646943405e-09,1411.9925068548039,0.46443462950171827,0.031831828096724725,two_i
