id,mu,phi,beta,tau,S0,V0,modelname
Tomaru51,0.014118790852757475,3.074364228079894e-10,6537.309685320901,0.0845898117714883,10057.353608222893,1060801.3572831508,ten_i
