id,mu,phi,beta,tau,S0,V0,modelname
Tomaru56,0.16611303551308615,1.8116783675424224e-08,92.40956295019971,30.05136280811343,8196.8630464403,3718589.5262903697,one_i
