id,mu,phi,beta,tau,S0,V0,modelname
Tomaru43,0.0692237276566487,1.3670679187159175e-08,429.01076230058237,7.3707750779259555,42493.6777651944,1788248.9328645414,eight_i
