id,mu,phi,beta,tau,S0,V0,modelname
Tomaru51,0.05493836061298442,3.129326329040035e-08,123.47313742876682,9.888684258598559,51358.04113740713,184645.74158039075,ten_i
