id,mu,phi,beta,tau,S0,V0,modelname
Tomaru51,0.03771036392406356,8.499136707039742e-09,8268.74145336474,7.007556829558029,5087.133476140571,1041379.8342575568,eight_i
