id,mu,phi,beta,lam,tau,modelname
Tomaru57,0.04072504930355784,3.697639655324258e-09,1340.2336123840446,0.03678055245069735,0.031113654419519472,two_i
