id,mu,phi,beta,tau,S0,V0,modelname
Tomaru51,0.017059332795106893,4.029014469414068e-10,5852.239303594799,0.7675234994079568,7655.900147181418,1025108.3740059258,four_i
