id,mu,phi,beta,tau,S0,V0,modelname
Tomaru56,0.046743951167725936,2.0211776512181106e-09,68.28544482865317,0.009364928844031036,22126.384977268583,8863032.151395604,two_i
