id,mu,phi,beta,tau,S0,V0,modelname
Tomaru39,0.008415614763309811,4.892426889756552e-09,0.8597462330195408,0.050617460337761204,160193.9616425975,2557225.856880551,ten_i
