id,mu,phi,beta,modelname
Tomaru57,0.01655534770489348,5.858639146018584e-10,2442.0279592923353,zero_i
