id,mu,phi,beta,tau,S0,V0,modelname
Tomaru56,6.525563503957497,1.3396137169581872e-06,269.0659874922514,14.842132060824659,11023.80696233458,5210398.677227036,six_i
