id,mu,phi,beta,tau,S0,V0,modelname
Tomaru39,0.011461760881848523,2.553724325222555e-08,3.232954452987218,29.33257971359002,130525.98547747295,2596958.0624715877,four_i
