id,mu,phi,beta,tau,S0,V0,modelname
Tomaru39,0.021200027729704727,1.1205090567122751e-08,0.4677549385433627,2.528425670587909,118771.58976222273,2684536.954302254,ten_i
