id,mu,phi,beta,tau,S0,V0,modelname
Tomaru43,0.06961766068053406,1.362538637473458e-08,419.2244978964729,7.359925179730777,43921.68045297923,1785354.7245016452,eight_i
