id,mu,phi,beta,tau,S0,V0,modelname
Tomaru43,0.0788521980929108,1.893561777205665e-08,484.44790557343987,6.453625859854146,40387.44304038813,1886648.921536232,ten_i
