id,mu,phi,beta,lam,tau,modelname
Tomaru51,0.0324379968579746,1.7736145406229756e-09,4523.004497730977,0.0003605035665414912,0.039895354962091616,five_i
