id,mu,phi,beta,tau,S0,V0,modelname
Tomaru57,1.2031945195288045,5.986695760929066e-07,3676.9958532100177,11.416427712197496,10766.340365408907,2750037.7060806523,nine_i
