id,mu,phi,beta,tau,S0,V0,modelname
Tomaru51,0.026956167642917635,1.3587601349096554e-09,4557.475240904327,22.3292927202329,6027.057824081025,862157.94006398,one_i
