id,mu,phi,beta,lam,modelname
Tomaru57,0.0387983312009081,3.3950528667543947e-09,1428.0758642416513,0.030917892976794936,one_i
