id,mu,phi,beta,tau,S0,V0,modelname
Tomaru51,0.012882018352839983,2.9248948002800916e-10,6842.52066369391,0.10893136353145465,10909.613249391406,939626.3000770555,three_i
