id,mu,phi,beta,tau,S0,V0,modelname
Tomaru57,0.008721653580393137,4.7366196783162e-10,2427.1673326431924,0.024873634112257077,21890.575268894507,2216558.750639393,three_i
