id,mu,phi,beta,tau,S0,V0,modelname
Tomaru56,0.06975959747921505,9.773591671832742e-09,23.434294770018646,0.14828676821834202,53790.96360628948,7726848.103268414,nine_i
