id,mu,phi,beta,lam,tau,modelname
Tomaru56,0.15443743989981595,1.2648212077605848e-08,95.74750523278468,4.741957131102522e-05,0.033489428789258396,three_i
