id,mu,phi,beta,H0,V0,modelname
Tomaru56,0.06172961951008328,2.6507541648822682e-09,37.51583843240468,23335.871973564,11292222.836334944,zero_i
