id,mu,phi,beta,tau,S0,V0,modelname
Tomaru57,0.012516625799296018,5.610652632090707e-10,1892.8233404381663,0.013451588959280348,18691.94585388198,2653705.4779643766,seven_i
