id,mu,phi,beta,tau,S0,V0,modelname
Tomaru39,0.039638346438562136,4.8327903882133834e-08,109.71506480526463,28.447715236673293,28402.945687250358,6180228.83042327,one_i
