id,mu,phi,beta,lam,modelname
Tomaru57,0.039813582202115116,3.5232169431714644e-09,1347.0311708773227,0.03151494115538462,one_i
