id,mu,phi,beta,tau,S0,V0,modelname
Tomaru39,0.022422355878986052,1.2775211662890654e-08,0.7539336519316829,2.7480024140881874,123390.0141417006,2583505.0295600165,ten_i
