id,mu,phi,beta,tau,S0,V0,modelname
Tomaru39,0.025718352161794092,1.3400450264359092e-08,0.7227654508704322,3.211773591572277,115102.08609859033,2606073.7975796405,eight_i
