id,mu,phi,beta,tau,S0,V0,modelname
Tomaru56,0.0605123023008465,2.4014992397116427e-09,33.65262174695753,0.06573672099694386,38536.00493125454,13527902.283744475,nine_i
