id,mu,phi,beta,tau,S0,V0,modelname
Tomaru39,0.03789226462094498,1.612804745203151e-08,0.8698733243437652,0.13918072903340434,154474.88756075752,2633537.8637683066,six_i
