id,mu,phi,beta,tau,S0,V0,modelname
Tomaru51,0.04343901608441352,1.3154783485902189e-08,6977.747072749846,6.067365699100226,5318.641043030524,1056933.4036167306,ten_i
