id,mu,phi,beta,tau,S0,V0,modelname
Tomaru56,0.050308529656275795,1.934263247030486e-09,47.61810266340449,0.003022014240217553,42218.08179904119,12466409.310053756,eight_i
