id,mu,phi,beta,tau,S0,V0,modelname
Tomaru57,0.01987055977288676,9.38729941106675e-10,1046.7537109340094,0.1367800709299711,13237.41086094804,3308469.342387478,ten_i
