id,mu,phi,beta,tau,S0,V0,modelname
Tomaru51,0.019032134311291967,3.812976184428501e-10,6167.5871656357185,1.1330369083130805,6610.952642922265,1076905.656644588,two_i
