id,mu,phi,beta,lam,modelname
Tomaru57,0.04017684964944551,3.572156480103234e-09,1363.9602240124586,0.031047393517012054,one_i
