id,mu,phi,beta,modelname
Tomaru43,0.025142117881645186,4.035351469340452e-10,344.6326330737292,zero_i
