id,mu,phi,beta,tau,S0,V0,modelname
Tomaru51,0.017378824949237925,3.466095916756876e-10,6876.1219072794365,0.1474259968914772,6920.225857835939,1021504.1702915403,nine_i
