id,mu,phi,beta,H0,V0,modelname
Tomaru57,0.012023725772086376,5.360672231113953e-10,2151.5515097703183,17441.369419178172,2692146.516739607,zero_i
