id,mu,phi,beta,tau,S0,V0,modelname
Tomaru43,0.036650632021539474,1.972888213859381e-09,41.71114690266337,0.940530847235698,247657.35594643137,8788214.898147926,five_i
