id,mu,phi,beta,tau,S0,V0,modelname
Tomaru56,0.05639515260955589,2.1543626615607246e-09,39.23693631732163,0.011217147820009092,39926.62173526546,13304638.3739602,eight_i
