id,mu,phi,beta,tau,S0,V0,modelname
Tomaru51,0.040063906201794654,1.1444982684606336e-08,8739.25798334526,6.1106344753224695,5236.536690276868,1118100.7770819732,ten_i
