id,mu,phi,beta,lam,tau,S0,V0,modelname
Tomaru51,0.02716692133413718,1.304039198099061e-09,5019.45116912397,0.003002769303355303,0.04331407105113749,5884.066541420997,886878.879684379,four_i
