id,mu,phi,beta,tau,S0,V0,modelname
Tomaru43,0.04986563989526037,3.2849699050704518e-09,244.8164651381318,10.991170587669883,47461.83387069314,1600652.202044698,three_i
