id,mu,phi,beta,lam,tau,modelname
Tomaru57,0.0413291097755511,3.905928911502538e-09,1355.7629333962586,0.1722796256035011,0.030222248185843917,four_i
