id,mu,phi,beta,tau,S0,V0,modelname
Tomaru39,0.013189780782059535,7.117327729533232e-09,0.5696970414839069,2.736681791546103,135982.31984538902,2674769.795049316,six_i
