id,mu,phi,beta,H0,V0,modelname
Tomaru43,0.01791454073093827,2.7477813742427816e-10,319.65822698886234,152933.05512874477,1924353.995539365,zero_i
