id,mu,phi,beta,lam,tau,S0,V0,modelname
Tomaru43,0.03151772007578058,2.799594856306109e-09,70.01053901882888,0.056902737162157435,1.5788888541990778,43861.9390046016,10302164.091823753,two_i
