id,mu,phi,beta,tau,S0,V0,modelname
Tomaru51,0.02584953876510768,1.1873430804440417e-09,5438.284193686316,22.753413557136035,5917.3510877020435,916834.6102676858,one_i
