id,mu,phi,beta,tau,S0,V0,modelname
Tomaru43,0.029184180205892852,1.8567972406405386e-09,22.454565592295275,0.2918588781442639,21683.732205304408,349961.0228558373,one_i
