id,mu,phi,beta,tau,S0,V0,modelname
Tomaru51,0.013735359225993221,2.9114335574808167e-10,6760.3534313721075,0.1773940841144788,10686.982816780142,1031873.9307672573,five_i
