id,mu,phi,beta,lam,tau,S0,V0,modelname
Tomaru57,0.04174898891596171,5.154709729735117e-09,1530.666180034618,1.114600397372923,0.029930233153496764,9663.762233588168,1964324.7443930248,four_i
