id,mu,phi,beta,tau,S0,V0,modelname
Tomaru56,0.054597911823038456,2.066534563461894e-09,41.446027799527876,0.06599295745567907,39360.80046740112,13161089.714969477,four_i
