id,mu,phi,beta,H0,V0,modelname
Tomaru51,0.015033778713077218,2.8041515725003516e-10,7406.929438338714,8617.9716749325,1029998.8799942925,zero_i
