id,mu,phi,beta,tau,S0,V0,modelname
Tomaru56,0.04898421727596187,2.0396787121042077e-09,62.80656799079591,0.02814198723680249,25013.78264742888,10561254.244245056,two_i
