id,mu,phi,beta,lam,modelname
Tomaru43,0.048433096864530574,1.5683293302524522e-09,153.407478084018,0.05967322012335248,one_i
