id,mu,phi,beta,tau,S0,V0,modelname
Tomaru56,0.0944796125466856,4.715849098367537e-09,17.41200689391914,2.3015193687146134,16766.346958440816,12499838.538557015,one_i
