id,mu,phi,beta,tau,S0,V0,modelname
Tomaru51,0.03049790822272963,3.0862624380125527e-09,6295.606098183142,13.175858234427398,5442.238826243119,910571.1855037117,three_i
