id,mu,phi,beta,tau,S0,V0,modelname
Tomaru56,0.053282196573664946,1.9883162899328224e-09,45.522614005964584,0.052654813420839365,39720.363741574394,13267167.571426015,three_i
