id,mu,phi,beta,tau,S0,V0,modelname
Tomaru57,0.05632601425447648,6.332343807990487e-09,1111.1412649025194,35.901367400367796,8776.874326118152,2268557.422125007,one_i
