id,mu,phi,beta,lam,tau,S0,V0,modelname
Tomaru56,0.22148288508406036,3.614845640115487e-08,3.8080339192304398,0.3622664118146556,0.22827104645535023,28335.984188046907,5206433.365681187,three_i
