id,mu,phi,beta,H0,V0,modelname
Tomaru43,0.019630477409392215,3.2530964985103623e-10,281.80737258529746,122503.74060114818,2075293.0848621055,zero_i
