id,mu,phi,beta,tau,S0,V0,modelname
Tomaru51,0.03999231325555757,1.1697500455371263e-08,8495.480889631035,6.168990041567138,5614.221551015066,1137487.3335989674,ten_i
