id,mu,phi,beta,lam,tau,modelname
Tomaru51,0.0325325287609337,1.8340637995716914e-09,4260.399338226769,0.08149467437208009,0.04073025175800741,two_i
