id,mu,phi,beta,tau,S0,V0,modelname
Tomaru57,0.011977082845746887,5.356303364367313e-10,2059.933510761947,0.018773428904477023,18518.203134055824,2608424.533945716,three_i
