id,mu,phi,beta,modelname
Tomaru51,0.018324995964424048,3.2547678867811453e-10,9343.720993107501,zero_i
