id,mu,phi,beta,lam,tau,modelname
Tomaru56,0.1535377477110432,1.2544823653018789e-08,94.95599266877272,0.04974007022893498,0.03406636922438839,two_i
