id,mu,phi,beta,tau,S0,V0,modelname
Tomaru39,0.012721307317582744,6.2451612847073445e-09,0.5197086842847928,0.014570591528069521,154096.44243433196,2582345.5923065515,one_i
