id,mu,phi,beta,tau,S0,V0,modelname
Tomaru51,0.03595119686795908,4.0930088562357725e-08,19.077007363525638,21.858217381180527,692.0278500961215,502188.34218878293,nine_i
