id,mu,phi,beta,tau,S0,V0,modelname
Tomaru51,0.03605037569487041,8.338947653578718e-09,8088.274838491715,7.0725424822158445,5476.54743908095,1062143.3062757507,eight_i
