id,mu,phi,beta,H0,V0,modelname
Tomaru57,0.008926547289697924,4.92328832174887e-10,2223.1072091483993,22391.33755386146,2335790.5200821576,zero_i
