id,mu,phi,beta,tau,S0,V0,modelname
Tomaru56,0.23863881080752125,4.421776592194217e-08,162.44695395697724,24.109887859240537,7745.32659673469,3310946.7815435515,two_i
