id,mu,phi,beta,lam,tau,modelname
Tomaru57,0.04061941204082058,3.7115590143259833e-09,1381.3234098747498,0.10380531356212791,0.031142699776260597,five_i
