id,mu,phi,beta,tau,S0,V0,modelname
Tomaru39,0.04144945771880441,1.7738134685194047e-08,0.8473499476817703,0.3127155062974228,148409.43522162887,2620687.229511189,eight_i
