id,mu,phi,beta,tau,S0,V0,modelname
Tomaru43,0.0178801303623156,2.7889706360719426e-10,308.878931485626,0.04441869901567098,158670.67272474332,1971533.6905645754,six_i
