id,mu,phi,beta,tau,S0,V0,modelname
Tomaru57,0.01193924060538963,5.242802904618537e-10,2210.1928481044083,0.007175984402451621,17729.125505631804,2542463.081580212,ten_i
