id,mu,phi,beta,tau,S0,V0,modelname
Tomaru51,0.024377218616615272,4.083470004070821e-09,24.749339985864683,13.061869975925369,4226.171495651884,566091.1257720995,six_i
