id,mu,phi,beta,H0,V0,modelname
Tomaru56,0.06892559141967546,3.0192393580664956e-09,30.091319955434738,20174.644925659373,11725358.63894039,zero_i
