id,mu,phi,beta,lam,tau,S0,V0,modelname
Tomaru39,0.017802536306398522,8.58506435543359e-09,1.0921965886425602,0.004292303092389019,3.655940283041727,156492.80353219714,2463104.1223140596,four_i
