id,mu,phi,beta,tau,S0,V0,modelname
Tomaru57,0.008119818910640939,4.729791331781874e-10,2540.3025432836653,0.14825491329439336,21744.545962433043,2127959.199629776,one_i
