id,mu,phi,beta,lam,tau,H0,V0,modelname
Tomaru57,0.04033418015848162,4.617476857026562e-09,1389.5152156717006,0.22796188066688083,0.029689534587545082,7597.426662858357,1872667.5741213628,three_i
