id,mu,phi,beta,H0,V0,modelname
Tomaru51,0.013396734459699853,2.860353667756014e-10,6525.632715827523,10919.308106402177,1053681.173730315,zero_i
