id,mu,phi,beta,tau,S0,V0,modelname
Tomaru56,0.052172061490241034,2.029627738120367e-09,45.15003853359538,0.010970413230708324,40222.61596207191,12638239.29281865,five_i
