id,mu,phi,beta,H0,V0,modelname
Tomaru39,0.06508838687897771,4.7897902659597794e-09,13.263407941312277,268129.84372506547,2103205.8608427006,zero_i
