id,mu,phi,beta,lam,tau,S0,V0,modelname
Tomaru51,0.04577729956059097,3.194530311789843e-09,2633.8124289319608,0.0003461427272884569,0.03557400860349056,3056.8053992625714,904077.7401917607,four_i
