id,mu,phi,beta,tau,S0,V0,modelname
Tomaru39,0.020167993705745017,1.0661589713775037e-08,0.6956657797716735,2.4125140199340023,120671.19499490426,2662897.2620669785,ten_i
