id,mu,phi,beta,tau,S0,V0,modelname
Tomaru51,0.05651333954257323,4.344961380078971e-08,48.407467285462666,0.05146612705974411,4482.943547099209,3520170.352309499,two_i
