id,mu,phi,beta,tau,S0,V0,modelname
Tomaru56,0.07295999057299518,3.0011775217646363e-09,28.824363177459983,0.027434478743506487,21061.650232907803,13008014.842426943,nine_i
