id,mu,phi,beta,tau,S0,V0,modelname
Tomaru57,0.0103257047575029,4.96994988890751e-10,2227.7993301443894,0.006964371488598326,20547.272221836138,2425988.2581237354,ten_i
