id,mu,phi,beta,lam,modelname
Tomaru57,0.0397802749520267,3.5467881220837323e-09,1377.5661972692758,0.030974722735254263,one_i
