id,mu,phi,beta,tau,S0,V0,modelname
Tomaru43,0.06409488496360047,1.165702712799031e-08,403.41454006699064,7.126291518659925,48153.33998782159,1720955.82013557,eight_i
