id,mu,phi,beta,H0,V0,modelname
Tomaru39,0.08641871447100354,6.204724181764643e-09,9.099699774182836,725412.18514865,2124394.455125594,zero_i
