id,mu,phi,beta,tau,S0,V0,modelname
Tomaru43,0.053406803626503754,4.787441560828019e-09,284.6301264876931,10.065817521591686,48287.50428602592,1583549.740549979,four_i
