id,mu,phi,beta,tau,S0,V0,modelname
Tomaru56,0.6897590752507647,1.5598939434446213e-07,226.71724123960058,17.76657040482243,10800.34083825458,4343243.304334796,four_i
