id,mu,phi,beta,tau,S0,V0,modelname
Tomaru56,0.1499131889840214,1.5319852664573845e-08,101.81257177045161,29.976246019388622,8453.77653760841,3933094.8513642712,one_i
