id,mu,phi,beta,lam,tau,modelname
Tomaru57,0.04223022940985596,3.7920729238762774e-09,1270.6463726370878,0.04520332670736062,0.03141864103437609,five_i
