id,mu,phi,beta,lam,modelname
Tomaru51,0.03193923455184782,1.6906456679251211e-09,4454.207811170856,0.04207589640834492,one_i
