id,mu,phi,beta,tau,S0,V0,modelname
Tomaru43,0.06551932801049482,1.0658994460035968e-08,397.7983272614601,7.774082204577782,41900.09805224678,1722588.3668155554,seven_i
