id,mu,phi,beta,tau,S0,V0,modelname
Tomaru51,0.0385710771469207,8.919939317713613e-09,8262.126376980063,6.298313523295909,4984.324862970068,1078586.6131976198,nine_i
