id,mu,phi,beta,lam,tau,modelname
Tomaru56,0.1540090790502214,1.2639534302147948e-08,96.91425895081395,0.0022723253342152583,0.03345265933216027,two_i
