id,mu,phi,beta,lam,tau,modelname
Tomaru51,0.03260114876675642,1.9232319070259265e-09,4742.297204215334,0.498855767689502,0.038621660368188426,three_i
