id,mu,phi,beta,tau,S0,V0,modelname
Tomaru51,0.030344331469089277,3.219930930820831e-09,6467.077405203691,13.301545392435607,5616.844345149693,869916.5030504639,three_i
