id,mu,phi,beta,tau,S0,V0,modelname
Tomaru56,0.0121767557833573,1.1225135155139707e-09,17.203239655877486,0.560356161481001,9226.667605843391,537822.7895647233,ten_i
