id,mu,phi,beta,tau,S0,V0,modelname
Tomaru51,0.09283970558237993,7.279266595194549e-08,4278.105855911526,11.083969205847643,5069.386883377367,879111.5969799844,seven_i
