id,mu,phi,beta,lam,tau,modelname
Tomaru43,0.04896288588076769,1.6141887158892882e-09,146.27162375150192,0.040015855886653816,0.059637253224990965,three_i
