id,mu,phi,beta,H0,V0,modelname
Tomaru57,0.01464488871529314,6.969713938250967e-10,1421.2373781609567,17393.84809094556,3086997.126979286,zero_i
