id,mu,phi,beta,tau,S0,V0,modelname
Tomaru39,0.02184539506090867,1.2204469103757903e-08,0.8038144122809995,6.771787762757109,125157.17669951636,2609756.789477947,four_i
