id,mu,phi,beta,lam,tau,modelname
Tomaru51,0.03259464856079806,1.77606492275945e-09,4539.934001640034,0.03380234013502413,0.03998401592310369,four_i
