id,mu,phi,beta,tau,S0,V0,modelname
Tomaru43,0.0599618982384503,8.165888201298216e-09,353.7298588586917,8.413810940836296,45478.84352495047,1732408.2680941448,six_i
