id,mu,phi,beta,tau,S0,V0,modelname
Tomaru39,0.02631412007031157,1.2907528596957683e-08,0.7441128398335168,2.160913200895283,117820.53913960449,2636916.97373204,ten_i
