id,mu,phi,beta,lam,tau,S0,V0,modelname
Tomaru51,0.02669741725341368,1.2946537692647792e-09,5023.050551989044,0.005963155524178678,0.04282901618045514,5944.754324179037,902998.1216712437,two_i
