id,mu,phi,beta,tau,S0,V0,modelname
Tomaru43,0.047038281791953504,2.2940756603302276e-09,199.2664879426416,13.031644023202983,52984.34666989609,1603951.7622898659,two_i
