id,mu,phi,beta,tau,S0,V0,modelname
Tomaru39,0.015092290563986947,9.137541303208516e-09,0.43321333008049495,3.461984335991969,124968.16397305924,2688213.8516624933,nine_i
