id,mu,phi,beta,tau,S0,V0,modelname
Tomaru57,0.009612388649124958,5.005143110719704e-10,2314.3346680448863,0.02689511782816921,20791.700110363574,2330118.4068172937,ten_i
