id,mu,phi,beta,tau,S0,V0,modelname
Tomaru39,0.011710451661443955,5.867784177118735e-09,0.9744025474587075,0.6274415837845372,156740.67305446474,2626443.877429208,four_i
