id,mu,phi,beta,lam,modelname
Tomaru39,0.048556293353501555,3.933096529787557e-08,0.14692663694603397,0.008467397534974478,one_i
