id,mu,phi,beta,H0,V0,modelname
Tomaru43,0.020776069198294587,2.9968567834510557e-10,286.60413649492847,118412.52074084028,2232943.0163135794,zero_i
