id,mu,phi,beta,tau,S0,V0,modelname
Tomaru57,0.008193522661242443,4.879284125811616e-10,2333.492354447329,0.030560419894721313,23134.728364401653,2144272.5103863864,seven_i
