id,mu,phi,beta,tau,S0,V0,modelname
Tomaru56,7.0057926024939645,6.845886432486157e-07,291.22475036450044,10.765410865469365,12517.089607335607,11029042.240520895,ten_i
