id,mu,phi,beta,lam,tau,S0,V0,modelname
Tomaru51,0.02644753140588436,1.2121235582342325e-09,4976.883275813803,0.002989361127670464,0.0465414029036537,5938.522818873224,925557.1206764638,three_i
