id,mu,phi,beta,tau,S0,V0,modelname
Tomaru39,0.018341916521836706,1.1450960844143607e-08,1.3547959501972118,12.34828816175216,125492.36643455467,2637096.129124765,three_i
