id,mu,phi,beta,tau,S0,V0,modelname
Tomaru43,0.06207687319831352,1.0151379166608968e-08,404.05437277459964,7.888469554614332,47374.48293228456,1738576.3218244975,seven_i
