id,mu,phi,beta,tau,S0,V0,modelname
Tomaru57,0.01772357249384646,7.082486076436421e-10,1382.602787666812,0.40278442946582593,15608.258216322594,3402160.2858531037,five_i
