id,mu,phi,beta,tau,S0,V0,modelname
Tomaru43,0.03547554665994728,9.17570646181579e-09,59.55588232741267,34.50534339274365,138352.67212261056,1306066.4300081716,seven_i
