id,mu,phi,beta,tau,S0,V0,modelname
Tomaru43,0.06627607473824687,1.2726351764466874e-08,385.955114252913,7.287102616859007,48217.78729874164,1802999.4667759994,eight_i
