id,mu,phi,beta,modelname
Tomaru57,0.016560756286224138,5.89002674037683e-10,2424.55097623346,zero_i
