id,mu,phi,beta,H0,V0,modelname
Tomaru51,0.01376340581697858,2.809658267639108e-10,6933.55930857136,10287.996159293925,1011945.9749884096,zero_i
