id,mu,phi,beta,tau,S0,V0,modelname
Tomaru43,0.06480311385168211,1.1395749940255851e-08,363.9034717419681,7.941581051744286,47807.248982226345,1736291.9125089105,seven_i
