id,mu,phi,beta,tau,S0,V0,modelname
Tomaru57,0.009515932458420327,4.858447738702586e-10,2386.974334362218,0.04204491278373712,20945.398382341256,2277434.4927709918,one_i
