id,mu,phi,beta,lam,S0,V0,modelname
Tomaru43,0.04162342934935945,1.3424962078332746e-09,171.84349366664713,0.058862795204837316,60590.481416312934,1760565.2429469328,one_i
