id,mu,phi,beta,lam,S0,V0,modelname
Tomaru57,0.25984222306955135,1.200509026389966e-06,61.58917633172813,0.016319617901165796,4408.298549256477,1972227.4425536138,one_i
