id,mu,phi,beta,modelname
Tomaru43,0.02503756141355556,4.036116626788066e-10,349.6060738362631,zero_i
