id,mu,phi,beta,tau,S0,V0,modelname
Tomaru57,0.014809038867041678,6.524179370659337e-10,1584.656529607112,0.11640762285796886,16415.23907110725,2839848.768249388,two_i
