id,mu,phi,beta,lam,tau,modelname
Tomaru43,0.04936752857591738,1.6396473701166295e-09,145.0722075256659,0.07923777707396229,0.05985048971877493,four_i
