id,mu,phi,beta,tau,S0,V0,modelname
Tomaru57,0.04385297549853407,1.0602078282675936e-08,2755.8244678416145,15.580745243115054,11526.282520325862,2787512.965820953,four_i
