id,mu,phi,beta,tau,S0,V0,modelname
Tomaru51,0.03988744586221878,1.0041973455447073e-08,8481.601611442218,7.337042207869386,4961.331570922286,1035941.5446231866,eight_i
