id,mu,phi,beta,tau,S0,V0,modelname
Tomaru43,0.0625946404077059,1.020798492640082e-08,382.97060730034207,7.786991705563303,45968.0869235307,1740181.4255686868,seven_i
