id,mu,phi,beta,tau,S0,V0,modelname
Tomaru51,0.030179296563759936,3.133705351374862e-09,5994.5388911476075,12.832266393720333,5647.33206373859,910047.7028925719,three_i
