id,mu,phi,beta,tau,S0,V0,modelname
Tomaru39,0.002473967732343297,1.9104259669633422e-09,1.6057156792328255,3.4281082738565023,146792.9745164803,2679227.2778977947,two_i
