id,mu,phi,beta,tau,S0,V0,modelname
Tomaru51,0.027674426377580007,2.587974806811423e-09,6670.459979607727,12.409658460595368,6136.148150473374,910569.6091852395,three_i
