id,mu,phi,beta,tau,S0,V0,modelname
Tomaru39,0.0006090966306030189,1.4990084787359185e-10,4.252164090551493,0.01993889277511954,132348.1300579302,2480327.4691467565,four_i
