id,mu,phi,beta,tau,S0,V0,modelname
Tomaru39,0.021726535795220474,1.1352024441126824e-08,0.6505318692488681,5.9080303552963835,147070.55653375003,2533682.977097338,two_i
