id,mu,phi,beta,tau,S0,V0,modelname
Tomaru56,0.05443944097262152,2.0761456286215435e-09,43.36978986607568,0.07488127120960426,40026.82400676414,13217867.419195123,seven_i
