id,mu,phi,beta,tau,S0,V0,modelname
Tomaru57,0.009146089310225874,4.674453557682818e-10,2433.2028462330213,0.014147511494454333,21684.583675628226,2382538.612469493,five_i
