id,mu,phi,beta,lam,tau,modelname
Tomaru51,0.03212786412060609,1.7907708242145162e-09,4848.8849509420525,0.14369058954347827,0.03897309980295196,five_i
