id,mu,phi,beta,tau,S0,V0,modelname
Tomaru43,0.07936476601798712,2.026352427391588e-08,481.4818547323554,6.5456601161700885,43283.06572745797,1843906.9340869917,ten_i
