id,mu,phi,beta,tau,S0,V0,modelname
Tomaru56,3.2111583091389013,6.434062697121056e-07,282.9191544100614,14.835449456553166,11369.523591593972,5339681.9226803845,six_i
