id,mu,phi,beta,tau,S0,V0,modelname
Tomaru56,0.05014055206098626,1.9399010190486255e-09,48.82997983017423,0.14374740514965131,42623.007584493476,12539498.797863655,six_i
