id,mu,phi,beta,tau,S0,V0,modelname
Tomaru51,0.01744169529380624,4.396982049732379e-10,5145.226730474066,0.5654129247008279,7688.740933999809,1024488.0243951946,five_i
