id,mu,phi,beta,lam,tau,modelname
Tomaru51,0.032210270384771124,1.7242316495645958e-09,4483.528838283627,0.06087613887111539,0.04243779857806171,three_i
