id,mu,phi,beta,lam,tau,S0,V0,modelname
Tomaru56,0.1551861826320333,1.936417622350267e-08,115.42931306737195,0.11652445204195588,0.03150944909424771,7922.404444269935,2969550.4571186304,five_i
