id,mu,phi,beta,tau,S0,V0,modelname
Tomaru56,0.7202194566142605,4.4671192227822076e-08,14.190105137527196,12.091368146835517,13234.484374779011,17275089.73093741,seven_i
