id,mu,phi,beta,tau,S0,V0,modelname
Tomaru57,0.05500723607450833,6.896920900198294e-09,37.06508825331743,0.8043650415531916,18316.731542618345,1572369.3520012752,ten_i
