id,mu,phi,beta,tau,S0,V0,modelname
Tomaru56,0.09397861652115441,9.553967251569308e-09,17.80557006361606,0.05191287606573673,20526.886612497703,14453528.552919377,two_i
