id,mu,phi,beta,tau,S0,V0,modelname
Tomaru56,0.21904773991844778,3.227845036531186e-08,156.907039473588,23.96200903973316,9502.455918528813,4409256.162607043,two_i
