id,mu,phi,beta,tau,S0,V0,modelname
Tomaru51,0.044602140637328584,1.5756713256148168e-08,8273.21261275011,7.052677803628681,4835.284454350958,937871.0683238448,nine_i
