id,mu,phi,beta,tau,S0,V0,modelname
Tomaru56,0.05662385040855936,2.1745971380791985e-09,38.606543713150664,0.007537328804377582,38873.37717655438,13147347.521391902,six_i
