id,mu,phi,beta,tau,S0,V0,modelname
Tomaru56,0.8539946768394319,6.433931143861447e-08,246.72948537509916,10.287486834769107,10039.318852879172,13984697.326396,nine_i
