id,mu,phi,beta,tau,S0,V0,modelname
Tomaru56,0.05737982392791843,2.127078160741426e-09,40.31584088656913,0.09039040597004264,38456.4540815021,14090087.077950675,eight_i
