id,mu,phi,beta,tau,S0,V0,modelname
Tomaru57,0.49927079232124727,2.5239772723381103e-07,2960.5687767068907,12.194524025070113,11115.389202544373,2670868.2642136104,eight_i
