id,mu,phi,beta,lam,H0,V0,modelname
Tomaru56,0.1420917983499301,1.6019116837857225e-08,113.96532227148829,0.03165378539799989,3280.9056275044104,3327437.2330334065,one_i
