id,mu,phi,beta,tau,S0,V0,modelname
Tomaru57,0.3337635351012012,1.9748415697533314e-07,2884.6045583985215,15.443364026044632,10364.140895335224,2214069.3148651957,six_i
