id,mu,phi,beta,tau,S0,V0,modelname
Tomaru57,0.2528402620241399,1.6209613712346063e-07,3046.1065482891804,15.230967774036502,11076.155274634328,2072770.3431511607,six_i
