id,mu,phi,beta,tau,S0,V0,modelname
Tomaru57,0.344410292958239,1.761684843151384e-07,2395.6514451584644,15.049468404027829,10580.449876445477,2485685.2613421422,six_i
