id,mu,phi,beta,tau,S0,V0,modelname
Tomaru39,0.018235599207260752,8.503808220806292e-09,0.4809714349185477,0.12309429782515303,160663.7324222349,2644191.597284866,one_i
