id,mu,phi,beta,tau,S0,V0,modelname
Tomaru57,0.09499776502482413,3.706992852495942e-08,2468.5729257772846,18.66224769486022,9350.777918921416,2332036.9079171545,four_i
