id,mu,phi,beta,tau,S0,V0,modelname
Tomaru39,0.09931906199540003,4.217002791011161e-08,0.7736629785154702,1.1312732737484616,134483.42885849983,2656029.6673311205,four_i
