id,mu,phi,beta,lam,tau,S0,V0,modelname
Tomaru57,0.023110125869854628,1.0150530972978928e-09,718.6778552419321,0.06664739758453309,0.4224423919472898,15864.675024411903,5135572.02302627,two_i
