id,mu,phi,beta,tau,S0,V0,modelname
Tomaru51,0.034312408060828886,5.97161414755337e-09,7450.489941860426,8.422377051493848,5538.775429535653,1019489.1259351309,six_i
