id,mu,phi,beta,tau,S0,V0,modelname
Tomaru56,0.3652890235293965,7.524447883225869e-08,205.9555821916326,20.15822974123145,8828.057962355326,4011797.4621904898,three_i
