id,mu,phi,beta,tau,S0,V0,modelname
Tomaru51,0.01315130176494734,3.182004922291001e-10,6575.43388877318,0.1814442731141889,10981.820290526448,957333.0999251376,nine_i
