id,mu,phi,beta,lam,tau,S0,V0,modelname
Tomaru51,0.027344923001362285,1.3842061360031393e-09,4624.714405243785,0.042569515046626025,0.0434803311746534,5926.829579052601,892392.4119403773,two_i
