id,mu,phi,beta,tau,S0,V0,modelname
Tomaru56,0.053132493068219724,2.050744616571785e-09,43.73472163215054,0.05086779768438657,40055.77973735252,12997738.043630933,ten_i
