id,mu,phi,beta,H0,V0,modelname
Tomaru57,0.010041638277878035,5.179097430214599e-10,2165.1912912023463,20516.45239863939,2453077.183758671,zero_i
