id,mu,phi,beta,tau,S0,V0,modelname
Tomaru51,0.13071339426852407,5.738473066738127e-08,11.00456987708314,33.46512752040856,17895.663743671463,104253.28145893019,one_i
