id,mu,phi,beta,tau,S0,V0,modelname
Tomaru39,0.026934301799002896,1.4384815627089758e-08,1.5593754356119387,8.167076164210838,116193.66022923589,2471043.591916698,three_i
