id,mu,phi,beta,tau,S0,V0,modelname
Tomaru57,0.14208280275291868,6.780256205620916e-08,2712.5666800371914,13.735931729914116,10312.109496781732,2390139.657199309,six_i
