id,mu,phi,beta,tau,S0,V0,modelname
Tomaru57,0.1308226261893722,2.633410624955208e-06,29.16931902284885,15.406204736657493,4240.267330898349,2962447.2425384815,nine_i
