id,mu,phi,beta,tau,S0,V0,modelname
Tomaru43,0.8305352147887464,5.934373125126052e-07,262.51068630104095,8.469851453544281,51199.95417618567,1737111.4898548666,ten_i
