id,mu,phi,beta,tau,S0,V0,modelname
Tomaru39,0.0393702596582562,1.784761207557127e-08,0.48756553162036886,2.0082074348553123,128040.51511567213,2706412.5029446236,six_i
