id,mu,phi,beta,tau,S0,V0,modelname
Tomaru39,0.007500774314215137,4.999636032497342e-09,1.7100121082239768,6.229591888756351,139630.47841176938,2579077.0416283533,three_i
