id,mu,phi,beta,tau,S0,V0,modelname
Tomaru39,0.025400413355139036,3.5414431553775174e-10,9.210988815065813,0.028892652702566416,104188.78370847444,526037.1945090119,one_i
