id,mu,phi,beta,modelname
Tomaru51,0.01828115655144366,3.150178502898373e-10,9725.210916805567,zero_i
