id,mu,phi,beta,tau,S0,V0,modelname
Tomaru56,0.05157968448274473,2.0089722060989853e-09,44.38021468525188,0.0036854509052174854,42826.11209118764,12628104.259786338,seven_i
