id,mu,phi,beta,tau,S0,V0,modelname
Tomaru56,0.049361734593181564,1.9201535837080923e-09,49.94992455893561,0.06389579124138023,43021.20717510351,12604259.77552585,seven_i
