id,mu,phi,beta,tau,S0,V0,modelname
Tomaru57,0.008189063128087658,4.548931345671352e-10,2548.111201094592,0.04229972167331247,22234.420526955473,2289263.3814164223,seven_i
