id,mu,phi,beta,tau,S0,V0,modelname
Tomaru43,0.017689228930645767,2.728544253726639e-10,317.2298728526669,0.3059545322821038,160583.87873467986,1832300.3642313422,one_i
