id,mu,phi,beta,tau,S0,V0,modelname
Tomaru43,0.05286276157959897,4.565028828423252e-09,273.698240603309,9.826920653385613,48115.20518891058,1640876.0878330779,four_i
