id,mu,phi,beta,tau,S0,V0,modelname
Tomaru39,0.034727799455579494,1.6280896472846013e-08,1.2502093233278033,2.2668941268285403,109293.99422795075,2606139.386595989,eight_i
