id,mu,phi,beta,tau,S0,V0,modelname
Tomaru51,0.0276793189113937,1.3445885549280006e-09,4574.380012526744,22.36205554698613,5866.663419380934,877571.1384889502,one_i
