id,mu,phi,beta,lam,tau,modelname
Tomaru51,0.032480390119932354,1.7671921612176954e-09,4506.254927330583,0.00014458481814783925,0.03994854323840854,two_i
