id,mu,phi,beta,tau,S0,V0,modelname
Tomaru57,0.00987341229498564,5.002210797276841e-10,2224.5831330138444,0.062423849549994456,21026.505961513034,2380217.6623421214,three_i
