id,mu,phi,beta,tau,S0,V0,modelname
Tomaru39,0.02605386923699034,1.4118820511286085e-08,0.5428769154960015,3.1480808582201263,115873.02606066506,2654138.4408212504,nine_i
