id,mu,phi,beta,lam,S0,V0,modelname
Tomaru51,0.027417051946128403,1.3176793651947707e-09,4814.1176455009245,0.044262493831654676,5825.592876731146,908216.9185858186,one_i
