id,mu,phi,beta,lam,tau,modelname
Tomaru56,0.1528923955319866,1.2524904353492834e-08,97.06687414270318,5.125619654651875e-05,0.03349043978347543,four_i
