id,mu,phi,beta,tau,S0,V0,modelname
Tomaru57,0.03910802689521185,4.338492194148635e-09,1423.3337540948528,33.56181483230512,10354.45768754618,1747393.9670723865,one_i
