id,mu,phi,beta,lam,tau,S0,V0,modelname
Tomaru51,0.027441490138717155,1.3912610312965933e-09,4798.014023714744,0.0017228184396751106,0.04220675477994232,6012.604864169476,855404.3181559776,four_i
