id,mu,phi,beta,tau,S0,V0,modelname
Tomaru51,0.036869722851734836,7.356958434938614e-09,7549.4097217471,7.725273979955101,5364.10459284695,1124714.139032532,seven_i
