id,mu,phi,beta,tau,S0,V0,modelname
Tomaru39,0.025499199931981662,1.261413447707825e-08,0.3853401482129,2.4803056946224076,115772.84035965853,2713158.7485661875,ten_i
