id,mu,phi,beta,H0,V0,modelname
Tomaru39,0.01838269701021013,8.649732509960354e-09,0.598106974977909,154429.56575088206,2598262.937157977,zero_i
