id,mu,phi,beta,tau,S0,V0,modelname
Tomaru51,0.013954273734313292,3.0545568292574826e-10,6160.618369270718,0.09996795666234946,10823.390012837393,992272.9149433817,four_i
