id,mu,phi,beta,lam,modelname
Tomaru43,0.04956905984562917,1.634868575046314e-09,140.54231772829192,0.059907319804048835,one_i
