id,mu,phi,beta,tau,S0,V0,modelname
Tomaru57,0.05006818832826155,1.002236046194086e-08,1815.4742162801624,25.31809491395144,9900.34837862211,1885642.9796825158,two_i
