id,mu,phi,beta,tau,S0,V0,modelname
Tomaru39,0.0029557552569040415,2.5783412873606972e-09,0.7043500521238087,0.055068013080487005,159586.34037872247,2569572.0636040154,six_i
