id,mu,phi,beta,tau,S0,V0,modelname
Tomaru43,0.05462644772464646,5.582432769968667e-09,319.5593016332736,8.82013122366631,46550.319004990175,1630459.253714502,five_i
