id,mu,phi,beta,modelname
Tomaru56,0.050233106213651874,3.02599199109472e-09,62.05210378455015,zero_i
