id,mu,phi,beta,tau,S0,V0,modelname
Tomaru57,0.06485827091499291,1.956275964281489e-08,2070.5928255656313,21.064119080181776,9710.20848179146,2095110.521060868,three_i
