id,mu,phi,beta,tau,S0,V0,modelname
Tomaru57,0.08724271558829805,1.038117004050071e-07,49.473410876723115,12.836006360760129,100103.59060012782,369465.1146223442,seven_i
