id,mu,phi,beta,modelname
Tomaru56,0.016789519157148283,1.53450596573794e-09,88.99713704336874,zero_i
