id,mu,phi,beta,tau,S0,V0,modelname
Tomaru43,0.04911879126796421,3.2515885761277717e-09,256.3973010945737,11.203970640687595,51591.710545225455,1525207.5131379925,three_i
