id,mu,phi,beta,tau,S0,V0,modelname
Tomaru57,0.010867690769372725,4.908716877901535e-10,2444.1370615538035,0.00431891832006441,17609.262042190116,2678434.1132503976,three_i
