id,mu,phi,beta,tau,S0,V0,modelname
Tomaru39,0.003872538628282493,2.8275422085631547e-09,1.2382566674880684,3.145446802519908,147495.62640761872,2571370.1299797515,three_i
