id,mu,phi,beta,lam,tau,modelname
Tomaru51,0.03354479636385046,2.1112828670048443e-09,4423.5395857965495,2.0385598111482035,0.03985445082354679,two_i
