id,mu,phi,beta,tau,S0,V0,modelname
Tomaru57,0.8338454061221966,4.198354294074926e-07,3432.5501572396074,11.134651937091594,10330.071485586728,2649363.12399823,nine_i
