id,mu,phi,beta,lam,tau,modelname
Tomaru56,0.15265272864220508,1.246983863731463e-08,96.45646978709007,0.00031917989828985667,0.033574387139889424,four_i
