id,mu,phi,beta,tau,S0,V0,modelname
Tomaru51,0.014344315635510328,3.2559876761903034e-10,6348.859198537493,0.14692614409642413,9735.144025031197,1044319.6862670257,six_i
