id,mu,phi,beta,tau,S0,V0,modelname
Tomaru56,0.23095689604442518,5.676684040363762e-08,9.54008238347344,19.256140831545643,928.6836716389811,6899381.628641419,four_i
