id,mu,phi,beta,tau,S0,V0,modelname
Tomaru56,0.0649319563187392,2.5071401177264505e-09,39.34570107382976,0.0061743099695271714,19925.66535906314,12866449.632470915,eight_i
