id,mu,phi,beta,tau,S0,V0,modelname
Tomaru43,0.07678875381204862,1.846146854250747e-08,456.9239577146668,6.453739444291141,45288.49159305948,1950523.863650324,ten_i
