id,mu,phi,beta,lam,modelname
Tomaru56,0.011072566951326801,1.948302331490939e-09,61.631387311207284,0.022138815424788592,one_i
