id,mu,phi,beta,H0,V0,modelname
Tomaru51,0.1662946049111894,1.5470680225296277e-07,5.8173884717971855,6939.842807646216,238508.2467160801,zero_i
