id,mu,phi,beta,tau,S0,V0,modelname
Tomaru56,0.05546942320106761,2.1962926361353918e-09,47.35280202557535,0.0200270576902504,24540.043596969026,11115394.039996278,three_i
