id,mu,phi,beta,tau,S0,V0,modelname
Tomaru39,0.016784141403121296,9.405257612746026e-09,1.4199264251063342,3.018504438723802,125834.38907429331,2635684.520752961,ten_i
