id,mu,phi,beta,lam,tau,modelname
Tomaru43,0.024790736738920953,1.3087849146819923e-09,60.2654488158356,0.02810395976067009,0.07210546280398816,five_i
