id,mu,phi,beta,lam,tau,S0,V0,modelname
Tomaru43,0.1873211682884549,3.748200363403036e-08,23.87645420900801,0.9435587291480174,0.047280203299017325,214523.46815048304,968509.9686295774,three_i
