id,mu,phi,beta,tau,S0,V0,modelname
Tomaru57,0.009545602402733262,4.930815415930279e-10,2350.6531474448493,0.03745516476430255,21057.50974690474,2281922.808400575,eight_i
