id,mu,phi,beta,tau,S0,V0,modelname
Tomaru43,0.05013022812239005,3.27111505779951e-09,241.82009892701853,11.073778214044125,49812.88765465627,1633071.7994594187,three_i
