id,mu,phi,beta,tau,S0,V0,modelname
Tomaru56,1.0108187072367907,1.998741638717174e-07,312.8315272379437,13.92857975676206,13479.924618298892,5369229.2132334765,six_i
