id,mu,phi,beta,modelname
Tomaru39,0.003540249871593866,1.2149224870257252e-09,0.30149230144425637,zero_i
