id,mu,phi,beta,tau,S0,V0,modelname
Tomaru57,0.008700495036130127,4.91378431759656e-10,2307.875499221428,0.06047688827594565,22189.992626765263,2337359.423284835,five_i
