id,mu,phi,beta,tau,S0,V0,modelname
Tomaru39,0.010837979285736165,5.535071533121714e-09,0.8648259125174409,0.13357719202745044,147616.48211674404,2544369.25313419,seven_i
