id,mu,phi,beta,tau,S0,V0,modelname
Tomaru39,0.015116814156939093,9.809863494444411e-09,1.2064418350770445,3.597928591117146,132812.09855355852,2554640.346879661,nine_i
