id,mu,phi,beta,tau,S0,V0,modelname
Tomaru39,0.009893529961894198,6.263654413161931e-09,0.7927668799047958,3.660579149504958,135031.06244802396,2590756.7884037523,seven_i
