id,mu,phi,beta,tau,S0,V0,modelname
Tomaru51,0.013651931147804178,3.02621842947671e-10,6650.11586637212,0.12222494965729633,10377.58721344683,1028004.8860045897,six_i
