id,mu,phi,beta,tau,S0,V0,modelname
Tomaru51,0.027104120627765606,1.2730208238195286e-09,4717.310674483684,21.90407660509874,6203.297945921154,892240.385630142,one_i
