id,mu,phi,beta,tau,S0,V0,modelname
Tomaru51,0.014300071469788962,3.060596800411841e-10,6111.69007496459,0.06084116852872667,10374.259122349938,1050680.3979760774,five_i
