id,mu,phi,beta,lam,tau,modelname
Tomaru43,0.048633381832208215,1.6137206119427202e-09,151.4509422124621,0.05553970369791641,0.05861545539052595,two_i
