id,mu,phi,beta,tau,S0,V0,modelname
Tomaru57,0.009902362187925515,4.935581450435479e-10,2309.3310689240093,0.06005107479421187,20548.202903193564,2302513.8073077523,one_i
