id,mu,phi,beta,lam,tau,S0,V0,modelname
Tomaru51,0.0016075677701815846,6.504371001097944e-11,40.38628713536411,3.031697093396922,9.047215861796458,13764.641023899583,26361167.955826394,three_i
