id,mu,phi,beta,lam,tau,modelname
Tomaru56,0.15933878420066286,1.3441615615605171e-08,99.51709356163452,0.03142148351498017,0.03252224210197851,five_i
