id,mu,phi,beta,tau,S0,V0,modelname
Tomaru51,0.03687225922376674,7.571896150379165e-09,7979.403904764206,7.640582777012661,5064.502834674571,1012225.1859172098,seven_i
