id,mu,phi,beta,tau,S0,V0,modelname
Tomaru43,0.07705260610623482,1.2490029437284644e-08,249.07667554562514,12.184230599402552,34424.48986579607,1453208.327743534,four_i
