id,mu,phi,beta,lam,tau,S0,V0,modelname
Tomaru51,0.02791471659055439,1.5482463446630462e-09,5118.395019808275,1.0216875077136656,0.04218181641987342,5841.515506751202,858407.5078836004,three_i
