id,mu,phi,beta,tau,S0,V0,modelname
Tomaru39,0.018903399229420022,1.0406633996338319e-08,0.4302970161555556,6.39951795960026,125056.43345769092,2627775.629515897,four_i
