id,mu,phi,beta,tau,S0,V0,modelname
Tomaru43,0.05181583904918786,4.416948429059017e-09,272.0068799517974,9.811887987864981,50655.06861550923,1667978.9869149015,four_i
