id,mu,phi,beta,lam,tau,modelname
Tomaru57,0.03984031821173073,3.5690650331084318e-09,1375.984578467859,0.05787758231651672,0.031032615321417156,three_i
