id,mu,phi,beta,lam,tau,modelname
Tomaru39,0.008094487721659924,1.6454177571120447e-09,37.49979355596521,0.018882322950195565,0.0523187554876563,three_i
