id,mu,phi,beta,lam,tau,S0,V0,modelname
Tomaru57,0.015201730326607774,7.336271485368549e-10,1311.8132003606972,0.1068925039507306,2.5739902483228483,18092.01910784,3008688.7272585016,three_i
