id,mu,phi,beta,lam,modelname
Tomaru51,0.03299173801395649,1.7363711023947187e-09,4285.7831677408,0.04207168627223579,one_i
