id,mu,phi,beta,tau,S0,V0,modelname
Tomaru57,0.5765841397367226,3.0535672618350546e-07,2696.7791767963217,13.558191327595816,10196.516748009602,2447831.0674270904,seven_i
