id,mu,phi,beta,tau,S0,V0,modelname
Tomaru43,0.018574096987728564,2.7634192969078806e-10,305.42792563113045,0.035013940689385986,150422.5765897486,2080404.291493471,three_i
