id,mu,phi,beta,tau,S0,V0,modelname
Tomaru56,0.7970358048375537,1.3462807612768952e-07,319.40954014957214,13.843096907201273,12500.882291486863,6188808.051398634,six_i
