id,mu,phi,beta,modelname
Tomaru56,0.050008267803373765,3.0009796687473066e-09,63.035483456905546,zero_i
