id,mu,phi,beta,tau,S0,V0,modelname
Tomaru43,0.042670906957146,1.3012043036451326e-09,167.30535739816665,16.40524777576356,59585.43784916977,1777318.8924758097,one_i
