id,mu,phi,beta,lam,tau,modelname
Tomaru57,0.04347129098109816,4.012746854397052e-09,1263.5406329658433,0.04968183354326445,0.03047700311829639,four_i
