id,mu,phi,beta,tau,S0,V0,modelname
Tomaru57,0.07701446488949698,3.4113144282657954e-08,12.581943771354531,4.914048185837334,10643.950704124109,1070526.4451522438,eight_i
