id,mu,phi,beta,tau,S0,V0,modelname
Tomaru51,0.036428556874765365,8.849803761147226e-09,8936.45516156965,6.462537316498637,5491.3084637452,1094341.4152374747,nine_i
