id,mu,phi,beta,tau,S0,V0,modelname
Tomaru56,1.0665833078125095,1.8063214819855604e-07,682.1921118570253,10.957350972191373,16689.010592446604,6754765.99923759,ten_i
