id,mu,phi,beta,tau,S0,V0,modelname
Tomaru57,0.12111397176643995,2.8446870143466174e-08,172.5405338254551,8.060895051473985,1349.0806776168906,1084324.9657282776,seven_i
