id,mu,phi,beta,modelname
Tomaru51,0.01831602219346531,3.1540012591792523e-10,9692.470296295802,zero_i
