id,mu,phi,beta,tau,S0,V0,modelname
Tomaru43,0.02091048785538603,3.1082803603146257e-10,275.2710103803388,0.008003174771760067,119186.57505876491,2220451.917299327,five_i
