id,mu,phi,beta,lam,tau,modelname
Tomaru56,0.15330878221825506,1.2507315165967292e-08,97.54919558664835,0.0005523608160503758,0.03347700026787246,three_i
