id,mu,phi,beta,H0,V0,modelname
Tomaru56,0.04869135643006049,1.903476937111837e-09,48.160440812408545,44164.70967232909,12137092.588204876,zero_i
