id,mu,phi,beta,tau,S0,V0,modelname
Tomaru43,0.04258299680412232,1.3250133123592848e-09,161.37248346717973,16.32668474244413,59334.04466322147,1777519.6177211343,one_i
