id,mu,phi,beta,H0,V0,modelname
Tomaru57,0.018622712150711408,7.07443908692959e-10,1433.8456291472098,13111.693036913084,3613543.5471874075,zero_i
