id,mu,phi,beta,tau,S0,V0,modelname
Tomaru39,0.0248094384656791,1.2515507377999543e-08,0.36799360982812246,7.666565293722847,119639.95869034181,2711197.6571643827,three_i
