id,mu,phi,beta,tau,S0,V0,modelname
Tomaru43,0.042588144935401695,1.2622673756763215e-09,170.03996240222804,16.328247500441964,59592.43123351713,1757478.3487717472,one_i
