id,mu,phi,beta,lam,tau,modelname
Tomaru43,0.04842753622283408,1.6405768842462606e-09,149.87188066944566,0.12877160906052995,0.059566987017719744,four_i
