id,mu,phi,beta,tau,S0,V0,modelname
Tomaru43,0.07163415043825673,1.5423364998432968e-08,453.7538206176695,6.878465394228083,44461.46778515646,1867271.9262251377,nine_i
