id,mu,phi,beta,lam,tau,modelname
Tomaru39,0.06680658709658115,2.7027221776454058e-08,0.2071599859635021,0.009640429837000464,0.08204752322113684,five_i
