id,mu,phi,beta,lam,tau,modelname
Tomaru51,0.0320093912426674,1.7176154950564243e-09,4787.8932214245015,0.12611532963295838,0.03975442691133215,two_i
