id,mu,phi,beta,tau,S0,V0,modelname
Tomaru43,0.04592309181469638,2.0696932716235905e-09,218.82986212830372,13.007067819718955,53614.976179074176,1685550.6371604325,two_i
