id,mu,phi,beta,tau,S0,V0,modelname
Tomaru51,0.013820548966474213,2.89884068464435e-10,6928.230536198965,0.03211500731904381,9854.383981955441,1033819.0798906382,three_i
