id,mu,phi,beta,tau,S0,V0,modelname
Tomaru57,0.27083308021266533,1.3801038464431577e-07,3042.2051568107345,12.920204049780075,9831.00811034473,2484954.538737579,seven_i
