id,mu,phi,beta,tau,S0,V0,modelname
Tomaru39,0.05908495658614722,1.1465188052860084e-07,1.4036364270449262,15.698387059739648,120263.96080434209,2702053.1055624946,eight_i
