id,mu,phi,beta,tau,S0,V0,modelname
Tomaru56,0.372002999910007,7.716279549571198e-08,199.34750367354303,20.424344869195973,9504.630356974018,4048371.6138647757,three_i
