id,mu,phi,beta,H0,V0,modelname
Tomaru56,0.052443920680543134,2.1789805603839763e-09,50.99132498249612,25134.87927395598,10550817.12012265,zero_i
