id,mu,phi,beta,tau,S0,V0,modelname
Tomaru57,0.011880439139652414,5.373710974123548e-10,2064.78294045978,0.006423940064259419,18610.569522284837,2656328.8890775973,five_i
