id,mu,phi,beta,tau,S0,V0,modelname
Tomaru51,0.03690345851679185,8.14953213733208e-09,7535.699829980715,7.778924260846715,5513.34061067569,986139.7237133277,seven_i
