id,mu,phi,beta,lam,tau,modelname
Tomaru43,0.048963711999667814,1.608969852108372e-09,149.0073895026125,0.04497592484805557,0.05907493817998327,two_i
