id,mu,phi,beta,tau,S0,V0,modelname
Tomaru43,0.05950442565543028,7.188283368917885e-09,340.8230512116058,8.0791067977848,44268.563755397794,1877047.6337137877,six_i
