id,mu,phi,beta,tau,S0,V0,modelname
Tomaru56,0.05438753210996822,2.062176890757301e-09,41.81255827094389,0.09282969270941284,40136.057240343864,13050756.019651014,two_i
