id,mu,phi,beta,tau,S0,V0,modelname
Tomaru56,0.31185646730909244,4.890424040027029e-07,1.454479243937457,68.98218430560097,1474.8194563435293,5713622.043396821,eight_i
