id,mu,phi,beta,tau,S0,V0,modelname
Tomaru56,6.979287465855751,8.964613406954024e-07,452.22281150786904,11.600654890962034,10154.860261753447,6382376.026261392,ten_i
