id,mu,phi,beta,tau,S0,V0,modelname
Tomaru43,0.07350789037363148,1.6070188032270924e-08,436.8934811172834,6.8588997539788075,43418.10620468683,1835503.7516444647,nine_i
