id,mu,phi,beta,tau,S0,V0,modelname
Tomaru43,0.04832400748245986,3.1169824611641458e-09,247.14175757105116,11.044504311792203,52995.9929810118,1635750.2460016452,three_i
