id,mu,phi,beta,tau,S0,V0,modelname
Tomaru57,0.011880554836267437,5.682414597338715e-10,1968.355006352989,0.01680157609469673,18189.83713310134,2660541.0639961627,six_i
