id,mu,phi,beta,tau,S0,V0,modelname
Tomaru51,0.013327373291170763,3.0219659338845057e-10,6295.694276845748,0.008767625708333393,10825.124077855466,1010630.5531134324,ten_i
