id,mu,phi,beta,lam,modelname
Tomaru39,0.050265151992211834,3.9789158441423846e-08,0.23493557373994337,0.008766164246335719,one_i
