id,mu,phi,beta,tau,S0,V0,modelname
Tomaru43,0.02020492689541135,3.103447318558063e-10,294.09621459564596,0.009025098212396694,118839.07862023255,2125875.789751474,nine_i
