id,mu,phi,beta,tau,S0,V0,modelname
Tomaru43,0.02153666093186164,3.345593492753102e-10,241.77190123669928,0.014619205770957528,120535.70520476694,2244892.044184941,seven_i
