id,mu,phi,beta,lam,tau,modelname
Tomaru43,0.04874794148785271,1.5924966977078383e-09,153.6384876665912,0.11835279517748151,0.05905842017163913,three_i
