id,mu,phi,beta,tau,S0,V0,modelname
Tomaru56,0.0683391223943178,9.020806619112585e-09,35.64747654715243,9.372222431394887,2119.399614956173,1634261.503305634,three_i
