id,mu,phi,beta,tau,S0,V0,modelname
Tomaru39,0.032184426594705294,1.5565402833706515e-08,0.24721773771103359,5.52997884568265,113759.41931564121,2719233.828453846,four_i
