id,mu,phi,beta,lam,H0,V0,modelname
Tomaru51,0.025431803869317527,5.037893006737148e-10,3312.195410616211,2.4264609654778577,6627.51704913504,1839482.7875942471,one_i
