id,mu,phi,beta,tau,S0,V0,modelname
Tomaru51,0.03457453931038006,6.79955132748309e-09,7403.602527139635,7.413308960434538,5731.498214542516,988136.2165452323,seven_i
