id,mu,phi,beta,tau,S0,V0,modelname
Tomaru57,0.00795885135503176,4.4403096499944793e-10,2652.160836182167,0.0020636770830072724,22089.008498754614,2212002.0083968556,ten_i
