id,mu,phi,beta,lam,modelname
Tomaru43,0.04851969262280392,1.585044614294155e-09,151.68391165496473,0.059209995764237376,one_i
