id,mu,phi,beta,lam,tau,S0,V0,modelname
Tomaru43,0.04732283094281925,4.83057394443119e-10,45.102135830760815,0.030505362426354817,1.7217000779535268,4878.9439395174895,2123317.542376196,two_i
