id,mu,phi,beta,H0,V0,modelname
Tomaru39,0.0068544996799627675,4.420047991507631e-09,0.8901584660177195,163073.52241771558,2562659.6144582797,zero_i
