id,mu,phi,beta,lam,tau,S0,V0,modelname
Tomaru39,0.05066575220520883,2.2297079319448156e-08,0.3646660741510531,0.004882004389715956,0.061060026628043544,113525.14187343454,2800008.7108224686,three_i
