id,mu,phi,beta,tau,S0,V0,modelname
Tomaru43,0.01802950509820098,2.641406830072015e-10,319.2910433085993,0.12367366028706488,157888.7402799641,1957583.733046012,one_i
