id,mu,phi,beta,lam,modelname
Tomaru57,0.04002938133621006,3.5964348213352342e-09,1385.8792611067051,0.03063105084955353,one_i
