id,mu,phi,beta,lam,modelname
Tomaru39,0.03530175731918212,2.92352727835172e-08,2.832301698126895,0.008142133634565618,one_i
