id,mu,phi,beta,lam,tau,modelname
Tomaru43,0.04869303106538194,1.629905960159826e-09,157.97189210976197,0.10069711932847585,0.05858073651801979,five_i
