id,mu,phi,beta,tau,S0,V0,modelname
Tomaru51,0.014432851021180255,3.1443991546822076e-10,6319.4847131679635,0.36184224849587376,9907.281733497388,1039780.0370701854,two_i
