id,mu,phi,beta,tau,S0,V0,modelname
Tomaru39,0.02165889256990389,4.044326050952819e-08,0.7668248686035747,41.25937257045034,126646.88660522335,2687481.245418777,three_i
