id,mu,phi,beta,tau,S0,V0,modelname
Tomaru57,0.06985282818479706,2.5681663543010634e-08,3013.985126627435,11.107371401358213,11352.60364698087,2916226.706202419,seven_i
