id,mu,phi,beta,tau,S0,V0,modelname
Tomaru39,0.4756170654887849,2.2593176140067465e-06,19.30808775200974,37.97453807077975,55298.204970997285,76922592.70590666,eight_i
