id,mu,phi,beta,lam,tau,H0,V0,modelname
Tomaru43,0.048872022778252006,1.5261138940231137e-09,143.5071327255973,0.032232857899896966,0.06050960683763285,37114.31191717317,1909119.038291086,five_i
