id,mu,phi,beta,tau,S0,V0,modelname
Tomaru43,0.048891104551610866,3.267621230359668e-09,243.83383730135264,11.072802417902734,51151.59664621745,1568589.124901373,three_i
