id,mu,phi,beta,tau,S0,V0,modelname
Tomaru39,0.010945958316274923,5.916260659101268e-09,0.9593261633413083,0.09397149090074713,164771.04025463716,2581094.7749245586,six_i
