id,mu,phi,beta,tau,S0,V0,modelname
Tomaru43,0.018098949263232734,2.965090243611321e-10,285.5117092980048,0.059002786240148694,158641.15338381162,1975244.8923708235,four_i
