id,mu,phi,beta,lam,tau,S0,V0,modelname
Tomaru43,0.018681006517990414,2.81561897653703e-10,296.784474968506,4.29925257865045e-05,147.95036802200735,151405.9380363646,2008083.4543859588,five_i
