id,mu,phi,beta,tau,S0,V0,modelname
Tomaru43,0.04753767241514862,2.378897990219769e-09,197.92073223906198,13.264093731237594,51701.93932937859,1668804.4001878102,two_i
