id,mu,phi,beta,tau,S0,V0,modelname
Tomaru56,0.4956637197679956,7.298502532500551e-08,69.01518894938631,17.852788234292273,11159.086575776442,5995576.440984921,three_i
