id,mu,phi,beta,tau,S0,V0,modelname
Tomaru56,0.05171856598730117,1.9761756319825723e-09,44.75188285790614,0.03482131397908945,43020.53687647803,12715814.22561807,two_i
