id,mu,phi,beta,tau,S0,V0,modelname
Tomaru56,0.06070908937732638,2.4504545184595703e-09,41.72149102027804,0.009857060715628715,22369.447549648077,11796152.535099927,nine_i
