id,mu,phi,beta,tau,S0,V0,modelname
Tomaru39,0.025819640010117148,1.265693877787366e-08,0.2728526793523752,2.417258686146037,126834.13705970734,2682384.671204057,seven_i
