id,mu,phi,beta,tau,S0,V0,modelname
Tomaru57,0.277859535832062,1.531671907411461e-07,3074.601522148637,13.226003190285864,10805.065447417717,2397552.4393999344,seven_i
