id,mu,phi,beta,tau,S0,V0,modelname
Tomaru51,0.015377044137480178,3.081794257271169e-10,7414.447357208638,0.14500516581430703,7902.474952780391,1020247.3976235373,five_i
