id,mu,phi,beta,tau,S0,V0,modelname
Tomaru43,0.054278914654263835,4.553131006701246e-09,273.313994251135,9.809016804478409,44934.44622121551,1668939.749906958,four_i
