id,mu,phi,beta,lam,modelname
Tomaru51,0.03236416574504879,1.7457107312853629e-09,4538.372983466028,0.04023198617909681,one_i
