id,mu,phi,beta,tau,S0,V0,modelname
Tomaru57,0.008562241203699526,4.72766098830819e-10,2411.615287672573,0.024804769858127098,22003.91394174897,2276182.7329761507,six_i
