id,mu,phi,beta,lam,modelname
Tomaru39,0.01353625958446569,1.1039527113488104e-08,3.4761240416748693,0.010277420338229764,one_i
