id,mu,phi,beta,tau,S0,V0,modelname
Tomaru56,0.05270980930905457,2.031504793272228e-09,43.6784338054073,0.006716370140785429,40668.638476246335,12702430.967581056,one_i
