id,mu,phi,beta,tau,S0,V0,modelname
Tomaru51,0.013757259214354006,2.8780665900228206e-10,6702.7453774755,0.07131765463830188,10718.740294632546,1022747.3634412567,five_i
