id,mu,phi,beta,tau,S0,V0,modelname
Tomaru39,0.21881694065445517,2.7985910045477916e-06,96.73764580142537,252.47401464350133,208111.23379836086,6867477.553516071,two_i
