id,mu,phi,beta,lam,modelname
Tomaru56,0.15354060742885098,1.2446577836090557e-08,102.47428641385666,0.03324200205677643,one_i
