id,mu,phi,beta,lam,tau,H0,V0,modelname
Tomaru39,0.06436186160779028,7.197016915972414e-08,1.3724886392296494,0.015674041071439923,0.006369259525491477,75999.56208069377,2635931.123522878,three_i
