id,mu,phi,beta,lam,tau,modelname
Tomaru56,0.15509020214633218,1.27203740411634e-08,101.34600323831624,0.022005237092108106,0.03285891407197845,three_i
