id,mu,phi,beta,lam,tau,S0,V0,modelname
Tomaru56,0.05480562141265449,2.085430360444306e-09,41.99556727402194,2.693145923112062e-05,16.426564553076535,39257.24071295777,13182175.544421157,two_i
