id,mu,phi,beta,tau,S0,V0,modelname
Tomaru51,0.03421612989583019,7.676460265698969e-09,8228.675924823237,6.895909876453582,5850.151604667535,995561.3807739494,eight_i
