id,mu,phi,beta,tau,S0,V0,modelname
Tomaru39,0.023052408167246307,1.0977527730236278e-08,1.2376561681765241,1.6596667015870945,122912.25054358138,2613461.606046218,nine_i
