id,mu,phi,beta,modelname
Tomaru43,0.025542283540662028,1.3351925831900493e-09,87.67168742083348,zero_i
