id,mu,phi,beta,H0,V0,modelname
Tomaru39,0.01731127976519753,8.589687142769808e-09,0.7386936228101051,165733.92112263944,2549020.640748459,zero_i
