id,mu,phi,beta,lam,tau,modelname
Tomaru56,0.15380165467099344,1.257985243575458e-08,95.72986120186712,0.0007793831474030001,0.03359225004286809,two_i
