id,mu,phi,beta,lam,S0,V0,modelname
Tomaru39,0.034795558412898574,2.597432904145918e-08,0.3533627646178776,0.013434443808478913,120184.94329490008,2723202.9065239932,one_i
