id,mu,phi,beta,lam,tau,modelname
Tomaru57,0.04063203530449078,3.721637370760042e-09,1383.5288623823235,0.6080076784156476,0.030872029475549304,two_i
