id,mu,phi,beta,lam,tau,modelname
Tomaru39,0.09015439857120738,3.601491107477308e-08,0.36948512906711717,0.028705355078058093,0.09677505682328112,five_i
