id,mu,phi,beta,lam,tau,modelname
Tomaru56,0.1632452799572802,1.3659661404190311e-08,91.96453659653798,0.031851867872720166,0.033172257042857596,three_i
