id,mu,phi,beta,tau,S0,V0,modelname
Tomaru39,0.006488044910481943,4.801580847236612e-09,1.6016213668920862,5.442914705692213,135345.488656471,2590786.3857056713,five_i
