id,mu,phi,beta,lam,tau,modelname
Tomaru39,0.01925590381688896,1.17341155116838e-08,1.8053425254667677,0.01534984820796846,0.016541583039241272,four_i
