id,mu,phi,beta,tau,S0,V0,modelname
Tomaru51,0.03608871584737422,8.435184335463698e-09,7955.529890511695,7.011818138095496,5580.993744569287,1013761.1225394377,eight_i
