id,mu,phi,beta,tau,S0,V0,modelname
Tomaru51,0.013828349630094128,3.142416216778762e-10,6868.023170714306,0.20917456147632807,10337.97606453316,999285.4900852194,nine_i
