id,mu,phi,beta,tau,S0,V0,modelname
Tomaru43,0.04987797034284738,3.2825064802814558e-09,242.6754457841705,11.143847370106819,50319.725288798334,1658827.5458059695,three_i
