id,mu,phi,beta,tau,S0,V0,modelname
Tomaru56,0.05495633204641241,2.0744351183396722e-09,41.33946220318251,0.04711142509335043,39790.19963300076,13346911.54252247,four_i
