id,mu,phi,beta,tau,S0,V0,modelname
Tomaru39,0.023780914033631487,1.2253296946404243e-08,0.4873004279019951,2.8579084045975645,115842.0772099563,2716198.792651415,nine_i
