id,mu,phi,beta,tau,S0,V0,modelname
Tomaru39,0.3008148744814402,2.0184723518298847e-05,131.13254705747704,12.786849744392017,488801.18391718046,618159.372977678,seven_i
