id,mu,phi,beta,tau,S0,V0,modelname
Tomaru57,0.016736615636932458,7.423719261928445e-10,1221.2786649580155,0.031176114013789353,16947.50514308798,3166094.190462538,eight_i
