id,mu,phi,beta,lam,modelname
Tomaru56,0.15378902301369324,1.2598307873264494e-08,96.57530023637545,0.03366183015531979,one_i
