id,mu,phi,beta,H0,V0,modelname
Tomaru43,0.041056849750859374,1.33641908838211e-09,12.791829749964705,13671.382732622957,2854120.6992271,zero_i
