id,mu,phi,beta,H0,V0,modelname
Tomaru39,0.0487923537741757,1.7957249640242672e-09,35.74228995347985,136164.71771337386,35907644.3394716,zero_i
