id,mu,phi,beta,tau,S0,V0,modelname
Tomaru43,0.06828233867994003,1.1656370532824316e-08,362.9957502741372,7.94350685915184,42919.44306054536,1860039.5215400297,seven_i
