id,mu,phi,beta,tau,S0,V0,modelname
Tomaru57,0.2532870799239717,1.4855557280596398e-07,2812.3447771215892,14.775889016524129,9789.187903860156,2112536.6276121605,six_i
