id,mu,phi,beta,tau,S0,V0,modelname
Tomaru57,0.072241850365072,3.1500808415756755e-08,2589.309873890637,18.272926143295557,10666.676738459679,1972526.416761013,four_i
