id,mu,phi,beta,tau,S0,V0,modelname
Tomaru56,0.07796018798570975,3.53999950887674e-09,23.584625284504398,0.0891152823426157,17959.26216977585,11834193.784234166,eight_i
