id,mu,phi,beta,tau,S0,V0,modelname
Tomaru56,0.05409623433137637,2.0699267088249665e-09,44.12517994650104,0.04512273212268746,39193.23735552352,13115997.245630704,ten_i
