id,mu,phi,beta,lam,tau,modelname
Tomaru51,0.03233957396527589,1.7990991690082747e-09,4796.642363895093,0.5444302552247868,0.04006918556565849,three_i
