id,mu,phi,beta,lam,tau,modelname
Tomaru51,0.03224062575356324,1.7350037694400533e-09,4588.113914514095,0.014623793807871373,0.04012105225565119,two_i
