id,mu,phi,beta,lam,tau,modelname
Tomaru39,0.08262141796390698,3.319824547536959e-08,0.2834007697067069,0.07834648603340795,0.09380794702004003,four_i
