id,mu,phi,beta,lam,tau,modelname
Tomaru57,0.040784606593095976,3.849864149417422e-09,1325.9131302470923,0.05006734917197114,0.030043204435014556,three_i
