id,mu,phi,beta,tau,S0,V0,modelname
Tomaru39,0.020797193336235774,1.137566306898719e-08,0.5053113674311868,4.458909999532792,114896.46613242877,2705194.249956265,seven_i
