id,mu,phi,beta,H0,V0,modelname
Tomaru43,0.024040675287487035,4.2395100244764736e-10,192.06969411461324,96581.63110754537,2435695.7244717567,zero_i
