id,mu,phi,beta,tau,S0,V0,modelname
Tomaru43,0.020626845108052794,3.5086390239801306e-10,266.493675045724,0.09946084590771205,115502.99876786824,2024516.435769259,four_i
