id,mu,phi,beta,lam,tau,modelname
Tomaru51,0.03254346714748505,1.7682249995221304e-09,4622.433360172326,0.10874564786777995,0.04023594530334077,three_i
