id,mu,phi,beta,tau,S0,V0,modelname
Tomaru43,0.034813269358795536,2.099366235842543e-09,23.2860579685064,0.5188787442404729,23014.149038299765,452369.41288721183,nine_i
