id,mu,phi,beta,tau,S0,V0,modelname
Tomaru39,0.016690261481568144,9.926099707178255e-09,0.44891845549773574,4.960918671668325,122743.9376702412,2682749.8728053253,seven_i
