id,mu,phi,beta,tau,S0,V0,modelname
Tomaru57,0.32248549046679503,1.434614058594216e-07,3351.651520189541,9.69469885920873,10768.670414622262,2977805.767567953,ten_i
