id,mu,phi,beta,tau,S0,V0,modelname
Tomaru56,0.06450925264265837,2.7382282054047032e-09,36.119822900921534,0.06829375309430577,20812.478470948812,11990854.246141903,nine_i
