id,mu,phi,beta,lam,tau,modelname
Tomaru57,0.04069971771241997,3.719536571614348e-09,1321.5383527860138,0.0844081197384891,0.03134021935880127,five_i
