id,mu,phi,beta,lam,tau,modelname
Tomaru43,0.04953134964683197,1.7397012382555287e-09,138.54011036049368,0.1542950654922007,0.05930453336236122,four_i
