id,mu,phi,beta,tau,S0,V0,modelname
Tomaru56,0.5708525311914222,1.0982289522325437e-07,292.1578877646511,15.35659694377805,11073.678397046608,5197258.473931028,five_i
