id,mu,phi,beta,lam,tau,modelname
Tomaru43,0.04888663840299831,1.5895453296276228e-09,148.1499656366491,0.07438318539188025,0.059894832674246036,two_i
