id,mu,phi,beta,tau,S0,V0,modelname
Tomaru57,0.13630738273583493,6.721311402717305e-08,2807.4402996261865,16.44980770181969,9403.977269495184,2225647.9368668245,five_i
