id,mu,phi,beta,lam,tau,modelname
Tomaru57,0.039266147861053334,3.4616670039589683e-09,1395.5707989235389,0.14554324629664864,0.031638306429697484,three_i
