id,mu,phi,beta,modelname
Tomaru43,0.02511600857624206,4.153007424078762e-10,336.6711298696481,zero_i
