id,mu,phi,beta,tau,S0,V0,modelname
Tomaru39,0.038828637673723805,1.7786936775279084e-08,0.3721454131236106,2.591062449149047,112823.57247798811,2786755.2655621846,eight_i
