id,mu,phi,beta,tau,S0,V0,modelname
Tomaru57,0.008783357015891665,4.813635049345323e-10,2368.031642274578,0.02062537969792731,21838.983373700747,2174291.377379428,five_i
