id,mu,phi,beta,H0,V0,modelname
Tomaru57,0.00852219915399415,4.5324730732239766e-10,2541.3905274622216,21846.385186956075,2332449.1613807026,zero_i
