id,mu,phi,beta,tau,S0,V0,modelname
Tomaru57,0.050707176544552875,9.585278171960062e-09,1815.3192130507703,24.743851448544874,9490.837184545924,1930329.6717486153,two_i
