id,mu,phi,beta,lam,modelname
Tomaru43,0.048722989461741036,1.6105901230052982e-09,149.26709144919377,0.05910547864408385,one_i
