id,mu,phi,beta,tau,S0,V0,modelname
Tomaru57,0.009592662245076048,5.072806476994906e-10,2227.9392166508724,0.012979141245191733,21472.95665122341,2271154.078891973,six_i
