id,mu,phi,beta,tau,S0,V0,modelname
Tomaru51,0.02757112601759356,1.2996446380236437e-09,4627.022906673365,21.958749751287268,5813.618453440737,957506.8529655478,one_i
