id,mu,phi,beta,tau,S0,V0,modelname
Tomaru43,0.05810017949042022,7.775582131113718e-09,346.59162280852996,8.334978487808373,47916.00792455458,1706557.636191306,six_i
