id,mu,phi,beta,tau,S0,V0,modelname
Tomaru57,0.31424844070046176,1.6501103260505462e-07,3215.2128060776904,10.796431802766536,10988.989173090164,2562809.3083020034,nine_i
