id,mu,phi,beta,tau,S0,V0,modelname
Tomaru51,0.03707412096051135,7.964473792866459e-09,8085.060904090804,7.872780887563597,5178.887746299293,1007189.931725404,seven_i
