id,mu,phi,beta,tau,S0,V0,modelname
Tomaru56,0.149913189,1.53E-08,101.8125718,29.97624602,8453.776538,3933094.851,five_i