id,mu,phi,beta,lam,tau,S0,V0,modelname
Tomaru43,0.05598160088159241,1.9439733256895577e-09,11.827267925295319,0.12521234286722097,9.47973792541971,49325.80263567927,529116.4491962311,five_i
