id,mu,phi,beta,tau,S0,V0,modelname
Tomaru39,0.013024137060821913,6.747843004618091e-09,0.6979881742231306,0.01381728513061113,162411.78003216808,2558882.6395338797,four_i
