id,mu,phi,beta,tau,S0,V0,modelname
Tomaru56,0.07978116875352373,3.315536037487483e-09,21.37977828042549,0.01869243602044851,21283.78772219487,13108552.114455357,one_i
