id,mu,phi,beta,lam,tau,H0,V0,modelname
Tomaru51,0.19128021818250213,8.172924146227517e-09,4.960388617544178,0.0062645160760604396,0.006481205172434133,582.7914884422959,28128846.714908697,five_i
