id,mu,phi,beta,tau,S0,V0,modelname
Tomaru56,0.07098481588289679,3.142352678444522e-09,29.989878031087432,0.16119722762074404,18169.71418489581,11997290.338755647,four_i
