id,mu,phi,beta,tau,S0,V0,modelname
Tomaru39,0.037056728527859226,5.512972082114018e-08,1.582554702011741,23.656826596395412,115447.00149309514,2640961.7488823747,five_i
