id,mu,phi,beta,tau,S0,V0,modelname
Tomaru56,1.1374270469774563,2.876343399267355e-07,264.18358750506087,18.891231152968516,9759.625704486798,4025450.8118314254,four_i
