id,mu,phi,beta,tau,S0,V0,modelname
Tomaru39,0.019295463551509764,1.0159766252517137e-08,0.729018236569871,2.9158378760920125,125472.52676377392,2584136.9716553544,seven_i
