id,mu,phi,beta,tau,S0,V0,modelname
Tomaru39,0.021035089655131966,1.0505560552610145e-08,0.5688862251337525,9.249344117160748,125673.35128675246,2658743.9738765224,two_i
