id,mu,phi,beta,tau,S0,V0,modelname
Tomaru56,0.05256444600137972,2.03615878892366e-09,45.71601651005657,0.6347480606331158,40424.578860237074,13012201.261800013,one_i
