id,mu,phi,beta,tau,S0,V0,modelname
Tomaru43,0.05428929951986931,5.8622998858589416e-09,321.7084868787772,8.972453158482807,49481.81595593955,1676436.2347086011,five_i
