id,mu,phi,beta,tau,S0,V0,modelname
Tomaru39,0.01499482248443228,1.2267906167251163e-08,0.6154104352262642,10.758214814311664,123731.73063268783,2613823.855920505,five_i
