id,mu,phi,beta,H0,V0,modelname
Tomaru57,0.009556929592638862,4.910115400383945e-10,2343.987513731997,20683.948142950467,2277878.849640298,zero_i
