id,mu,phi,beta,tau,S0,V0,modelname
Tomaru56,0.3250921712958697,7.579046909267042e-08,222.15699112471538,20.401510260523427,9336.734353426687,3455840.831830366,three_i
