id,mu,phi,beta,lam,tau,modelname
Tomaru43,0.04887094370037711,1.840780077530114e-09,164.53951629436295,0.5052949052282356,0.05785146167488301,five_i
