id,mu,phi,beta,tau,S0,V0,modelname
Tomaru43,0.05712604245698727,9.099534317174965e-09,445.34518717663053,6.968985529193185,55759.91787936693,1824264.2221420547,eight_i
