id,mu,phi,beta,tau,S0,V0,modelname
Tomaru43,0.018081162945409724,2.733534189996338e-10,307.02954677289455,0.07594104885176253,159263.5018143583,1976552.354410053,two_i
