id,mu,phi,beta,tau,S0,V0,modelname
Tomaru57,0.009435235416035819,4.854713541196878e-10,2311.7845646030714,0.004580810798188283,21392.653085827176,2324033.3776910086,eight_i
