id,mu,phi,beta,tau,S0,V0,modelname
Tomaru43,0.07331304502356717,1.6416951021031168e-08,462.5675100223838,6.869733778535172,42136.2014584838,1757794.5347862612,nine_i
