id,mu,phi,beta,lam,tau,modelname
Tomaru43,0.04804467705336854,1.5798154744265922e-09,166.22389745757758,0.143376174434424,0.05905810541833429,five_i
