id,mu,phi,beta,tau,S0,V0,modelname
Tomaru56,0.06044392740074829,2.5429187684329058e-09,40.033593536535534,0.005784532302184793,22198.568792350554,11352898.454901682,five_i
