id,mu,phi,beta,lam,tau,modelname
Tomaru43,0.049153101041277986,1.6610770618225537e-09,148.30522152318875,0.26126965954707654,0.060138429332161666,four_i
