id,mu,phi,beta,lam,tau,modelname
Tomaru51,0.03207840484033777,1.8073641918783862e-09,4531.155541283393,0.18934612929328817,0.041523012311590675,five_i
