id,mu,phi,beta,tau,S0,V0,modelname
Tomaru51,0.013207231071491587,2.8218280871156855e-10,6955.319930859806,0.04485950874609866,10711.484026622466,1017408.8224486057,four_i
