id,mu,phi,beta,lam,H0,V0,modelname
Tomaru57,0.04046435307082735,4.6890069089798764e-09,1515.1492204097556,0.02834880189245244,99645.9325158206,1751526.8792877672,one_i
