id,mu,phi,beta,tau,S0,V0,modelname
Tomaru43,0.04785810955024918,2.3330646288544615e-09,204.27943397260398,13.133856689284809,49401.187530278214,1670551.3749407823,two_i
