id,mu,phi,beta,tau,S0,V0,modelname
Tomaru39,0.0009309005693218769,4.300146294837793e-10,5.615876133153394,0.058397546535475464,137724.65653416506,2553170.9310224727,seven_i
