id,mu,phi,beta,tau,S0,V0,modelname
Tomaru39,0.031548119974297004,1.4126318608748311e-08,0.9595107240402156,1.0123919918816289,145913.7211046744,2528704.996139511,three_i
