id,mu,phi,beta,tau,S0,V0,modelname
Tomaru51,0.028586401591970685,1.4913550076093928e-09,4329.727322322796,23.496323686718647,5571.706698231124,938706.4848056161,one_i
