id,mu,phi,beta,tau,S0,V0,modelname
Tomaru56,0.35293185009081957,6.593094781425329e-08,200.12512510767107,19.851093630557997,9121.478686354698,4429137.097548476,three_i
