id,mu,phi,beta,tau,S0,V0,modelname
Tomaru43,0.16027928182594928,2.6490557282046363e-07,77.18346720122489,16.20582754877273,2743.4688918705783,1555550.9374641953,six_i
