id,mu,phi,beta,lam,tau,modelname
Tomaru39,0.06464911288462212,2.6233728347539505e-08,0.2669001713586426,0.01238880559066595,0.07801394663875613,three_i
