id,mu,phi,beta,tau,S0,V0,modelname
Tomaru56,16.175743123473822,3.5149022263461695e-06,318.0670306676454,13.616461685533013,11217.38552015995,4946241.045840277,seven_i
