id,mu,phi,beta,tau,S0,V0,modelname
Tomaru57,0.009777011656298322,6.836501021917692e-09,31.24629480575598,0.1056057129817818,5555.812835807259,1192842.3749829975,four_i
