id,mu,phi,beta,tau,S0,V0,modelname
Tomaru43,0.08287595543117529,2.1569932285370315e-08,469.34152970870315,6.582610014766778,42257.02255631922,1890260.7669467458,ten_i
