id,mu,phi,beta,tau,S0,V0,modelname
Tomaru43,0.06474971687214107,1.0951336510481314e-08,460.6517996187073,6.453242324285953,43411.4882296454,1963751.558914493,nine_i
