id,mu,phi,beta,H0,V0,modelname
Tomaru51,0.013747404263098097,2.845836298219737e-10,6668.717382569617,10603.548845999112,1037607.6112151635,zero_i
