id,mu,phi,beta,tau,S0,V0,modelname
Tomaru51,0.0282301467441908,1.3710740757796344e-09,4639.326352096384,22.746926076637752,5623.1794360513595,950303.4697848337,one_i
