id,mu,phi,beta,tau,S0,V0,modelname
Tomaru43,0.02299730877935657,4.313985371256875e-10,191.03378525719413,0.2684390697061811,105940.15063754248,2220603.0481750383,one_i
