id,mu,phi,beta,tau,S0,V0,modelname
Tomaru43,0.07233410962975752,1.6628683156159892e-08,445.6887826044529,6.910235816714335,45898.68819642139,1769479.7654935017,nine_i
