id,mu,phi,beta,tau,S0,V0,modelname
Tomaru39,0.026797550964879936,1.3026557513066818e-08,0.7567390603857649,2.131822056700732,118762.29283894849,2656302.50520597,nine_i
