id,mu,phi,beta,tau,S0,V0,modelname
Tomaru43,0.018738003111598275,2.8782187474250433e-10,292.2212931519681,0.03748213612613576,149649.01417493666,2098090.349789609,three_i
