id,mu,phi,beta,tau,S0,V0,modelname
Tomaru39,0.03768070814654716,1.8452220731217348e-08,0.17714917314295073,3.7984414614145026,113530.64584767897,2691662.7110535223,six_i
