id,mu,phi,beta,tau,S0,V0,modelname
Tomaru43,0.04419374768542408,1.443218828163095e-09,153.41854937380216,16.661599590887004,57470.189959117975,1748614.308134692,one_i
