id,mu,phi,beta,modelname
Tomaru43,0.025154185436582096,4.0438012126870457e-10,343.6735628495966,zero_i
