id,mu,phi,beta,tau,S0,V0,modelname
Tomaru51,0.03423518791473426,4.3090444797882645e-09,6252.689167572916,10.797690739870927,5120.0458204012575,944915.2271385889,four_i
