id,mu,phi,beta,tau,S0,V0,modelname
Tomaru57,0.7735992112401565,4.646467896881308e-07,2891.5831468576234,15.928495928790788,8537.689585461823,2089229.5713357534,six_i
