id,mu,phi,beta,H0,V0,modelname
Tomaru57,0.012798594728553516,5.454163795517652e-10,2049.3984347999526,16562.970468229407,2707990.42596863,zero_i
