id,mu,phi,beta,tau,S0,V0,modelname
Tomaru51,0.0459490700482602,1.89978831717765e-08,9192.451463799507,6.771649731383465,4848.672000290279,979790.7529827106,ten_i
