id,mu,phi,beta,H0,V0,modelname
Tomaru56,0.05242854589482688,2.0232247272266125e-09,43.68821098515769,41174.58569355293,12666280.086918797,zero_i
