id,mu,phi,beta,H0,V0,modelname
Tomaru39,0.013794269416924992,7.173635009948813e-09,0.3452329114528296,162396.43338086316,2595618.191908298,zero_i
