id,mu,phi,beta,tau,S0,V0,modelname
Tomaru56,0.15454830037094125,1.829255990460444e-08,100.33749387451724,30.25620358369537,7400.042129369558,3126451.433215869,one_i
