id,mu,phi,beta,H0,V0,modelname
Tomaru51,0.022559288810970638,5.489145631540398e-10,2616.9904558798135,6587.25899555822,1762633.8528942442,zero_i
