id,mu,phi,beta,tau,S0,V0,modelname
Tomaru57,0.012391310084790929,5.849334881235823e-10,1997.2934245766282,0.051371815609337235,17365.720343387384,2494407.5367898894,one_i
