id,mu,phi,beta,tau,S0,V0,modelname
Tomaru57,0.32357085208404357,1.6146078546782792e-07,3268.306189299025,10.657342721349313,12004.624446462187,2718569.260592762,nine_i
