id,mu,phi,beta,modelname
Tomaru39,0.00994834485359033,3.216357353870752e-09,0.579120830496455,zero_i
