id,mu,phi,beta,tau,S0,V0,modelname
Tomaru56,0.09411314265291787,3.5208052927536382e-09,22.48356084084308,0.49548206358704633,28675.476118723294,18966632.977002725,ten_i
