id,mu,phi,beta,lam,tau,S0,V0,modelname
Tomaru51,0.02796914091472503,1.4212764776216931e-09,4742.022566067735,0.4246605987200917,0.046291625914571574,5850.135021061149,914664.306712187,five_i
