id,mu,phi,beta,tau,S0,V0,modelname
Tomaru56,0.055597378883773724,6.008541041962812e-09,35.09069554647846,0.48221940143233105,2625.0005884970415,4848272.057503992,five_i
