id,mu,phi,beta,tau,S0,V0,modelname
Tomaru57,0.008867644738113648,4.885323781488702e-10,2364.335213691273,0.07462833716296047,21670.866429426314,2263701.351318344,four_i
