id,mu,phi,beta,lam,tau,H0,V0,modelname
Tomaru56,0.19366074396725608,1.2070835282246457e-08,64.88708122926317,0.12635307540097696,0.03494158455857935,7110.970098754337,10220319.501887402,five_i
