id,mu,phi,beta,tau,S0,V0,modelname
Tomaru56,0.786883849837676,1.7965898002243376e-07,276.44584562729284,18.040839050316954,8830.543902365422,4307552.920340694,four_i
