id,mu,phi,beta,tau,S0,V0,modelname
Tomaru43,0.11472077034839644,2.7099463314556666e-06,29.6005637480701,20.249714695753692,17075.51794265358,2709351.2675216636,nine_i
