id,mu,phi,beta,modelname
Tomaru39,0.0026381037105665103,8.975746900000083e-10,0.8337104306183174,zero_i
