id,mu,phi,beta,tau,S0,V0,modelname
Tomaru57,0.00808150425851705,4.5069990626747473e-10,2556.7738827732937,0.007897799653558179,22425.11551230957,2231254.6744652195,five_i
