id,mu,phi,beta,H0,V0,modelname
Tomaru56,0.08557757866093516,3.326291208305209e-09,16.93967195991683,37819.27279913907,16053781.742976451,zero_i
