id,mu,phi,beta,tau,S0,V0,modelname
Tomaru39,0.016343615282745964,1.4663640399362845e-08,1.9555499608323756,62.48775947857717,136459.7039165422,2570694.2652314887,one_i
