id,mu,phi,beta,tau,S0,V0,modelname
Tomaru39,0.025618306995326245,1.3470775395921356e-08,0.6201678217089871,3.0901504419851915,117177.50887749976,2579892.1881503994,eight_i
