id,mu,phi,beta,H0,V0,modelname
Tomaru57,0.14874025358737664,3.14138873032285e-08,8.94379798781752,8554.623728995863,1679336.3872292205,zero_i
