id,mu,phi,beta,tau,S0,V0,modelname
Tomaru51,0.02937018813790478,2.1380684390850803e-09,5472.572070589806,16.061733600264546,5647.511805428895,943095.0380316586,two_i
