id,mu,phi,beta,H0,V0,modelname
Tomaru51,0.01368130638266851,2.9072042328660676e-10,6544.281409654892,10647.201792800197,991830.600738614,zero_i
