id,mu,phi,beta,H0,V0,modelname
Tomaru57,0.008352249744122612,4.4975712073915546e-10,2570.5327377545577,22104.894250154623,2245255.194226875,zero_i
