id,mu,phi,beta,tau,S0,V0,modelname
Tomaru43,0.0584544225357939,7.840683139357082e-09,367.7438721425259,8.36602321838669,46704.97492408666,1678042.1268165058,six_i
