id,mu,phi,beta,lam,tau,modelname
Tomaru56,0.14793577137953778,1.2002011874573546e-08,98.39379598601523,0.030363492546441394,0.03355039273260358,two_i
