id,mu,phi,beta,tau,S0,V0,modelname
Tomaru56,1.2299113781781859,1.9851450287339742e-07,271.03245746743653,12.346357001078783,11578.976347560369,6551712.258139005,seven_i
