id,mu,phi,beta,lam,modelname
Tomaru39,0.042353729651044836,1.7875390820114953e-08,0.25674133834158364,0.055506722450262946,one_i
