id,mu,phi,beta,tau,S0,V0,modelname
Tomaru51,0.018691460376248685,4.481961446936696e-10,7062.0060901396855,1.177012253162224,6124.078529362662,1114606.8491845895,six_i
