id,mu,phi,beta,tau,S0,V0,modelname
Tomaru57,0.06406419994945577,2.0038551861522542e-08,2174.1949275236784,21.189708684521797,9796.78914860008,1911857.60164363,three_i
