id,mu,phi,beta,tau,S0,V0,modelname
Tomaru51,0.03940053433064071,1.0552059789715258e-08,8564.949153664213,7.47998919039966,5308.761408626453,1060124.5479341259,eight_i
