id,mu,phi,beta,H0,V0,modelname
Tomaru51,0.02031427080486789,4.239304503328973e-10,3888.922976361739,7076.423056197193,1367284.2186868195,zero_i
