id,mu,phi,beta,tau,S0,V0,modelname
Tomaru51,0.036208336517927237,6.383276480297369e-09,7125.333919015395,10.225514623467713,5117.823780661163,978020.7322425462,five_i
