id,mu,phi,beta,lam,tau,modelname
Tomaru56,0.15419065535339138,1.2680466649525019e-08,96.0776578901152,0.0003121305159995103,0.03338328830878755,four_i
