id,mu,phi,beta,tau,S0,V0,modelname
Tomaru39,0.013404804676068463,1.7491747369600346e-08,2.3671839999974047,44.580775730392496,132106.9742558603,2609328.9593794006,two_i
