id,mu,phi,beta,tau,S0,V0,modelname
Tomaru51,0.01367531554840369,2.937317657406428e-10,6756.271578485174,0.0240988919819961,10317.224937184388,1003326.8081030307,ten_i
