id,mu,phi,beta,tau,S0,V0,modelname
Tomaru39,0.0008115297044466567,1.7202534792996813e-11,11.389642733675894,0.07009870012633644,125480.2627342692,2551663.3618449275,one_i
