id,mu,phi,beta,lam,tau,modelname
Tomaru57,0.042087126977368806,4.032690200883069e-09,1328.2940688782294,0.20834573038173176,0.030262612416454143,four_i
