id,mu,phi,beta,lam,tau,modelname
Tomaru39,0.0820433955477585,3.413471103351262e-08,0.17723664788269955,0.005641981623218957,0.0694166325907431,four_i
