id,mu,phi,beta,tau,S0,V0,modelname
Tomaru57,0.008315335913104738,4.877901786672855e-10,2342.7245705010187,0.01710808947721858,22516.28438663274,2120478.799697108,eight_i
