id,mu,phi,beta,tau,S0,V0,modelname
Tomaru51,0.03912926367148426,1.0518259930628622e-08,8392.53182703344,5.89612024517821,5282.691613870942,1079221.6678728631,ten_i
