id,mu,phi,beta,tau,S0,V0,modelname
Tomaru57,0.053257287030578374,1.983066044003513e-08,22.090041438224453,1.6352979267707926,121810.18371945678,2106175.6799270087,three_i
