id,mu,phi,beta,tau,S0,V0,modelname
Tomaru57,0.007659306185863394,4.425407000215688e-10,2650.1733828702227,0.0610347565757447,22622.88042777666,2251688.744925384,two_i
