id,mu,phi,beta,tau,S0,V0,modelname
Tomaru39,0.004295353867638772,3.546093633632745e-09,1.6566996831240655,0.20084104831930782,163635.97485252924,2478390.8885521395,eight_i
