id,mu,phi,beta,tau,S0,V0,modelname
Tomaru51,0.030908815993800774,2.304406986294919e-09,5616.495178549212,16.199200342922563,5148.413395014497,861293.7633781952,two_i
