id,mu,phi,beta,tau,S0,V0,modelname
Tomaru43,0.4438118527438861,2.986815597355306e-07,476.913674859843,8.428146579976227,30704.262186314845,1621277.8577559134,ten_i
