id,mu,phi,beta,lam,S0,V0,modelname
Tomaru51,0.027429019650960538,1.28962263950094e-09,4859.427820914086,0.04486671772720239,5852.771001680229,912417.8525052825,one_i
