id,mu,phi,beta,tau,S0,V0,modelname
Tomaru56,0.5649278770246108,1.9240641995331745e-08,3.7997105667581628,9.94315877604733,13287.166400274722,31148753.86489949,seven_i
