id,mu,phi,beta,H0,V0,modelname
Tomaru51,0.015368081630510002,2.9365742137333507e-10,7079.6946018334265,8319.554222746301,1005732.2117482274,zero_i
