id,mu,phi,beta,H0,V0,modelname
Tomaru51,0.02064656678210758,4.2945736544423195e-10,3749.3395410963935,6992.080709000946,1174562.6284440355,zero_i
