id,mu,phi,beta,H0,V0,modelname
Tomaru43,0.01836867399212686,2.8166525226010404e-10,297.868469601746,155468.5771946193,1980463.5710614924,zero_i
