id,mu,phi,beta,tau,S0,V0,modelname
Tomaru56,0.06055810901077679,2.5141907059171705e-09,42.82246895582747,0.27840441392865267,20584.419629279688,11499523.909395242,one_i
