id,mu,phi,beta,lam,tau,S0,V0,modelname
Tomaru39,0.04495771861128412,2.138175634956776e-08,0.12143283311377566,0.022771867583873173,0.04749306952431963,122333.99333080446,2805786.172908783,four_i
