id,mu,phi,beta,tau,S0,V0,modelname
Tomaru43,0.06900118988334046,1.3415101485760864e-08,411.85704599268655,7.358210923967826,44405.560362925,1817148.9734871255,eight_i
