id,mu,phi,beta,tau,S0,V0,modelname
Tomaru39,0.020380672592702667,9.882827976569394e-09,0.3850864589329985,0.006631092456235287,165562.2519483703,2628318.3351070187,one_i
