id,mu,phi,beta,tau,S0,V0,modelname
Tomaru43,0.05614781037456623,6.333038578922979e-09,323.3136063761631,9.136147378912677,46835.514300799565,1649846.8315909945,five_i
