id,mu,phi,beta,tau,S0,V0,modelname
Tomaru39,0.029866975148526622,1.4221068554396806e-08,0.8228381458015067,4.754668576579515,126373.49296667708,2641249.6112479595,three_i
