id,mu,phi,beta,tau,S0,V0,modelname
Tomaru57,0.011008682085529633,5.266690764217137e-10,2269.5958048972616,0.0015703015677456917,17791.26793287771,2621482.60732687,ten_i
