id,mu,phi,beta,tau,S0,V0,modelname
Tomaru43,0.043163838272127907,1.3260066429369155e-09,160.9544556523062,16.399836623626054,57770.406572938824,1805133.4828796345,one_i
