id,mu,phi,beta,lam,tau,modelname
Tomaru51,0.0322422259454582,1.7520183604517192e-09,4599.219756260144,0.006761848266397086,0.039913433225192446,four_i
