id,mu,phi,beta,tau,S0,V0,modelname
Tomaru51,0.013801862446584158,3.046947055846782e-10,6829.512290262535,0.1412402340476538,10122.629622334905,955291.5674647519,six_i
