id,mu,phi,beta,tau,S0,V0,modelname
Tomaru57,0.0849593772053646,3.3822470748472836e-08,2317.944592101239,17.919012960134573,9961.53297778946,2119590.104044715,four_i
