id,mu,phi,beta,tau,S0,V0,modelname
Tomaru43,0.20634137000392883,9.593892740754255e-07,178.0944674515643,56.5625811888219,22469.942425098674,16128204.958730629,two_i
