id,mu,phi,beta,tau,S0,V0,modelname
Tomaru56,0.23502915778363048,2.717407339287886e-08,121.07359312160267,12.083900299946906,13294.353817796125,7554305.017259983,five_i
