id,mu,phi,beta,tau,S0,V0,modelname
Tomaru51,0.013712823940227633,3.251300068013628e-10,6811.107376450526,0.23033635098503474,9928.100394667352,1005352.5908272265,eight_i
