id,mu,phi,beta,tau,S0,V0,modelname
Tomaru39,0.01986881079989721,1.0795379226864896e-08,1.308836547251461,3.847438138290809,135298.03587278517,2567232.284615301,five_i
