id,mu,phi,beta,tau,S0,V0,modelname
Tomaru51,0.033076750871153214,4.466722549940936e-09,6522.08662614276,11.09907185311817,5385.8332813068555,901472.4062932266,four_i
