id,mu,phi,beta,tau,S0,V0,modelname
Tomaru43,0.05794778595410631,6.295300790864006e-09,294.5645060025106,8.963470979976526,46103.03395182274,1781253.56889513,five_i
