id,mu,phi,beta,tau,S0,V0,modelname
Tomaru51,0.03196448076788343,3.3518252977810125e-09,6004.209796313719,13.090873238637922,5263.022574997525,923969.6065680428,three_i
