id,mu,phi,beta,H0,V0,modelname
Toyoda53,0.029891195584557897,4.035203547811961e-09,101.94338385868687,134408.73288758128,364396.971117507,zero_i
