id,mu,phi,beta,tau,S0,V0,modelname
Toyoda53,0.023358073468174312,3.043090558624228e-09,174.0738546903947,0.011917345011452554,126574.075542005,289966.65065162804,four_i
