id,mu,phi,beta,lam,modelname
Toyoda53,0.018548924282425577,3.607323279537329e-09,273.6058906655219,0.21856991798034023,one_i
