id,mu,phi,beta,tau,S0,V0,modelname
Toyoda53,0.010487568700014962,3.2026113282335454e-09,302.4712817637136,4.441239537445842,141812.37747179097,293299.7845695392,one_i
