id,mu,phi,beta,lam,H0,V0,modelname
Toyoda53,0.01708977156831157,3.548173622803199e-09,296.3771810041645,0.21994450150050981,160915.6971404933,334866.75210595486,one_i
