id,mu,phi,beta,tau,S0,V0,modelname
Toyoda53,0.04208192303033173,8.182865394000538e-08,261.69559541529225,3.409781679643827,113691.97887163649,392491.14851127105,eight_i
