id,mu,phi,beta,tau,S0,V0,modelname
Toyoda53,0.060677887154198765,1.5462472988395778e-07,258.06703984915373,3.0968029596925826,104937.16876176203,436666.68387218413,ten_i
