id,mu,phi,beta,tau,S0,V0,modelname
Toyoda53,0.03994273250659456,4.2537104826842937e-08,236.84711831736686,3.755745056413221,107715.0944579946,387871.0528622587,six_i
