id,mu,phi,beta,tau,S0,V0,modelname
Toyoda53,0.004441993872650527,3.5959989820732426e-09,384.5040647372688,3.8660940246019884,151591.78826709287,334521.1772073115,two_i
