id,mu,phi,beta,tau,S0,V0,modelname
Toyoda53,0.05588294528880916,1.4259603074994957e-07,274.2701736310898,3.0994414227581193,107280.3370849787,458692.1666933475,ten_i
