id,mu,phi,beta,tau,S0,V0,modelname
Toyoda53,0.0025711881923939856,4.450578711688002e-09,464.32254022929203,2.9253560411223294,137908.9508066757,432981.0424320398,four_i
