id,mu,phi,beta,lam,tau,S0,V0,modelname
Toyoda53,0.001633667843306193,4.568181411502053e-09,418.58585946027716,2.993570904160193,0.3490299500412915,160378.35902589597,412384.94982158,four_i
