id,mu,phi,beta,tau,S0,V0,modelname
Toyoda53,0.04335174711815213,7.575557710217882e-08,264.92350980383384,3.387306235079437,110099.2775611065,421802.73691241344,eight_i
