id,mu,phi,beta,tau,S0,V0,modelname
Toyoda53,0.2582716144347213,1.2550871437089714e-05,25.791291834795434,5.808428007114628,21312.593469414955,1129996.624620499,eight_i
