id,mu,phi,beta,H0,V0,modelname
Toyoda53,0.026418970194276387,3.2542407470418635e-09,153.21324480049472,120292.59467167397,334774.5519700558,zero_i
