id,mu,phi,beta,tau,S0,V0,modelname
Toyoda53,0.027381655783180383,2.3649070355478775e-08,244.04630669900288,3.8696918045998383,123521.3414650245,364688.81853832904,five_i
