id,mu,phi,beta,lam,tau,modelname
Toyoda53,0.017548514567785535,3.5908809643303017e-09,281.1469479254873,0.036484919587087807,0.22322125168439205,four_i
