id,mu,phi,beta,lam,tau,modelname
Toyoda53,0.018722614381768147,3.6012269366306837e-09,272.9115602637659,0.0005955695096102525,0.21872967935163143,five_i
