id,mu,phi,beta,tau,S0,V0,modelname
Toyoda53,0.029324225482711068,2.3518240806894408e-08,252.20053411244663,3.867566923391156,119355.74467175337,366686.906471371,five_i
