id,mu,phi,beta,modelname
Toyoda53,0.027967103157822117,3.1105098403062334e-09,167.48299291657077,zero_i
