id,mu,phi,beta,tau,S0,V0,modelname
Toyoda53,0.04549133795566192,9.556345154310902e-08,278.3962668267945,3.21092584828384,111196.63276236482,446052.9819766449,nine_i
