id,mu,phi,beta,lam,tau,S0,V0,modelname
Toyoda53,0.028525615428762606,2.4695525882879377e-08,246.94031992818947,3.90205717458909,0.2531272991803788,123137.2742622235,360791.66983482725,five_i
