id,mu,phi,beta,lam,tau,modelname
Toyoda53,0.018295839562530974,3.535517538388506e-09,279.62141123051845,0.0010783382136543651,0.2201904797363681,four_i
