id,mu,phi,beta,tau,S0,V0,modelname
Toyoda53,0.03389720108028685,4.6422732024856214e-08,274.56773727419113,3.49821123967035,113780.96276733335,401013.03926134197,seven_i
