id,mu,phi,beta,tau,S0,V0,modelname
Toyoda53,0.02392100118618854,3.0462811135291567e-09,180.59915232726036,0.0438515646407472,120160.9030709867,325877.82756867964,six_i
