id,mu,phi,beta,lam,modelname
Toyoda53,0.018223996866910484,3.547733386853778e-09,279.6489361568327,0.21942160193937738,one_i
