id,mu,phi,beta,tau,S0,V0,modelname
Toyoda53,0.022813514766446746,1.1124020081689656e-08,234.8679669828812,4.480571246283163,130670.14321869765,321801.7848163715,three_i
