id,mu,phi,beta,tau,S0,V0,modelname
Toyoda53,0.04204335499829952,3.064048558062897e-08,217.48122939038996,3.976717027079408,105961.51306457487,399012.3721956717,five_i
