id,mu,phi,beta,tau,S0,V0,modelname
Toyoda53,0.012080396293623865,3.4528586030073135e-09,267.74096402289047,4.523834533573301,143774.3823379922,315933.72547000926,one_i
