id,mu,phi,beta,lam,modelname
Toyoda53,0.017772509930679605,3.538777664865786e-09,282.59364511974997,0.22229659617493147,one_i
