id,mu,phi,beta,tau,S0,V0,modelname
Toyoda53,0.02167496810546848,2.8805152884242923e-09,186.40845198446436,0.01314346448469986,132382.92880082605,293138.3696749737,four_i
