id,mu,phi,beta,lam,tau,modelname
Toyoda53,0.01835093882707469,3.579631350592789e-09,276.56273452832994,0.020108491939729422,0.2213375554016584,five_i
