id,mu,phi,beta,H0,V0,modelname
Toyoda53,0.023137471785012655,2.9594367289081216e-09,177.4811794212466,128134.68035399013,313063.0236653174,zero_i
