id,mu,phi,beta,modelname
Toyoda53,0.02848878400613946,3.15808830163236e-09,162.15595090791027,zero_i
