id,mu,phi,beta,H0,V0,modelname
Toyoda53,0.023040494932441452,2.9533254200721736e-09,179.23851165674813,127696.23896861485,297459.05663503794,zero_i
