id,mu,phi,beta,lam,tau,modelname
Toyoda53,0.01861429572327634,3.5324321347584836e-09,280.6901920417162,0.017228380208953026,0.21737924537218936,five_i
