id,mu,phi,beta,tau,S0,V0,modelname
Toyoda53,0.15591668064984182,4.933335089694105e-07,173.08265060791481,3.23752237552539,92286.14557331004,444335.68883153267,ten_i
