id,mu,phi,beta,tau,S0,V0,modelname
Toyoda53,0.034554380979512245,1.8690310901673762e-08,230.6968943430301,4.177470695942096,104526.66981443367,368221.3860773415,four_i
