id,mu,phi,beta,tau,S0,V0,modelname
Toyoda53,0.04848068499155635,1.398367264565525e-08,111.47241462702014,5.293014501651222,102521.83177263588,376366.369633783,two_i
