id,mu,phi,beta,tau,S0,V0,modelname
Toyoda53,0.018813130582414853,2.952694476237594e-09,193.6086224796244,0.08812719434784878,141294.10610245395,287234.18226646946,seven_i
