id,mu,phi,beta,lam,tau,modelname
Toyoda53,0.018488905871964577,3.5661297955982563e-09,276.6330744843557,0.000495500376827813,0.2197501706627007,three_i
