id,mu,phi,beta,lam,tau,S0,V0,modelname
Toyoda53,0.036903747659501454,4.628759275958141e-09,105.49827518418354,0.21894761661534412,4.852201191835601,89339.03964097894,469760.0035029685,two_i
