id,mu,phi,beta,lam,modelname
Toyoda53,0.018424498175962048,3.5438715214111447e-09,277.4536791521272,0.22099847862478122,one_i
