id,mu,phi,beta,tau,S0,V0,modelname
Toyoda53,0.03603866640722985,3.7012770850132024e-08,252.42721950146407,3.7092985546054837,112212.32463077531,389835.74567229877,six_i
