id,mu,phi,beta,tau,S0,V0,modelname
Toyoda53,0.04468964195263391,9.960520670179593e-08,281.20938122352,3.250348218476461,112960.14563808948,439409.5362294118,nine_i
