id,mu,phi,beta,tau,S0,V0,modelname
Toyoda53,0.034935797278926845,3.801062622422337e-08,256.1826015494381,3.72263838143528,112412.62607829801,370232.0676171363,six_i
