id,mu,phi,beta,tau,S0,V0,modelname
Toyoda53,0.05297547746100157,1.487217788762082e-07,277.661475093929,3.1148420946060122,110573.52746613933,433775.16448041395,ten_i
