id,mu,phi,beta,tau,S0,V0,modelname
Toyoda53,0.013567581948363563,6.957761637999997e-09,310.51737397564415,4.11710905301399,135539.1854314347,394150.67668090644,three_i
