id,mu,phi,beta,tau,S0,V0,modelname
Toyoda53,0.029920827263764837,1.8328634515614784e-08,237.0308114876009,4.217345773746443,115500.29467125662,350100.6063299335,four_i
