id,mu,phi,beta,lam,modelname
Toyoda53,0.018424739582726793,3.3773534783868588e-09,291.83981936535764,0.22168977096558223,one_i
