id,mu,phi,beta,tau,S0,V0,modelname
Toyoda53,0.003273857441711507,4.048942134321813e-09,438.7950953101421,3.337694905217697,147311.1621334373,348213.05252914503,three_i
