id,mu,phi,beta,tau,S0,V0,modelname
Toyoda53,0.08833963265543994,2.651623703944315e-07,243.6067976985874,3.2113595038453626,95698.40706176973,415247.52849919256,ten_i
