id,mu,phi,beta,lam,tau,H0,V0,modelname
Toyoda53,0.039865215709331506,1.243983163197798e-08,146.691618819773,5.274500799278234,0.1884860476983398,67021.77937956076,286393.2803794504,two_i
