id,mu,phi,beta,tau,S0,V0,modelname
Toyoda53,0.0358588348473675,3.7487322098130024e-08,256.672478902557,3.7059637874687215,109301.42982623941,372595.7853980969,six_i
