id,mu,phi,beta,modelname
Toyoda53,0.027979282500692385,3.1004320275436052e-09,168.02584030393157,zero_i
