id,mu,phi,beta,tau,S0,V0,modelname
Toyoda53,0.03410403748298593,9.694029044270936e-09,84.36358660630049,0.4793485178313956,217691.94879969108,193688.6200601872,seven_i
