id,mu,phi,beta,tau,S0,V0,modelname
Toyoda53,0.03670759547125954,5.056631172873659e-08,266.84051078897585,3.5166085930092756,111022.0553070415,390894.706988499,seven_i
