id,mu,phi,beta,tau,S0,V0,modelname
Toyoda53,0.04526532243854912,9.885074325168815e-08,271.15447559697475,3.224267116441856,111444.10617200416,431839.0817616232,nine_i
