id,mu,phi,beta,tau,S0,V0,modelname
Toyoda53,0.020859501640814467,3.105593848770973e-09,193.9036944658369,0.15506781298599773,127828.75694661151,369721.1990622034,eight_i
