id,mu,phi,beta,lam,tau,modelname
Toyoda53,0.01839510234433691,3.5109087669326893e-09,281.92454475774576,0.04830723750802236,0.2213510545557294,two_i
