id,mu,phi,beta,tau,S0,V0,modelname
Toyoda53,0.002026848110184063,3.92225463965853e-09,420.9695750150064,3.236127255033064,156818.50455990652,346169.35678067757,three_i
