id,mu,phi,beta,tau,S0,V0,modelname
Toyoda53,0.06625851268943482,6.740969383374337e-09,7.481449061161621,0.3695517650450903,470564.6878304962,41393.210694556336,five_i
