id,mu,phi,beta,tau,S0,V0,modelname
Toyoda53,0.04295681573660071,9.205741225133306e-08,285.4434190402071,3.2101898707547214,111050.02700269957,426587.97978044936,nine_i
