id,mu,phi,beta,tau,S0,V0,modelname
Toyoda53,0.002247002711261207,4.373900147605769e-09,428.9256059021104,3.4809947378283628,147864.78015806671,353787.8989160794,three_i
