id,mu,phi,beta,lam,tau,S0,V0,modelname
Toyoda53,0.07569022937230775,5.598031317209988e-09,19.173893440097284,0.0404456791971341,0.154157121837275,10670.434843880232,1484983.869174638,four_i
