id,mu,phi,beta,tau,S0,V0,modelname
Toyoda53,0.03280509890306922,2.5696370595497464e-08,239.11741985913838,3.8979117541720725,114798.92196752944,372583.09726303804,five_i
