id,mu,phi,beta,tau,S0,V0,modelname
Toyoda53,0.029691302977445558,4.418833561684189e-08,277.7524359198435,3.523171074049588,125630.73569363401,418505.47786096914,seven_i
