id,mu,phi,beta,tau,S0,V0,modelname
Toyoda53,0.0037073995324001024,5.255976538870417e-09,398.62804945269977,3.165181072868202,149521.17881549284,438466.094393898,four_i
