id,mu,phi,beta,lam,tau,modelname
Toyoda53,0.01778469639821119,3.351614469403813e-09,296.7212008597917,0.024004249901722795,0.22580589790207187,three_i
