id,mu,phi,beta,tau,S0,V0,modelname
Toyoda53,0.005734103754717391,3.5638112197741615e-09,388.0480471900079,3.842179830185334,146145.3000979613,335536.99669747223,two_i
