id,mu,phi,beta,tau,S0,V0,modelname
Toyoda53,0.04136337663718218,9.35248478409061e-08,278.470280911179,3.2168795062300646,116181.03862761543,430394.27992834087,nine_i
