id,mu,phi,beta,tau,S0,V0,modelname
Toyoda53,0.04220740965435943,9.154485662528912e-08,287.1398226545301,3.2293141030050827,111782.96232133913,455801.5446218741,nine_i
