id,mu,phi,beta,tau,S0,V0,modelname
Toyoda53,0.047428486825276006,3.240174854517563e-08,21.06276807476169,0.2023061121144604,259783.69318033423,385022.90140326414,six_i
