id,mu,phi,beta,tau,S0,V0,modelname
Toyoda53,0.2433632671293273,7.176483108409041e-07,36.69580641651156,2.756004812517949,119445.73149295096,41774.029888905105,eight_i
