id,mu,phi,beta,modelname
Toyoda53,0.027943230150458874,3.1044233854445533e-09,168.0021965741305,zero_i
