id,mu,phi,beta,H0,V0,modelname
Toyoda53,0.022834973829019774,2.9077520428235587e-09,182.35307568408055,127220.23322640451,297180.1162502004,zero_i
