id,mu,phi,beta,tau,S0,V0,modelname
Toyoda53,0.06227615324955458,1.1821237001749414e-08,13.6703504258995,0.8590645270803084,134933.8967659505,227600.58914767337,two_i
