id,mu,phi,beta,tau,S0,V0,modelname
Toyoda53,0.03945616297117974,6.651374308879627e-08,276.8855537447798,3.3543454273940223,111216.02553378588,427728.5155451006,eight_i
