id,mu,phi,beta,lam,S0,V0,modelname
Toyoda53,0.18755264559591234,1.0142502193831544e-06,56.108717575630166,0.011658639321467329,282447.07024865964,571312.3686738871,one_i
