id,mu,phi,beta,lam,tau,modelname
Toyoda53,0.01855052289250802,3.6046011989417185e-09,273.1020293564648,0.0004813290085214915,0.21883838561377025,three_i
