id,mu,phi,beta,lam,tau,modelname
Toyoda53,0.0176502925890961,3.5214631003297168e-09,289.1616186211746,0.02633487233941817,0.215949811511589,four_i
