id,mu,phi,beta,tau,S0,V0,modelname
Toyoda53,0.9508611868574046,4.551487605045909e-06,25.061336513900848,6.3945833562600205,81565.37330466685,332598.5334818107,three_i
