id,mu,phi,beta,tau,S0,V0,modelname
Toyoda53,0.03447330425557484,4.951436652311189e-08,274.16653869947385,3.534106271691724,117017.46228780634,398694.50670286425,seven_i
