id,mu,phi,beta,tau,S0,V0,modelname
Toyoda53,0.160352073242364,6.266515519880304e-09,199.10157125722938,3.553058900343625,944391.6682734955,1020941.5912136787,three_i
