id,mu,phi,beta,tau,S0,V0,modelname
Toyoda53,0.04758303840377725,1.0011456948533976e-07,275.0270120308196,3.2390843245064795,110537.00051311073,459890.9046052903,nine_i
