id,mu,phi,beta,tau,S0,V0,modelname
Toyoda53,0.004623765028770001,3.605933920123334e-09,372.4228742238717,3.8706702682736607,158385.50798529305,319036.2811207971,two_i
