id,mu,phi,beta,tau,S0,V0,modelname
Toyoda53,0.011054891989912554,3.346830123158074e-09,307.45197178020055,4.536257794048308,133622.39016087618,281202.2314779814,one_i
