id,mu,phi,beta,tau,S0,V0,modelname
Toyoda53,0.017135819798930505,2.9027436665454885e-09,214.01335990195227,0.16023129264655964,140314.30624049186,281013.34551090456,six_i
