id,mu,phi,beta,tau,S0,V0,modelname
Toyoda53,0.02114491471961224,2.8758573591417557e-09,196.67797305806113,0.017102153173916678,127712.41131214504,294060.7041504553,ten_i
