id,mu,phi,beta,lam,tau,modelname
Toyoda53,0.017947781977955223,3.514373389245298e-09,285.7178237975465,0.03903035234939245,0.21753942842525986,two_i
