id,mu,phi,beta,tau,S0,V0,modelname
Toyoda53,0.06395201544365875,1.6253662113544864e-07,253.8689200244526,3.1252149850741313,108142.8248537626,472984.3132782231,ten_i
