id,mu,phi,beta,tau,S0,V0,modelname
Toyoda53,0.022354641107695552,3.2308754809163854e-08,294.01626549225637,3.355559368228718,133367.77565011682,410978.07870180585,seven_i
