id,mu,phi,beta,tau,S0,V0,modelname
Toyoda53,0.004519042868928343,3.6886682231975103e-09,366.50359289400006,3.716666220071076,148905.15874413372,319542.9642216604,two_i
