id,mu,phi,beta,tau,S0,V0,modelname
Toyoda53,0.012397269858338581,3.3916132918208963e-09,278.1934468239994,4.543050385171501,140622.5175372494,301908.5160333958,one_i
