id,mu,phi,beta,tau,S0,V0,modelname
Toyoda53,0.03208929621310445,2.567330157657239e-08,248.10838717754748,3.9130647063823325,113170.38220533452,366114.88178847753,five_i
