id,mu,phi,beta,lam,tau,modelname
Toyoda53,0.018524865683021828,3.595647310605738e-09,273.6963944980682,0.00018606230363864295,0.21991749566647295,four_i
