id,mu,phi,beta,lam,tau,modelname
Toyoda53,0.018519504550521478,3.571337567601793e-09,276.5405250064237,8.078395750788372e-05,0.21904242210649105,four_i
