id,mu,phi,beta,lam,tau,modelname
Toyoda53,0.018453086215058465,3.5414639000505415e-09,278.20419592515583,0.0002357539198130552,0.2204377657512837,five_i
