id,mu,phi,beta,tau,S0,V0,modelname
Toyoda53,0.10039727319116344,1.6468534088820678e-07,150.4249764972756,4.160169942447945,83877.29096566032,330914.0041319311,six_i
