id,mu,phi,beta,lam,S0,V0,modelname
Toyoda53,0.011054484014897545,3.3492825603157763e-09,285.195143721721,0.215851428849743,145947.11976108956,289625.6452588604,one_i
