id,mu,phi,beta,H0,V0,modelname
Toyoda53,0.023557852247068006,3.0002568092641085e-09,182.36883721182278,120660.12445076906,301701.1126878858,zero_i
