id,mu,phi,beta,lam,tau,S0,V0,modelname
Toyoda53,0.009643439214216565,3.353999178912793e-09,298.40882924695865,0.25843558319416676,0.2210237692950812,148578.9098668827,297636.7354136973,three_i
