id,mu,phi,beta,tau,S0,V0,modelname
Toyoda53,0.04918446689247817,1.0532838545516132e-07,272.20197499144905,3.2332543893061265,107014.9560716283,434896.64007339755,nine_i
