id,mu,phi,beta,lam,tau,modelname
Toyoda53,0.01861464073671035,3.4754263144655033e-09,286.56235702260045,0.027733695933031866,0.21880385815602663,three_i
