id,mu,phi,beta,lam,tau,S0,V0,modelname
Toyoda53,0.004315914779263922,3.634433380698827e-09,365.85308217002347,3.691381255206958,0.25873881907472807,158245.2218800906,306949.1816383097,two_i
