id,mu,phi,beta,lam,tau,modelname
Toyoda53,0.01860353740393236,3.573940406435263e-09,274.83271196500965,0.001997611097928722,0.21967689839184465,five_i
