id,mu,phi,beta,tau,S0,V0,modelname
Toyoda53,0.0024964791294581597,4.683990877362198e-09,474.2035745415071,2.6143469959519563,141768.14966987746,484285.9096103911,five_i
