id,mu,phi,beta,H0,V0,modelname
Toyoda53,0.023006953281877025,2.912501191938243e-09,178.77540654673246,129906.90004466519,289760.2513125253,zero_i
