id,mu,phi,beta,tau,S0,V0,modelname
Toyoda53,0.09234932185415168,4.7366170201348806e-09,76.99230336591273,3.3097371672316482,13815.275621764227,797140.9087971672,four_i
