id,mu,phi,beta,tau,S0,V0,modelname
Toyoda53,0.03290349818694887,1.9074067184095935e-08,224.88578608347385,4.179856061147735,110124.57731873103,337772.5864847799,four_i
