id,mu,phi,beta,tau,S0,V0,modelname
Toyoda53,0.008482234366082466,4.024075418591511e-09,327.38848541688554,3.892236021445628,141125.0768858461,378631.19673235784,two_i
