id,mu,phi,beta,tau,S0,V0,modelname
Toyoda53,0.02288553854413851,9.935612424636207e-09,252.32561185538316,4.341108879152325,119810.34249179813,348734.12373342685,three_i
