id,mu,phi,beta,tau,S0,V0,modelname
Toyoda53,0.012145347019714776,4.225267643349093e-09,344.1571071400637,4.002371949278428,120709.05470579154,381572.67477250093,two_i
