id,mu,phi,beta,lam,tau,modelname
Toyoda53,0.01849883872556332,3.584928948943508e-09,274.7856555558578,6.936674303075564e-05,0.21947995894850592,two_i
