id,mu,phi,beta,tau,S0,V0,modelname
Toyoda53,0.055025481157741134,1.2349131635399263e-07,266.78916719160645,3.275209074531889,104060.07154544967,433947.28953975416,nine_i
