id,mu,phi,beta,tau,S0,V0,modelname
Toyoda53,0.021654206506275253,2.914315470335133e-09,189.03564658126297,0.08102385632973826,128941.62008267599,306931.4142240828,two_i
