id,mu,phi,beta,tau,S0,V0,modelname
Toyoda53,0.014433268945787463,2.948533790353612e-09,234.10274484898795,0.2530441348041587,142562.44329060972,288442.740506329,seven_i
