id,mu,phi,beta,tau,S0,V0,modelname
Toyoda53,0.04555221919193316,1.209904296178952e-07,287.9216041427778,3.0834241772782582,116266.30421099476,468834.27226592554,ten_i
