id,mu,phi,beta,tau,S0,V0,modelname
Toyoda53,0.04276911159883023,7.797602953597457e-08,254.70605804760626,3.3662227212982607,116363.99511214928,391745.14480647026,eight_i
