id,mu,phi,beta,H0,V0,modelname
Toyoda53,0.023538386297226377,2.9440208886897136e-09,178.1843652521536,126011.02053295959,301494.44668786664,zero_i
