id,mu,phi,beta,H0,V0,modelname
Toyoda53,0.022884955609715225,2.966616408541836e-09,176.97237463023708,129578.65798419494,300911.0573429301,zero_i
