id,mu,phi,beta,modelname
Toyoda53,0.027757857721777877,3.0979882244755305e-09,169.34095316191969,zero_i
