id,mu,phi,beta,tau,S0,V0,modelname
Toyoda53,0.013216853269505854,3.516563125857757e-09,260.62299761934986,4.580834345701359,140049.04792330234,330929.2078182391,one_i
