id,mu,phi,beta,tau,S0,V0,modelname
Toyoda53,0.044405228375494564,7.215720189151986e-08,277.0568003589187,3.369915259398886,104273.26376803895,425339.0540603542,eight_i
