id,mu,phi,beta,H0,V0,modelname
Toyoda53,0.031475231070316044,3.891186453023228e-09,104.55064525827281,128160.82053443705,445752.98811088986,zero_i
