id,mu,phi,beta,tau,S0,V0,modelname
Toyoda53,0.014086775242098344,3.5989208573287467e-09,262.88988519535576,4.700821112885326,132935.7605787309,352730.79855213605,one_i
