id,mu,phi,beta,tau,S0,V0,modelname
Toyoda53,0.02302564287883611,2.9823784138685793e-09,182.10122910728796,0.004274626605605607,124052.76327639699,294261.502988659,five_i
