id,mu,phi,beta,H0,V0,modelname
Toyoda53,0.024856470973163243,3.119423926233906e-09,166.70412345550002,122649.80335473325,329031.09546834807,zero_i
