id,mu,phi,beta,tau,S0,V0,modelname
Toyoda53,0.03195347031215516,5.534891662259564e-09,178.03332773303956,5.786590912883685,103759.97441798056,377456.5793473034,one_i
