id,mu,phi,beta,lam,tau,S0,V0,modelname
Toyoda53,0.055763529401916326,1.1362292613820893e-08,89.47008147342542,0.14261125587476448,0.15671211259011708,92258.54945474447,334059.4468547741,five_i
