id,mu,phi,beta,tau,S0,V0,modelname
Toyoda53,0.0604170807314381,1.670197467112593e-07,260.05683207711456,3.1395614402623453,104181.41820416857,444097.271785081,ten_i
