id,mu,phi,beta,lam,tau,modelname
Toyoda53,0.01837922229075765,3.5740070927945203e-09,276.87722429913913,0.000908134473430461,0.21931778882511963,two_i
