id,mu,phi,beta,H0,V0,modelname
Toyoda53,0.03301054819014576,5.767714810733965e-09,138.22034617735167,184136.0826521654,285179.34152062977,zero_i
