id,mu,phi,beta,tau,S0,V0,modelname
Toyoda53,0.011021255731065051,3.4406565501475237e-09,273.3491346965021,4.5750405738223225,146431.18866374533,293509.2386960431,one_i
