id,mu,phi,beta,tau,S0,V0,modelname
Toyoda53,0.04092222514350906,5.4493860204137104e-08,267.8977435838411,3.5698387032452423,106445.4945898182,411660.5817284722,seven_i
