id,mu,phi,beta,lam,tau,S0,V0,modelname
Toyoda53,0.019200112946572576,3.2380846302248564e-09,195.03952568695394,0.41067962100997635,1.2281171980873935,131759.74040722346,354201.5862250847,three_i
