id,mu,phi,beta,tau,S0,V0,modelname
Toyoda53,0.03504645168320799,2.8012685596520852e-08,244.67439318641203,3.968296196252321,106105.41056178648,373642.8360086603,five_i
