id,mu,phi,beta,tau,S0,V0,modelname
Toyoda53,0.027883315948199257,2.9949048037998574e-08,265.12744109027886,3.607919610499107,120092.11516388305,384809.1061473712,six_i
