id,mu,phi,beta,tau,S0,V0,modelname
Toyoda53,0.029931426187505918,1.3546782283536367e-08,209.67813412275407,4.604137008124825,121993.8561382222,311699.81081933115,three_i
