id,mu,phi,beta,tau,S0,V0,modelname
Toyoda53,0.01151796659814497,3.489932249781161e-09,257.21629925521273,4.59600090160632,152550.0191502465,302196.6803319807,one_i
