id,mu,phi,beta,tau,S0,V0,modelname
Toyoda53,0.04738047032050046,2.7020523825316645e-08,184.67165086443867,4.294723464456579,96335.00466183806,331090.7689197165,four_i
