id,mu,phi,beta,tau,S0,V0,modelname
Toyoda53,0.04668011813959687,7.827196633591653e-08,255.41779637533713,3.362276539074264,106838.11027772925,397734.3199867303,eight_i
