id,mu,phi,beta,lam,tau,modelname
0DMSP,0.6959929655382036,1.1205448294319195e-05,223.4748761390587,0.03046836003140884,0.03685735542336255,two_i
