id,mu,phi,beta,lam,modelname
0DMSP,0.7339842413900619,9.350721724252863e-06,226.35147455318065,0.0393524082612813,one_i
