id,mu,phi,beta,lam,tau,modelname
0DMSP,0.9804987828551438,1.667673947875907e-05,85.99746149840996,0.002877328150759761,0.08669585903868299,four_i
