id,mu,phi,beta,lam,modelname
100DMSP,0.7412511630851054,8.12120445202445e-07,39.527855092476564,0.8914363834647,one_i
