id,mu,phi,beta,lam,tau,modelname
100DMSP,0.8182423388323988,1.2033921093935142e-06,39.996268928981124,1.0754469054458164,6.713538316988404,two_i
