id,mu,phi,beta,lam,tau,modelname
100DMSP,1.104742876500688,2.467376854503561e-06,29.847944165143073,0.08409389075018102,0.9486906784527582,three_i
