id,mu,phi,beta,lam,modelname
10DMSP,0.8373767746681513,1.2473641697828027e-05,206.39929862678926,0.04887957611660425,one_i
