id,mu,phi,beta,lam,tau,modelname
10DMSP,0.9293300336519927,1.8032878600938334e-05,131.8027700819652,0.002680840933369896,0.07001024515188504,two_i
