id,mu,phi,beta,modelname
10DMSP,0.01872854522609273,4.409149116176477e-09,651.694359835751,zero_i
