id,mu,phi,beta,lam,tau,modelname
10DMSP,0.644662958543639,1.031166988270507e-05,324.2146145796373,0.013989722779598285,0.032170555796228684,three_i
