id,mu,phi,beta,lam,tau,modelname
10DMSP,0.7359105019106326,8.133930306520557e-06,147.7058569428727,0.004773631183804097,0.06738315263398972,five_i
