id,mu,phi,beta,lam,tau,modelname
500DMSP,0.07709707006779909,3.1940478548007647e-07,141.59105591844872,0.014034968908357485,1.233850388863336,four_i
