id,mu,phi,beta,lam,modelname
Baudoux3,0.021049533894291626,5.179707407300728e-10,343.8952508069641,0.06398627150346485,one_i
