id,mu,phi,beta,modelname
Baudoux32,0.021564979708450657,2.2527776981862187e-10,164.0463528514264,zero_i
