id,mu,phi,beta,lam,tau,H0,V0,modelname
Baudoux33,0.011704844210223643,1.029772379400017e-09,452.05846129386265,0.6916316572454725,0.042611534868365865,973921.6954722852,14081729.602217713,five_i
