id,mu,phi,beta,lam,tau,modelname
Baudoux33,0.007261255884557448,1.224398242486716e-10,393.9089871990778,0.06877923819796251,0.9469181237311501,four_i
