id,mu,phi,beta,lam,tau,modelname
Baudoux3,0.24373651220058584,3.767226698064966e-08,431.8174002010192,9.10403018092076,0.9241027592907546,five_i
