id,mu,phi,beta,lam,modelname
Baudoux34,0.015445417440742135,5.134526195258952e-10,68.59049413312897,1.1834764326915777,one_i
