id,mu,phi,beta,lam,tau,modelname
Baudoux33,0.006875510206008155,4.1993452369784645e-10,459.72308175016525,0.05264944373086127,0.04633398111314859,three_i
