id,mu,phi,beta,lam,tau,H0,V0,modelname
Baudoux34,0.1124960405509157,1.488602051685994e-09,8.130233185501638,0.07770795468287943,0.9001408907567928,1942672.4928237055,10879648.986333525,four_i
