id,mu,phi,beta,lam,tau,modelname
Baudoux3,0.014757104188086354,4.6424637495048136e-10,417.5998900044727,15.679693307864964,2.011836318105618,two_i
