id,mu,phi,beta,H0,V0,modelname
Baudoux33,0.01247621644111697,1.4737579034501515e-10,340.88428672457445,1428563.4987804766,16149580.52428271,zero_i
