id,mu,phi,beta,lam,tau,modelname
Baudoux32,0.14644852766517394,3.3716503042559336e-08,379.10676530083396,11.289425183531295,0.3766294933826682,five_i
