id,mu,phi,beta,lam,tau,modelname
Baudoux34,0.5643531298831505,3.0190030777924475e-06,128.30789548409422,3.380108212367477,0.042229176400266626,five_i
