id,mu,phi,beta,lam,modelname
Baudoux32,0.014863466214815414,4.3182306035881807e-10,270.9430257000195,0.06670489361091021,one_i
