id,mu,phi,beta,lam,tau,H0,V0,modelname
Baudoux32,0.01531868371334118,6.08152224422896e-10,323.05275171358556,0.7194645960364537,0.06957001741137467,1779953.0170311653,15140265.298963903,four_i
