id,mu,phi,beta,modelname
Baudoux3,0.016157477299305924,1.4502510280892525e-10,313.5655140173094,zero_i
