id,mu,phi,beta,lam,modelname
Baudoux33,0.010821518836182186,4.574771048898759e-10,418.2051278407865,0.04592891314306797,one_i
