id,mu,phi,beta,lam,tau,modelname
Baudoux33,0.012135324182707245,4.976835975072393e-10,376.4149379086879,0.0650746155420901,0.04777069018800042,two_i
