id,mu,phi,beta,lam,tau,H0,V0,modelname
Baudoux33,0.010299268338562888,1.516693532348686e-10,327.1309952800418,0.021826844847722942,19.213517792862138,1032824.2264624219,14638904.242817663,two_i
