id,mu,phi,beta,lam,tau,H0,V0,modelname
Baudoux33,0.004673532899150374,1.2144833804737296e-10,542.6660867242641,0.6770135366895647,2.758369925713487,820297.507770606,16403833.404659035,four_i
