id,mu,phi,beta,modelname
Baudoux33,0.011881038306717155,1.3148211721342756e-10,318.2401033790918,zero_i
