id,mu,phi,beta,lam,H0,V0,modelname
Baudoux34,0.08547406684203192,4.981625544368322e-09,49.18061450007663,0.05708205815388668,4033023.768539012,19765208.576609634,one_i
