id,mu,phi,beta,lam,tau,modelname
Baudoux34,0.0716208100767747,3.712161590061108e-09,51.71193980815868,0.02130481616560782,0.05633783678759543,three_i
