id,mu,phi,beta,lam,tau,modelname
Baudoux32,0.016082185779891386,1.9391862874772996e-10,227.78618682907586,0.2730329510103904,0.9127816910372335,two_i
