id,mu,phi,beta,lam,tau,modelname
Baudoux33,0.03886094802949333,1.2833924995615941e-08,526.414926910908,6.427723092155854,0.05600851408876009,five_i
