id,mu,phi,beta,lam,tau,modelname
Baudoux3,0.026375369284270003,3.368487471366509e-09,477.6192239746628,5.114826512245976,0.06421947960614671,four_i
