id,mu,phi,beta,lam,tau,modelname
Baudoux32,0.01643767510058543,2.2329007259550462e-10,247.25685759549353,0.08548793328646045,0.2544125981189297,three_i
