id,mu,phi,beta,lam,tau,modelname
Baudoux34,0.07685279961992314,4.22893634922307e-09,54.8696658346007,0.3166647611668073,0.05386830161489001,two_i
