id,mu,phi,beta,lam,tau,modelname
Baudoux34,0.8649053467050006,3.4585723896075484e-07,120.1474073290067,10.980701164456894,0.28773259616540564,four_i
