id,mu,phi,beta,lam,tau,H0,V0,modelname
Baudoux34,0.01920520299431703,6.400714814234131e-10,51.38643463720015,0.2676351824464134,0.5787250313303334,748644.9553159572,31104511.06184855,five_i
