id,mu,phi,beta,lam,tau,modelname
Baudoux3,0.010814669374796124,8.497528926719281e-10,528.9043089866205,10.95434327954301,1.0693193383314366,three_i
