id,mu,phi,beta,lam,H0,V0,modelname
Baudoux3,0.020147485244489987,6.599340247031996e-10,383.3887322148769,0.06224836014692455,8256243.302588455,17599814.745392635,one_i
