id,mu,phi,beta,lam,tau,modelname
Baudoux32,0.01628024880718873,1.4983807560519379e-09,392.93414471926326,5.7352308762595,0.08275120503955886,four_i
