id,mu,phi,beta,modelname
Baudoux34,0.020772488367436167,5.719840278482252e-10,55.751500968713685,zero_i
