id,mu,phi,beta,lam,tau,modelname
Castberg24,0.018850227085625747,2.5643748755851597e-10,771.5251544145775,0.0011856346275094035,0.8595026118728404,four_i
