id,mu,phi,beta,lam,modelname
Castberg24,0.017698095731062763,1.9483453133537058e-10,1080.7130908377553,0.729456063272989,one_i
