id,mu,phi,beta,lam,tau,H0,V0,modelname
Castberg24,0.030278311924514086,7.008801939849514e-10,187.26355355455024,0.7528122069374131,2.1661250949808526,141812.5971995103,17009343.089784827,four_i
