id,mu,phi,beta,lam,tau,modelname
Castberg24,0.019250155088935815,2.563086896815429e-10,791.3240472477562,0.013875031681035366,0.6000695616106376,five_i
