id,mu,phi,beta,lam,tau,modelname
Castberg24,0.018763662991320422,2.245398325990785e-10,1012.1870756977235,0.04120820278726703,0.39188359035814,three_i
