id,mu,phi,beta,modelname
Castberg24,0.029553460612937527,7.749848840514748e-10,175.99392471769085,zero_i
