id,mu,phi,beta,lam,tau,modelname
Castberg24,0.021756715723912926,6.190971830581657e-10,1410.6991010624783,0.19800177544198008,0.03724983500836651,two_i
