id,mu,phi,beta,lam,tau,modelname
Eissler40,0.0025200976885984367,1.1574003334815622e-09,10.226244361178638,0.1587329607726361,0.300859978755245,five_i
