id,mu,phi,beta,H0,V0,modelname
Eissler40,0.06829142467888896,8.706446433443016e-10,4.696079180819316,1692603.8151998003,6274842.294291822,zero_i
