id,mu,phi,beta,modelname
Eissler40,0.004942310738054767,1.0638770875648867e-09,9.042617308914515,zero_i
