id,mu,phi,beta,lam,modelname
Eissler40,0.003583605343116494,3.07088913405721e-09,11.027105504530601,0.05070210881569493,one_i
