id,mu,phi,beta,lam,tau,modelname
Eissler40,0.02850338888669829,7.338177555581369e-09,7.532056544468086,0.03294800697157867,0.04705958244462107,two_i
