id,mu,phi,beta,lam,tau,modelname
Eissler40,0.006776702882647358,4.431308615367887e-09,10.101026684528739,0.2571171288925026,0.04716207035262282,four_i
