id,mu,phi,beta,lam,H0,V0,modelname
Eissler40,0.0026518495117979204,2.8426926750363706e-09,12.391416233252707,0.05428960518933381,8331339.521793707,9446668.159281345,one_i
