id,mu,phi,beta,lam,tau,modelname
Eissler40,0.001408822310603909,9.874848986074825e-10,10.377635006423578,0.06902435029520185,0.8070259198929565,three_i
