id,mu,phi,beta,lam,tau,modelname
Gao41,0.026751207938616274,8.619434981834146e-10,39.33582169762112,0.017824592254283952,1.529241696177076,two_i
