id,mu,phi,beta,lam,modelname
Gao41,0.02518580681556548,1.0755903220723482e-09,41.74235242054259,0.3152174836569156,one_i
