id,mu,phi,beta,modelname
Gao41,0.027436676613521296,8.234860745750443e-10,37.85662397219404,zero_i
