id,mu,phi,beta,lam,tau,modelname
Gao41,0.024294855282253777,9.768643086943006e-10,47.20223194190549,0.05139459521450068,0.35739762043479173,three_i
