id,mu,phi,beta,H0,V0,modelname
Gao41,0.03743027358390198,1.1934821765397318e-10,66.08200457967135,222326.17284706858,419723.2293100318,zero_i
