id,mu,phi,beta,lam,tau,H0,V0,modelname
Gao41,0.01780960737178585,9.799797130185772e-10,80.59839226420327,0.04129534179591275,0.2543273095627495,641812.9438017564,108473.86564738922,four_i
