id,mu,phi,beta,lam,tau,H0,V0,modelname
Gao41,0.018393096089722734,9.201195055902071e-10,73.93043280655353,0.04306312279561503,0.3234583032221393,1621564.6567309948,139064.31195927085,three_i
