id,mu,phi,beta,lam,tau,modelname
Gao41,0.02335765239221407,1.0510886788178756e-09,50.89951086855919,0.19602006333206354,0.29268698151512834,five_i
