id,mu,phi,beta,lam,tau,modelname
Gao41,0.020136835847665995,1.4898539474320788e-09,59.39799931427391,2.851905803589755,7.079411661483227,four_i
