id,mu,phi,beta,lam,tau,modelname
Johannessen69,0.20019481667229652,7.550122030198032e-09,119.42430878796507,2.3362143747049884,0.31245984269190596,two_i
