id,mu,phi,beta,lam,modelname
Johannessen68,0.18774330890464042,2.403034925840956e-09,97.51867070083469,0.0861923386895054,one_i
