id,mu,phi,beta,lam,tau,modelname
Johannessen69,0.015996983977298943,1.3654026243824345e-09,560.6861528928616,0.2433751325159655,0.4184287684393672,three_i
