id,mu,phi,beta,lam,tau,modelname
Johannessen69,0.10676469262427142,3.4960385646632026e-09,205.20886180648085,1.2711525500996024,0.8792130616464094,four_i
