id,mu,phi,beta,modelname
Johannessen68,0.3318865027885325,2.6053158949485852e-09,21.545339200537967,zero_i
