id,mu,phi,beta,lam,tau,modelname
Johannessen70,0.02735992088185824,4.645155101260432e-09,14.578626012297619,0.12183504776629302,0.13024908025954593,five_i
