id,mu,phi,beta,lam,H0,V0,modelname
Johannessen69,0.12427412324964048,2.8836370580332986e-09,132.3873041718726,0.6162078294687414,1240365.4121729496,14056201.370742297,one_i
