id,mu,phi,beta,modelname
Johannessen70,0.06807331485341778,6.4657231273727135e-09,7.552200096114856,zero_i
