id,mu,phi,beta,lam,modelname
Johannessen69,0.14629867401894506,2.8060389442819697e-09,120.59763532299421,0.5706259388701054,one_i
