id,mu,phi,beta,lam,tau,modelname
Johannessen68,0.6066305093598102,1.8595892846919212e-08,233.22039817310784,6.748710999821287,2.0289271303161764,five_i
