id,mu,phi,beta,lam,tau,H0,V0,modelname
Johannessen68,0.19891350903030147,2.4933981503802706e-09,59.32322695412431,0.008357006812824313,0.07268290628309425,115283.7449064721,127950486.96436559,four_i
