id,mu,phi,beta,lam,tau,H0,V0,modelname
Johannessen68,0.10180237700609952,1.1737280512728608e-09,75.80548042834904,4.414860155456993,9.2300541792031,495800.4799933554,127872412.75823279,three_i
