id,mu,phi,beta,lam,tau,modelname
Johannessen70,0.12772657657467615,1.0973360461934969e-08,4.5159293104508835,0.04168723302863041,7.7203394593022665,two_i
