id,mu,phi,beta,modelname
Johannessen69,0.18998802585313934,2.8769046692419243e-09,67.85395930238788,zero_i
