id,mu,phi,beta,lam,tau,H0,V0,modelname
Johannessen69,0.05540939854803298,3.004318606129055e-10,54.045038510638676,0.020554930225922075,1.210340993724684,464917.7466761841,15973249.592250885,three_i
