id,mu,phi,beta,H0,V0,modelname
Johannessen69,0.22095619977145994,3.216535533304011e-09,82.31811136822938,149960.04396594063,18249443.34334193,zero_i
