id,mu,phi,beta,lam,tau,modelname
Johannessen70,0.08003951406022457,8.049064390949626e-09,6.099200797102208,0.0052917870174366355,0.46543895680355374,four_i
