id,mu,phi,beta,lam,H0,V0,modelname
Johannessen70,0.02933388927363062,1.7643364219780702e-09,59.99327014540295,0.02105036761990057,282722.0250441682,2648779.7285835817,one_i
