id,mu,phi,beta,lam,tau,modelname
Johannessen70,0.02963005861831321,4.828090357010894e-09,14.616688613542825,0.05538540634384333,0.1226839930560817,three_i
