id,mu,phi,beta,lam,tau,modelname
Johannessen69,0.09825042576224924,3.1431787972405047e-09,208.07646851752887,1.0735928630108669,4.401210413302304,five_i
