id,mu,phi,beta,lam,tau,modelname
Johannessen68,0.25447946340011535,2.0185918179998425e-09,33.19679908476899,0.014985384067956537,3.505976690228367,three_i
