id,mu,phi,beta,lam,tau,modelname
Johannessen68,0.2165235647508639,1.817089641973192e-09,43.12840712901116,0.03929697862812705,0.7667803928942639,four_i
