id,mu,phi,beta,lam,modelname
Johannessen70,0.023902995861546754,5.523010670556934e-09,18.40099231021779,0.06801294646296409,one_i
