id,mu,phi,beta,lam,tau,H0,V0,modelname
Johannessen70,0.04284277690674752,1.8381820418471424e-08,35.778188463475324,0.8621417495411084,0.03876212611621239,93930.61948327979,9039027.14769471,five_i
