id,mu,phi,beta,lam,tau,modelname
Johannessen68,0.30672911382438756,2.429967496826379e-09,23.65543785777773,0.03812500732720508,34.615139671394424,two_i
