id,mu,phi,beta,lam,tau,H0,V0,modelname
Kim52,0.009908809396222922,2.651444347577588e-07,6.050657095535767,1.435823840033703,0.10148459826194388,73662.4500963657,6376.076716771579,two_i
