id,mu,phi,beta,lam,tau,modelname
Kim52,0.043229055615795355,1.5249875461108967e-06,2.076266125067749,0.2119485232515396,0.0747865229663235,four_i
