id,mu,phi,beta,lam,tau,H0,V0,modelname
Kim52,0.009760102451532705,2.2683691144479326e-07,6.032819482450296,0.020738263600528394,0.11440466992418773,145078.08808404443,5575.310777062211,three_i
