id,mu,phi,beta,H0,V0,modelname
Kim52,0.019299950369012258,1.8205850768155684e-08,25.378450997876563,89294.92969342732,19635.47085467358,zero_i
