id,mu,phi,beta,lam,tau,modelname
Kim52,0.03378186232168581,8.546547270879506e-07,2.3320929551161997,0.19107982191104247,0.07879975872918174,two_i
