id,mu,phi,beta,lam,tau,modelname
Kim52,0.027475729113434575,5.69315490366691e-07,2.9566203424419246,0.22613179168956826,0.07891242443787114,five_i
