id,mu,phi,beta,lam,modelname
Kim52,0.04511224924338133,1.5844116662893405e-06,2.00169532270893,0.07455683225535997,one_i
