id,mu,phi,beta,modelname
Kim52,0.026429412618194606,2.4261483031467605e-07,2.3478887774009234,zero_i
