id,mu,phi,beta,lam,tau,modelname
Kim52,0.025469388870702585,5.231342958988176e-07,2.970416187208819,0.03216581805158968,0.07869807089807743,three_i
