id,mu,phi,beta,lam,H0,V0,modelname
Kim72,0.07764196601067626,2.5776582154406074e-07,2.94542023374024,0.6043920721618753,353492.77633239323,46543.40048779079,one_i
