id,mu,phi,beta,lam,tau,H0,V0,modelname
Kim72,0.08852461474504875,2.5112166180938464e-07,2.3624694899405285,0.035013906250271565,2.813988457653098,18198.61300404485,43294.006298519096,three_i
