id,mu,phi,beta,lam,tau,modelname
Kim72,0.19291644235901978,8.817356276764504e-07,1.9352136573182868,1.1970026614923295,0.32695957450800317,five_i
