id,mu,phi,beta,lam,tau,modelname
Kim72,0.1576342236270152,3.445848101143794e-07,1.7932297189387087,0.07381592335275582,0.46017105354939664,three_i
