id,mu,phi,beta,lam,tau,modelname
Kim71,0.04754901687556475,4.324717450668576e-08,1106.2252470386022,0.42379467548611244,0.24120797826539175,four_i
