id,mu,phi,beta,modelname
Kim72,0.18497928908312403,2.9705054831271917e-07,1.443180029769139,zero_i
