id,mu,phi,beta,lam,H0,V0,modelname
Kim71,0.0455078047655715,4.427267759869859e-08,813.3636723197724,1.2626014872502744,699.2307113690796,162177.9987319389,one_i
