id,mu,phi,beta,lam,tau,modelname
Kim71,0.06364087117883338,5.1815250110172376e-08,481.48249340624267,0.07027834650685924,1.9183314630065122,two_i
