id,mu,phi,beta,lam,tau,modelname
Kim72,0.20786213356967764,6.887106048972978e-07,1.477733561760347,0.032385446931537366,0.29689790582164105,four_i
