id,mu,phi,beta,lam,tau,modelname
Kim71,0.05849071489364506,5.4848146356160105e-08,615.4671881800176,0.003305213420367394,0.3110037302552146,three_i
