id,mu,phi,beta,lam,tau,H0,V0,modelname
Kim71,0.050920239672237314,5.250740949956642e-08,635.6960622827547,0.007148249321670976,0.9144910402950097,894.287860779871,179683.76964313857,three_i
