id,mu,phi,beta,lam,tau,modelname
Kim72,0.19656082827725105,6.064572352120154e-07,1.4928496757643033,0.13932423245167225,0.3365427222176412,two_i
