id,mu,phi,beta,modelname
Kim71,0.0628088392318751,4.866596843161588e-08,480.86663073834575,zero_i
