id,mu,phi,beta,lam,modelname
Kim72,0.17129175418912843,4.254527051632393e-07,1.6273391058678877,0.42845472775627075,one_i
