id,mu,phi,beta,lam,modelname
Kim71,0.06000010795978213,5.8556995194184376e-08,585.2892210962074,0.2772503746900872,one_i
