id,mu,phi,beta,lam,tau,modelname
Kim71,0.06403330329044456,5.7649591747730406e-08,501.02102733217043,0.5080911066659777,8.19538645292477,five_i
