id,mu,phi,beta,modelname
Kimura66,0.010844140618729839,1.4142528298977803e-10,5797.87500017716,zero_i
