id,mu,phi,beta,modelname
Kimura54,0.009881534285927805,1.5233929119744465e-08,19.41229939154495,zero_i
