id,mu,phi,beta,H0,V0,modelname
Kimura54,0.0813442127518484,4.046365781839253e-09,29.676489923338,4512715.88541203,6959.566706004657,zero_i
