id,mu,phi,beta,lam,tau,modelname
Kimura54,0.007257156527565106,1.4042156655613677e-08,23.488406846181757,0.33628244084219555,21.33002898989945,two_i
