id,mu,phi,beta,lam,tau,modelname
Kimura67,0.005227536731571689,1.2837576956068233e-09,248.1689471797271,4.42065697838463,0.026022386966750584,four_i
