id,mu,phi,beta,lam,tau,modelname
Kimura66,0.08779112634941605,2.1858330398051936e-08,384.3065157050637,0.4143194232229343,0.009926779412254743,three_i
