id,mu,phi,beta,lam,tau,H0,V0,modelname
Kimura54,0.012327660141158003,8.026032509348854e-08,19.61670631382838,4.156290949232793,0.704013244281661,237899.6542190706,17816.613693883977,two_i
