id,mu,phi,beta,lam,tau,H0,V0,modelname
Kimura66,0.08271229381014975,1.3203670565349045e-08,335.03961066589227,0.018023414894950452,0.011055011096420101,6350.172412433439,447937.4233564502,three_i
