id,mu,phi,beta,lam,tau,H0,V0,modelname
Kimura66,0.08459034166012028,1.4581498032348284e-08,362.8224120974689,0.11062158631180717,0.01040667461695177,27199.660308491937,419225.42329486075,five_i
