id,mu,phi,beta,lam,tau,modelname
Kimura67,0.006704728997111813,3.953178189587546e-09,227.8740088560577,6.669687297165782,0.02747631833304793,five_i
