id,mu,phi,beta,lam,H0,V0,modelname
Kimura67,0.004740533953059217,5.612093255113808e-10,231.2769457893294,0.02649334054515192,7119898.081986045,458227.8012452267,one_i
