id,mu,phi,beta,lam,tau,modelname
Kimura54,0.018512551774842307,4.6850344627955025e-08,17.69054743784447,0.0118785479671578,0.24885225393698385,five_i
