id,mu,phi,beta,lam,tau,modelname
Kimura66,0.08340413671859345,1.9169771799205707e-08,499.75379125554883,0.1077002430364622,0.008626202349974854,two_i
