id,mu,phi,beta,lam,modelname
Kimura66,0.08522105730997935,1.9184116114853653e-08,437.4921495143327,0.009329665704429984,one_i
