id,mu,phi,beta,lam,tau,modelname
Kimura66,0.08450289742883002,1.98182245289328e-08,427.58303911946945,0.24298609861380055,0.009677195355529265,four_i
