id,mu,phi,beta,H0,V0,modelname
Kimura66,0.040911128393407485,7.223179957091035e-10,7.379025988141071,11213.314244910418,55084.84856780963,zero_i
