id,mu,phi,beta,lam,tau,modelname
Kimura67,0.004557804314732131,4.397870850054359e-10,239.47963659246733,0.03526375003341902,0.02705794103445653,two_i
