id,mu,phi,beta,lam,H0,V0,modelname
Kimura54,0.029266857916057383,6.295998956938916e-08,14.387878031530233,0.24846234115964308,726392.1361649659,14591.303484004668,one_i
