id,mu,phi,beta,lam,tau,modelname
Kimura67,0.00709951577003717,4.395473794636067e-09,225.5129281536033,22.370776892214653,0.04189404971102705,three_i
