id,mu,phi,beta,lam,modelname
Kimura67,0.005800764766167286,4.548267371083911e-10,216.36084585861113,0.02804924058258895,one_i
