id,mu,phi,beta,lam,tau,modelname
Kimura54,0.0430765680975194,1.1184291861312177e-07,10.6767134544075,0.2267578628384871,0.2368783121451193,four_i
