id,mu,phi,beta,modelname
Kimura67,0.0010651657617039862,6.448913017339099e-11,327.68810639086837,zero_i
