id,mu,phi,beta,lam,tau,H0,V0,modelname
Kimura54,0.028175403276668377,4.545829714163551e-06,19.01020370049355,1.3675088999400282,0.20394445689924312,251478.61037835048,20968.16732502585,five_i
