id,mu,phi,beta,lam,modelname
Kimura54,0.019571821234892477,5.0119042872499165e-08,16.12025040266843,0.2510166002197049,one_i
