id,mu,phi,beta,lam,tau,modelname
Kimura54,0.06144267690269794,1.2840411737468798e-05,12.349020674269603,2.7016534613073735,0.23335263550789156,three_i
