id,mu,phi,beta,lam,tau,H0,V0,modelname
Kimura66,0.0846832030868185,1.3496878284302477e-08,359.66584068831844,0.014759562105015084,0.01060105443790348,6293.859431314815,450441.3235131928,four_i
