id,mu,phi,beta,lam,tau,modelname
Kimura66,0.08552372643253961,2.031719725323259e-08,425.02327691931293,0.08296081525420951,0.009374613847307546,five_i
