id,mu,phi,beta,modelname
Maat2016a,0.002322688529747041,8.302085557781886e-10,502.9680300856122,zero_i
