id,mu,phi,beta,lam,tau,modelname
Maat2016a,0.007461479547220779,4.032265004693905e-09,547.8052746872326,0.05230304902786656,0.08402656741812788,four_i
