id,mu,phi,beta,modelname
Maat2016b,0.02376192140687391,1.6105690319266633e-09,112.58024799133486,zero_i
