id,mu,phi,beta,lam,tau,modelname
Maat2016b,0.0525576933487433,1.556905851184058e-08,127.9697034166257,2.8057487819542604,0.18779040589979043,three_i
