id,mu,phi,beta,lam,tau,modelname
Maat2016a,0.009734569061709553,9.987288154430625e-09,580.4763541673738,2.3030138679469148,0.08678779210402314,three_i
