id,mu,phi,beta,lam,tau,modelname
Maat2016b,0.009500825186240703,1.4197275553577386e-09,162.5801328585507,0.23290297695663836,3.904101112515188,four_i
