id,mu,phi,beta,lam,modelname
Maat2016b,0.06081006477374184,5.53036306071172e-09,85.87828552794765,0.17613220625874082,one_i
