id,mu,phi,beta,H0,V0,modelname
Maat2016b,0.02355237263957645,1.507501970035703e-09,144.73442369378978,677700.9438105164,3750799.574046475,zero_i
