id,mu,phi,beta,lam,H0,V0,modelname
Maat2016a,0.0042808423687582895,4.523946820834254e-09,697.7210099013748,0.08474375305183841,285068.8213576007,3294464.8701350824,one_i
