id,mu,phi,beta,lam,tau,modelname
Maat2016b,0.04525280013339047,9.223614988794353e-09,117.42971625448064,4.039457375521211,0.19828737111147124,two_i
