id,mu,phi,beta,lam,tau,modelname
Maat2016a,0.12139945194708048,4.717255983162164e-07,560.6278578398195,3.0540965853338546,0.08375177935562612,five_i
