id,mu,phi,beta,lam,modelname
Maat2016a,0.007333412506200755,3.78591255865992e-09,566.1242704151223,0.08511593684923328,one_i
