id,mu,phi,beta,lam,tau,modelname
Maat2016b,0.0584703517197827,4.3523331348066645e-08,149.20288355964468,2.399319754312753,0.18756029633191246,five_i
