id,mu,phi,beta,lam,tau,modelname
Maat2016a,0.02508197217581975,1.20269007679034e-08,448.24879008537204,3.692393930728146,0.08381880998803279,two_i
