id,mu,phi,beta,modelname
Nagasaki42,0.05082416561210378,6.739122776821976e-09,38.208645756153764,zero_i
