id,mu,phi,beta,lam,modelname
Nagasaki29,0.06306055411513936,2.8300542192825028e-08,432.85616300979206,0.3045303709803787,one_i
