id,mu,phi,beta,modelname
Nagasaki29,0.026166435991917664,7.604414332990801e-09,3701.4825157482082,zero_i
