id,mu,phi,beta,lam,tau,modelname
Nagasaki42,0.048085500740934345,7.656943497212587e-09,39.5995201008981,0.0652226412298481,2.1335425975720472,two_i
