id,mu,phi,beta,lam,tau,modelname
Nagasaki42,0.04671619886816272,8.355069636808096e-09,39.40761256225252,0.0053459155075830725,1.2181454483076322,four_i
