id,mu,phi,beta,lam,tau,modelname
Nagasaki42,0.047268749122622696,7.527249804541505e-09,41.20483466280439,0.09701449514584583,8.617647265273058,five_i
