id,mu,phi,beta,lam,modelname
Nagasaki42,0.04628707316731507,9.229730140632229e-09,40.19388182021475,0.7259118425425521,one_i
