id,mu,phi,beta,lam,tau,H0,V0,modelname
Nagasaki42,0.02944862705477264,5.954112890578087e-09,103.54078221630392,0.113881547820442,1.597002716063506,23852.870497593976,6776.8427449156325,five_i
