id,mu,phi,beta,lam,tau,modelname
Nagasaki29,0.06240316481022993,2.547473063120135e-08,423.4968939173929,0.02922762717761021,0.4421339787885735,four_i
