id,mu,phi,beta,lam,tau,modelname
Nagasaki29,0.05719975881165728,1.6535784933467733e-08,642.1431705779017,0.08559272531678343,1.0669953412267206,two_i
