id,mu,phi,beta,H0,V0,modelname
Nagasaki42,0.04115251991670536,5.265605566298492e-09,103.52209330482857,146213.26301085987,8995.847967902551,zero_i
