id,mu,phi,beta,lam,tau,modelname
Nagasaki42,0.04698923934604652,7.671319838317829e-09,40.52359557988297,0.045340991862447146,2.2653783901111035,three_i
