id,mu,phi,beta,lam,tau,H0,V0,modelname
Nagasaki29,0.046860339449452414,1.693242114774995e-08,878.3564242506462,0.1357785614798911,0.8641838609295213,817.3592778697911,111579.70381285572,three_i
