id,mu,phi,beta,lam,tau,H0,V0,modelname
Nagasaki42,0.12090432071431738,1.1504162287327093e-05,10.108027622158817,2.956640377859808,0.27243569650412164,70416.8133792004,12405.597927985791,four_i
