id,mu,phi,beta,lam,tau,modelname
Nagasaki29,0.058416245796555084,2.0144911300394865e-08,542.9309216079173,0.40942860919773855,13.919551159659646,five_i
