id,mu,phi,beta,lam,tau,modelname
Nagasaki29,0.05843649606506976,2.0914148806491722e-08,568.1312100002257,0.019153077082423028,0.4091376887994896,three_i
