id,mu,phi,beta,lam,H0,V0,modelname
Nagasaki29,0.05165735381163517,2.8312148737559918e-08,631.0529214248528,0.2675726884377826,1243.894369085715,93404.94859926192,one_i
