id,mu,phi,beta,lam,tau,modelname
Sandaa26,0.04563217875057122,3.517311602011042e-10,392.77909970303506,0.1534377137720425,0.9205800603538509,two_i
