id,mu,phi,beta,lam,tau,modelname
Sandaa26,1.9261951230324617,1.2770497451741725e-07,1051.7400878051665,6.327196732438731,0.09711499992217322,four_i
