id,mu,phi,beta,lam,tau,modelname
Sandaa26,0.07447410028577787,1.079644324248402e-09,395.47356455250303,0.005021987684115344,0.08039222763041533,three_i
