id,mu,phi,beta,lam,modelname
Sandaa26,0.051542438320122674,4.227238024629743e-10,346.2975593974851,0.4434712522366656,one_i
