id,mu,phi,beta,modelname
Sandaa26,0.05710395351928928,3.7345817168502707e-10,317.6763018395711,zero_i
