id,mu,phi,beta,lam,tau,modelname
Sandaa26,0.02058013542309131,2.03726193263584e-06,1379.07815887487,5.247647161487789,0.09516192746455221,five_i
