id,mu,phi,beta,lam,tau,modelname
Slagter2016,0.0674750180603177,6.73981126798867e-10,278.80408428832953,0.03279116296276692,0.6937772842818064,four_i
