id,mu,phi,beta,lam,tau,H0,V0,modelname
Slagter2016,0.05458977536763704,6.725226684564696e-10,361.252563773475,0.026315831282730226,0.4884926925501454,332621.2944071776,17855634.581401207,three_i
