id,mu,phi,beta,lam,tau,modelname
Slagter2016,0.0662778781395056,6.065243775097984e-10,287.82171822891377,0.2862338785083494,2.2674033531161863,three_i
