id,mu,phi,beta,modelname
Slagter2016,0.08499659133150467,5.840561230633193e-10,221.29008773420222,zero_i
