id,mu,phi,beta,lam,H0,V0,modelname
Slagter2016a,0.0469662992352297,2.4587367257208994e-09,36.22381401288328,0.33881963248059,12513040.009614173,4466227.433160471,one_i
