id,mu,phi,beta,lam,tau,modelname
Slagter2016a,0.059288728899343654,2.4597594994676146e-09,28.46599712362143,0.35689100915983374,0.5488586704970128,four_i
