id,mu,phi,beta,lam,tau,H0,V0,modelname
Slagter2016,0.08302347881550659,2.2837294965514557e-09,315.2681855337551,1.631036390305812,0.6678110486259728,101162.89796737953,27115586.076236703,five_i
