id,mu,phi,beta,lam,modelname
Slagter2016,0.05712550293099593,6.526534115224173e-10,363.39449477293823,0.487959637224389,one_i
