id,mu,phi,beta,lam,tau,modelname
Slagter2016,0.052167807757910675,6.884086962651346e-10,392.4995770518043,2.0150954384601034,1.6595765506093136,two_i
