id,mu,phi,beta,lam,tau,modelname
Slagter2016,0.03660625898217013,1.2011187589278587e-09,414.16714841739946,1.3319665864520567,2.397425018867179,five_i
