id,mu,phi,beta,lam,tau,modelname
Slagter2016a,0.04544788887689418,2.9175041310827e-09,42.18164774205833,2.346064488423792,0.5235201000736729,three_i
