id,mu,phi,beta,lam,H0,V0,modelname
Slagter2016,0.0813251155406287,9.097088608206129e-10,212.37792783798068,0.4673299636023529,1791315.1898539457,19431862.905167162,one_i
