id,mu,phi,beta,lam,modelname
Slagter2016a,0.05746617311820393,2.564630608261953e-09,29.49039182436108,0.3203904959853352,one_i
