id,mu,phi,beta,modelname
Slagter2016a,0.0716860612644801,2.3826855439542196e-09,19.41438240618564,zero_i
