id,mu,phi,beta,lam,tau,modelname
Slagter2016a,0.05133742980054987,2.5013276821836452e-09,33.30971315994087,0.8792028970735166,0.36573347156873653,two_i
