id,mu,phi,beta,lam,tau,modelname
Slagter2016a,0.051522865810451283,2.3288160164399498e-09,35.35803571420326,0.009639809266318525,0.3031581166300969,five_i
