id,mu,phi,beta,lam,tau,modelname
Steenhauer2016,0.11905696464425869,2.6853641750660395e-10,2845.3814317936963,0.004575011427890084,302.3731784730888,five_i
