id,mu,phi,beta,lam,H0,V0,modelname
Steenhauer2016,0.1752022569502536,1.5420973437164026e-09,398.88558998571625,0.5248666328428971,48494.87341278663,1939073.9217436328,one_i
