id,mu,phi,beta,modelname
Steenhauer2016,0.13170281487042898,4.253823243242116e-10,1197.1872655444095,zero_i
