id,mu,phi,beta,lam,tau,modelname
Steenhauer2016,0.10408216829993648,2.1115873106683024e-10,7262.424589309506,0.0104215026677,0.8309723140896991,four_i
