id,mu,phi,beta,lam,tau,modelname
Steenhauer2016,0.10685812531150916,2.774343752390557e-10,5590.7373815178435,0.20553925376511065,0.794620955513134,three_i
