id,mu,phi,beta,lam,modelname
Steenhauer2016,0.12005597110554958,3.2114224430039257e-10,3020.5876192304754,0.8514936792372363,one_i
