id,mu,phi,beta,lam,tau,modelname
Steenhauer2016,0.11150876670605459,3.1864162109504426e-10,4331.793833987334,0.29240752924583296,0.7729104702347314,two_i
