id,mu,phi,beta,lam,tau,H0,V0,modelname
Tomaru57,0.043410966763834755,4.711724270847976e-09,1280.380316946082,0.22630726482531202,0.030782764786021627,3134.312313931874,1924671.3276646906,two_i
