id,mu,phi,beta,lam,tau,modelname
Tomaru43,0.053652389226501035,3.6903297829137006e-09,228.10694935297224,11.075940323495685,1.5165037586297776,four_i
