id,mu,phi,beta,H0,V0,modelname
Tomaru43,0.022309914681877194,4.080156631277983e-09,73.82140349263003,125068.6972256697,384497.31509726745,zero_i
