id,mu,phi,beta,lam,tau,H0,V0,modelname
Tomaru56,0.1480216525015383,1.7186401711957514e-08,111.75489329594852,0.2449571348732689,0.03229637060313179,20381.784808007524,3199794.604738612,three_i
