id,mu,phi,beta,lam,H0,V0,modelname
Tomaru39,0.045439983296235206,5.375256211523845e-08,2.4858594457549312,0.005641674571358534,129863.46396349484,2596981.6706394805,one_i
