id,mu,phi,beta,lam,modelname
Tomaru43,0.048588295853139105,1.5967778592438468e-09,151.4031753606962,0.05855453417396758,one_i
