id,mu,phi,beta,lam,tau,H0,V0,modelname
Tomaru39,0.01674035547950679,7.057524869642914e-09,1.97936577613155,1.3619488811042704,1.0392006172638242,10812.012193107694,2519868.321497071,five_i
