id,mu,phi,beta,H0,V0,modelname
Tomaru56,0.07668087658386326,2.660930601113607e-09,23.605517208719682,35307.462203919116,16840025.540679935,zero_i
