id,mu,phi,beta,lam,tau,H0,V0,modelname
Tomaru51,0.023453572537436,4.0157342368539375e-10,4999.021134083848,0.15307026369799706,5.496880878628022,1673.888509377277,1839431.489420261,four_i
