id,mu,phi,beta,lam,tau,modelname
Tomaru57,0.04444092841665364,4.909055181975112e-09,1345.6044761381486,1.9171833308864665,0.029531771796861273,three_i
