id,mu,phi,beta,lam,tau,H0,V0,modelname
Tomaru43,0.049471941224920574,1.652618648074536e-09,152.66262024755045,17.020065413996832,1.482829979508384,27655.53738147859,1755608.0999329442,two_i
