id,mu,phi,beta,lam,tau,H0,V0,modelname
Tomaru51,0.039419360523094304,8.00156261590781e-09,6147.764139893267,3.5087918645694725,0.016110248479084585,529.277608426437,536697.4061597622,three_i
