id,mu,phi,beta,lam,tau,H0,V0,modelname
Tomaru43,0.04868214201526935,1.7105028994929692e-09,157.69711514258873,0.89882311000792,0.05978666993412961,39700.15316457987,1858397.034035712,three_i
