id,mu,phi,beta,lam,tau,H0,V0,modelname
Tomaru56,0.14784707558068902,1.8050237673431476e-08,102.26947113545349,0.0009912917372497056,0.03243521326221168,27189.62362079194,3038842.684775259,two_i
