id,mu,phi,beta,lam,tau,modelname
Tomaru51,0.019854534045011703,4.4110243387683994e-10,6312.740092990462,0.01165367820155622,3.743967062520591,three_i
