id,mu,phi,beta,lam,tau,modelname
Tomaru43,0.04918216483349718,1.6244821426652526e-09,154.94389426002132,0.21081762458952888,0.05931172051020772,three_i
