id,mu,phi,beta,lam,tau,modelname
Tomaru43,0.04850526646082142,1.5881734784378712e-09,147.1363600513567,0.010733870747021028,0.05980630979978394,two_i
