id,mu,phi,beta,modelname
Tomaru56,0.049609484269678365,2.946410575973121e-09,64.1084632285812,zero_i
