id,mu,phi,beta,lam,tau,modelname
Tomaru39,0.022634722965215303,1.5198459538760616e-08,0.5699545803929938,0.0004966256949335377,0.014315984768292718,two_i
