id,mu,phi,beta,lam,modelname
Tomaru39,0.019887905259760474,1.7884141356837225e-08,1.345579528782205,0.00945443155805474,one_i
