id,mu,phi,beta,modelname
Tomaru39,0.041648186619008876,1.4039830843184133e-08,0.6578502913350592,zero_i
