id,mu,phi,beta,lam,tau,modelname
Tomaru39,0.0593154270977688,5.1601465113714755e-08,0.7418196631652638,1.1525020336882963,0.007413115997760414,three_i
