id,mu,phi,beta,lam,tau,modelname
Tomaru56,0.15930304089159364,1.3095749509773936e-08,90.68000805683782,0.0017555676905518383,0.03393254666201516,four_i
