id,mu,phi,beta,lam,tau,modelname
Tomaru56,0.051182207201230887,3.156386424944891e-09,58.75875718938806,0.021980091487643766,1.8295206874936294,two_i
