id,mu,phi,beta,lam,tau,modelname
Tomaru51,0.03953787737564455,2.5537052231769618e-09,2488.3541525523747,0.17500144244350246,0.0448562166225715,five_i
