id,mu,phi,beta,modelname
Tomaru51,0.018941244719459484,3.316504151056471e-10,8832.75632114601,zero_i
