id,mu,phi,beta,lam,tau,modelname
Tomaru43,0.04949358594227116,1.6662200587813697e-09,145.15276717970167,0.019196232497197426,0.059092806365536335,five_i
