id,mu,phi,beta,lam,tau,modelname
Tomaru51,0.019188930254845762,3.803579015595664e-10,7566.842637984304,0.09638200389840483,19.247243468578844,two_i
