id,mu,phi,beta,lam,tau,modelname
Tomaru51,0.021271973840321683,5.356019720746077e-10,4665.754714823378,0.10478514324435105,4.210992145728898,four_i
