id,mu,phi,beta,lam,tau,H0,V0,modelname
Tomaru57,0.019895937135408055,7.294822579549029e-10,1644.8559032052772,0.1636459458133989,4.06938066154229,6631.844285491461,3874234.129913138,five_i
