id,mu,phi,beta,lam,tau,H0,V0,modelname
Tomaru57,0.023652687929755414,8.643469153798724e-10,1143.9791075128812,0.06902442122980174,3.0059253428706745,1925.2209017174657,4378628.423740308,four_i
