id,mu,phi,beta,lam,tau,modelname
Tomaru57,0.04761487211214905,5.083810398687775e-09,1149.641400551653,1.1972398805615831,0.03230955417986056,four_i
