id,mu,phi,beta,lam,tau,modelname
Tomaru57,0.016035780250892057,5.823578572216107e-10,2602.606250810736,0.22176469183532432,25.965770866665515,five_i
