id,mu,phi,beta,modelname
Tomaru57,0.01768646189156192,6.490931537444716e-10,2096.076048892563,zero_i
