id,mu,phi,beta,lam,tau,modelname
Tomaru56,0.04840706698153895,2.8719603072226174e-09,70.01781798560596,0.0020293991714146874,1.4543966197249292,three_i
