id,mu,phi,beta,lam,tau,modelname
Tomaru57,0.04066159052082631,3.7060309836695975e-09,1297.0846564987564,0.7588420796598206,0.03211647448186379,two_i
