id,mu,phi,beta,lam,tau,modelname
Tomaru39,0.0009235197126568217,2.965427720850261e-10,1.1259041444727484,0.7340466220910652,1.5599361176457491,four_i
