id,mu,phi,beta,modelname
Tomaru43,0.027345465553760915,5.248474614431544e-10,225.4939219485702,zero_i
