id,mu,phi,beta,lam,tau,modelname
Tomaru56,0.050177036096585914,3.089273889251947e-09,63.25587318551405,0.1122258775878218,2.2023112280079924,five_i
