id,mu,phi,beta,lam,tau,modelname
Tomaru39,0.020140685259273365,2.524916911990068e-08,0.7054775552739703,25.964429836777647,1.2338086939705544,five_i
