id,mu,phi,beta,lam,modelname
Tomaru51,0.03997166781941238,2.9293999186335037e-09,3584.826692472741,0.028420237815703357,one_i
