id,mu,phi,beta,lam,modelname
Tomaru56,0.1500582244670438,1.2006334899012227e-08,93.56441593600375,0.03438916154397452,one_i
