id,mu,phi,beta,lam,modelname
Tomaru57,0.04092966057532446,3.708808477788831e-09,1290.84010055696,0.03066064323647923,one_i
