id,mu,phi,beta,lam,tau,modelname
Toyoda53,0.050880901819610275,2.9690455880710646e-08,137.8975980300964,4.2738883348200645,0.21805680787175769,four_i
