id,mu,phi,beta,lam,tau,modelname
Toyoda53,0.036530300732190636,6.074002641404804e-09,146.170927029552,0.10865944055232558,0.17157901114237115,two_i
