id,mu,phi,beta,modelname
Toyoda53,0.028100049299645657,3.1270751289673402e-09,165.44910674521546,zero_i
