id,mu,phi,beta,lam,tau,H0,V0,modelname
Toyoda53,0.04160360989315615,7.386135851200108e-09,133.20674292013405,0.016430186964214527,0.1597778409867703,45370.71162849178,319333.194954696,four_i
