id,mu,phi,beta,lam,tau,modelname
Toyoda53,0.026360319038111348,3.0414073791186408e-09,184.43450591090107,0.04416977032071183,3.3179278939794243,five_i
