id,mu,phi,beta,lam,tau,modelname
Toyoda53,0.04074276107164362,1.4250442170938514e-08,166.62681661591427,4.240393462399229,0.19476826525715416,three_i
