id,mu,phi,beta,lam,modelname
Toyoda53,0.03256581419528771,6.031893267221255e-09,152.27243391835586,0.1736989773487208,one_i
