id,mu,phi,beta,lam,modelname
Baudoux3,0.017598844300153606,4.904470503780292e-10,375.07185581581797,0.06272892704491967,one_i
