id,mu,phi,beta,lam,modelname
Baudoux34,0.07412457324969268,3.8280743764030445e-09,50.270915003162116,0.05586962429636905,one_i
