id,mu,phi,beta,lam,tau,modelname
Baudoux3,0.019392349437865792,5.617143213554553e-10,381.4746199054636,0.6103584599601579,0.05975150439198907,two_i
