id,mu,phi,beta,modelname
Baudoux33,0.007664819524475765,1.1193186364897673e-10,387.3938850603332,zero_i
