id,mu,phi,beta,lam,tau,modelname
Baudoux32,0.009174923040148816,1.6010755807357943e-09,492.41273889778256,8.059327719475425,0.11864755276782887,four_i
