id,mu,phi,beta,lam,tau,modelname
Baudoux34,0.08261798488700296,5.705054047833126e-09,57.418834571625666,0.8738854266181616,0.0559404507010645,five_i
