id,mu,phi,beta,lam,tau,modelname
Baudoux33,0.0034678802939306433,1.9283466078043767e-09,633.0786050639123,12.395932949135403,0.08508986644617708,three_i
