id,mu,phi,beta,modelname
Baudoux34,0.020645171728946757,5.677435600429811e-10,56.398405922793636,zero_i
