id,mu,phi,beta,lam,modelname
Baudoux33,0.004980252592552753,3.722942473226969e-10,519.354743654496,0.045191179776639806,one_i
