id,mu,phi,beta,lam,tau,modelname
Baudoux3,0.02657900572921511,3.2822840301149123e-09,479.30762382798173,4.9933762326924285,0.06400033751196628,four_i
