id,mu,phi,beta,lam,tau,modelname
Baudoux34,0.07643719504710786,4.1703357556848564e-09,51.91226780166829,0.3083913936355183,0.05657491145769099,three_i
