id,mu,phi,beta,lam,tau,modelname
Baudoux34,0.06838302923540174,4.472705023387913e-09,55.82533864648565,1.798002579259823,0.053640501372392096,two_i
