id,mu,phi,beta,lam,tau,modelname
Baudoux34,0.07354743873605485,4.082748500703372e-09,52.78243224313096,0.25496556457308095,0.054928653755936176,four_i
