id,mu,phi,beta,lam,tau,modelname
Baudoux33,0.006284859752879853,4.50018618998204e-10,510.3427383657779,1.3842723901957033,0.04398316937525315,two_i
