id,mu,phi,beta,lam,tau,modelname
Baudoux32,0.011370318390082266,3.220150241533346e-10,319.5558107438743,0.142131834082151,0.07939022167203318,two_i
