id,mu,phi,beta,lam,tau,modelname
Baudoux32,0.008512704061381776,9.130299084767154e-10,453.24937730524147,8.721245896073475,0.10656835989328417,three_i
