id,mu,phi,beta,lam,tau,modelname
Castberg24,0.01580430251308254,3.006175503908321e-10,2955.7311709184596,0.006043314773333623,0.03630040706717176,two_i
