id,mu,phi,beta,lam,tau,modelname
Castberg24,0.01611082160426247,2.969217506296643e-10,2725.7864643420803,0.0015081856484489948,0.04055217972669698,five_i
