id,mu,phi,beta,lam,modelname
Castberg24,0.01581471373477588,2.8518010400961236e-10,2876.9798368601573,0.039477796228829895,one_i
