id,mu,phi,beta,lam,tau,modelname
Castberg24,0.015760458165481883,2.887876016650272e-10,2875.76059836402,0.03507745984387205,0.039837359142075,four_i
