id,mu,phi,beta,lam,tau,modelname
Eissler40,0.0011700179684234534,2.9684274825443383e-09,11.408389070218256,0.12807668015593143,0.05062436947597763,three_i
