id,mu,phi,beta,lam,tau,modelname
Eissler40,0.0021537265034614925,3.4658026695006785e-09,12.198697248047376,0.6765345614372037,0.052504238767780806,five_i
