id,mu,phi,beta,lam,tau,modelname
Eissler40,0.0015449979145694909,3.6505634404816762e-09,12.078424400198642,2.3202165297780457,0.04954701478350781,two_i
