id,mu,phi,beta,lam,tau,modelname
Gao41,0.02791937933540225,8.356908724697904e-10,36.628897694730604,0.0008750510142009821,17.79965770520423,five_i
