id,mu,phi,beta,lam,tau,modelname
Gao41,0.0275944488156113,8.269842278726365e-10,37.80885228005015,0.002323040691997574,10.308448611418218,four_i
