id,mu,phi,beta,lam,tau,modelname
Gao41,0.027940303130381705,8.537098942795627e-10,35.87247410338447,0.004244785212749131,14.91990218050086,three_i
