id,mu,phi,beta,lam,modelname
Johannessen70,0.024348747235644,7.396966593221489e-09,20.94256119268398,0.04673579776730296,one_i
