id,mu,phi,beta,lam,modelname
Johannessen69,0.15114848682198853,2.956794536296494e-09,113.17987102934048,0.5536757644233271,one_i
