id,mu,phi,beta,modelname
Johannessen69,0.1904124257780928,2.8852570189151294e-09,67.10623627493143,zero_i
