id,mu,phi,beta,lam,tau,modelname
Johannessen68,0.2976444612611602,2.3398915567680984e-09,25.73745422711414,0.02226271581948093,10.22217007723582,two_i
