id,mu,phi,beta,lam,tau,modelname
Johannessen70,0.023278855408504186,6.148139076429062e-09,19.81679898226536,0.8541774717554119,0.061221976943101386,two_i
