id,mu,phi,beta,lam,tau,modelname
Johannessen68,0.308983157667732,2.4440635949392716e-09,23.808075621090122,0.0014812147178406836,8.419394257727086,five_i
