id,mu,phi,beta,lam,tau,modelname
Johannessen70,0.020374618159599976,6.482282766392047e-09,21.87571054986409,0.13339702106237938,0.050615976185609195,five_i
