id,mu,phi,beta,lam,tau,modelname
Johannessen69,0.12938889234498513,3.0806712445637403e-09,149.5981466019096,1.5315839492103085,0.6577113864097859,two_i
