id,mu,phi,beta,lam,tau,modelname
Johannessen69,0.10078575249091294,3.1925264039754607e-09,217.87560942397823,1.170900894967307,0.8561739894819904,four_i
