id,mu,phi,beta,modelname
Johannessen68,0.3245683748460325,2.548693944961916e-09,22.033099948429893,zero_i
