id,mu,phi,beta,lam,tau,modelname
Johannessen70,0.017884467769693952,4.502516234715234e-09,21.5175082302224,1.529473292284072,0.1159736938972157,four_i
