id,mu,phi,beta,lam,tau,modelname
Johannessen68,0.31414458918509297,2.4826666709519893e-09,23.389523741031102,0.0028956172759844667,11.424242051240638,four_i
