id,mu,phi,beta,lam,modelname
Johannessen68,0.31162153348049965,2.495121708886977e-09,23.205457999631264,4.78557739393744,one_i
