id,mu,phi,beta,lam,tau,modelname
Kim52,0.025800159116387045,1.7248045689807227e-06,4.002696047885359,9.013602523889299,0.11094090877630193,three_i
