id,mu,phi,beta,lam,tau,modelname
Kim52,0.04529066870343084,1.8583859080316578e-06,2.0274699094342123,1.2861642000273177,0.07757936321659487,two_i
