id,mu,phi,beta,lam,tau,modelname
Kim72,0.24207884067792534,1.3681539726580656e-06,1.7644799773980262,1.2097925334273032,0.3123798435247853,five_i
