id,mu,phi,beta,lam,tau,modelname
Kim71,0.05072473548152038,7.752266597512884e-08,1169.6368198562673,3.1555818266820377,0.299901958226543,four_i
