id,mu,phi,beta,lam,tau,modelname
Kim71,0.057135611867359444,4.9897713466873006e-08,664.7200849337808,0.5003202200641859,0.4368612273251899,two_i
