id,mu,phi,beta,lam,tau,modelname
Kim72,0.24056238249204484,1.2600157038816856e-06,1.6770501564439344,1.3228187721758646,0.3142680963411992,four_i
