id,mu,phi,beta,modelname
Kimura54,0.009306503583597615,1.4248371723410054e-08,20.783947737436254,zero_i
