id,mu,phi,beta,lam,modelname
Kimura54,0.017481122766116255,4.730381572389125e-08,17.15999228251336,0.2504323234251913,one_i
