id,mu,phi,beta,lam,tau,modelname
Kimura66,0.08457790497239538,1.912709362287723e-08,438.6806598981472,0.0014705222204902252,0.009266777329483973,two_i
