id,mu,phi,beta,lam,tau,modelname
Kimura54,0.0346445308371542,2.271127936499087e-05,18.67134477517902,2.1474209659768406,0.22528340875365657,four_i
