id,mu,phi,beta,lam,tau,modelname
Kimura67,0.003839331209534123,4.863381702210784e-10,241.90927863145498,0.18515947302707747,0.02580699474082426,four_i
