id,mu,phi,beta,lam,tau,modelname
Kimura67,0.003737644777889542,5.373785518270785e-10,257.69286661867136,1.149570789013563,0.025759068012541967,three_i
