id,mu,phi,beta,lam,tau,modelname
Kimura54,0.034027597927912705,2.3493683523607635e-05,19.501498843832128,1.4482511815135553,0.2081791127578314,five_i
