id,mu,phi,beta,lam,modelname
Kimura67,0.004074956902041458,4.5200956976874416e-10,243.25371341782449,0.026162715676503325,one_i
