id,mu,phi,beta,lam,tau,modelname
Kimura66,0.08456514986311932,1.922782864905589e-08,440.2330278247209,0.0005243136212059659,0.009186975055777733,four_i
