id,mu,phi,beta,modelname
Kimura67,9.82134475091766e-05,5.7116631762846924e-11,393.8878149566618,zero_i
