id,mu,phi,beta,lam,tau,modelname
Maat2016a,0.0012550879166089968,5.420450958541984e-09,637.2871602114599,2.2582540110133102,0.08323749183787793,two_i
