id,mu,phi,beta,lam,tau,modelname
Maat2016b,0.08784152164067012,8.041463844337678e-08,152.93351919225444,2.84575103346759,0.1990979261614285,five_i
