id,mu,phi,beta,lam,tau,modelname
Maat2016b,0.030418341093952195,6.253476273092349e-09,130.36469531357847,1.184101860421095,0.1801157760128408,three_i
