id,mu,phi,beta,lam,modelname
Maat2016b,0.027871053329987135,3.690800665245791e-09,127.57826178192794,0.1830027561618535,one_i
