id,mu,phi,beta,lam,tau,modelname
Maat2016b,0.024602006037914237,3.5002480482695394e-09,133.91067779965675,0.13479489211442766,0.18737645181083842,two_i
