id,mu,phi,beta,lam,tau,modelname
Maat2016a,0.0008825649517488978,1.2803916820740088e-08,628.7991802908872,1.9408347841236164,0.08381930310731729,four_i
