id,mu,phi,beta,lam,tau,modelname
Nagasaki29,0.05222150006877555,2.175883804393782e-08,731.0100271541218,0.5973142665895187,0.7645814910327174,five_i
