id,mu,phi,beta,lam,tau,modelname
Nagasaki29,0.05594531668044666,2.0700655677304595e-08,615.9256489341329,0.7889356764146223,0.5834655648473713,two_i
