id,mu,phi,beta,lam,modelname
Nagasaki42,0.050109653347475275,6.723244660749413e-09,39.4102380386638,13.330510211026912,one_i
