id,mu,phi,beta,lam,tau,modelname
Nagasaki42,0.050326613526766394,6.73963034846841e-09,39.08701039760195,0.002487624971371435,17.21798129830876,four_i
