id,mu,phi,beta,lam,tau,modelname
Sandaa26,0.02348306691313304,4.210831179237934e-10,738.8365384313921,0.16997357641745817,0.11271917242674988,five_i
