id,mu,phi,beta,lam,tau,modelname
Slagter2016a,0.041973402426401255,3.1429082703221875e-09,45.49815625933533,1.938603285153152,0.5347495375593239,four_i
