id,mu,phi,beta,modelname
Slagter2016a,0.07260292577371744,2.3971100139635464e-09,19.014526187807213,zero_i
