id,mu,phi,beta,lam,tau,modelname
Slagter2016,0.0114415835171073,1.6382497161252943e-09,56.43033780724475,0.0236431566186185,0.0711623684446679,three_i
