id,mu,phi,beta,lam,tau,modelname
Slagter2016a,0.05031373863148714,2.785667682057647e-09,36.14544467713013,2.579060142860597,0.39286687030727074,two_i
