id,mu,phi,beta,lam,modelname
Slagter2016,0.0110571316303012,2.066240836223363e-09,69.09781751481725,0.0242629997838646,one_i
