id,mu,phi,beta,modelname
Steenhauer2016,0.0099890778038267,1.869941615302769e-09,53.14199155942497,zero_i
