id,mu,phi,beta,lam,modelname
Steenhauer2016,0.0064613771651178,2.0784676053966163e-09,46.00092475875335,0.0175627106934594,one_i
