id,mu,phi,beta,lam,modelname
Tomaru51,0.03219088698716661,1.7464243101682955e-09,4592.099679163208,0.03978322323538802,one_i
