id,mu,phi,beta,lam,tau,modelname
Tomaru43,0.048740328376386394,1.600034707488255e-09,149.49783054915855,0.00014554160661524294,0.059196373063851,three_i
