id,mu,phi,beta,lam,tau,modelname
Tomaru51,0.03228139826868684,1.7495475500478152e-09,4600.568941461377,0.00022416811769998988,0.03977876207558714,three_i
