id,mu,phi,beta,lam,tau,modelname
Tomaru39,0.07605763737051675,3.079603902188828e-08,0.19361698518781356,0.048350132521709326,0.08911781313376384,four_i
