id,mu,phi,beta,lam,tau,modelname
Tomaru39,0.08146004939812972,3.3719739131855216e-08,0.2090858020884676,0.046810897693123535,0.07086774174565967,two_i
