id,mu,phi,beta,lam,tau,modelname
Tomaru57,0.04082395582262791,3.8026300511383616e-09,1359.228529940402,0.12720127135714615,0.030274335030061474,four_i
