id,mu,phi,beta,modelname
Tomaru39,0.012787925478620692,4.201319203001336e-09,0.5264304657100985,zero_i
