id,mu,phi,beta,modelname
Tomaru57,0.016527318822722147,5.841607081098975e-10,2449.6786210731934,zero_i
