id,mu,phi,beta,lam,tau,modelname
Tomaru43,0.04873806921977572,1.601965631160658e-09,150.5061904923259,0.0008235420663295794,0.05887447540104498,four_i
