id,mu,phi,beta,lam,tau,modelname
Tomaru51,0.0327966151578008,1.9179187376385533e-09,4637.141859002536,0.396158129171281,0.04039576588488185,five_i
