id,mu,phi,beta,lam,modelname
Tomaru43,0.04864683653608642,1.6002869270277484e-09,151.53069385855687,0.05880250833802578,one_i
