id,mu,phi,beta,lam,tau,modelname
Tomaru56,0.15397095489112733,1.2587909204113206e-08,95.87585683723341,0.0003123435743253087,0.03355924282658857,three_i
