id,mu,phi,beta,lam,tau,modelname
Tomaru51,0.032785262223372455,1.8962292082291033e-09,4668.30664475816,0.2943303181780079,0.03904876331158644,four_i
