id,mu,phi,beta,lam,tau,modelname
Tomaru39,0.0940449550102126,3.7322685661759715e-08,0.4347593212982962,0.07455408986018325,0.10024506258937961,three_i
