id,mu,phi,beta,modelname
Tomaru51,0.018278981181950933,3.1506053539967966e-10,9719.867389748748,zero_i
