id,mu,phi,beta,lam,tau,modelname
Tomaru39,0.09181547026941914,3.7527836578106363e-08,0.19048430451841655,0.003693425747566548,0.08846538329561669,five_i
