id,mu,phi,beta,lam,tau,modelname
Toyoda53,0.018451492541467305,3.5865730103863417e-09,274.9785820206287,0.0009796574375560956,0.2196570200164895,three_i
