id,mu,phi,beta,lam,tau,modelname
Toyoda53,0.01850716017002844,3.5959801731678238e-09,274.1950616219683,0.004394797087261786,0.21948832239788502,two_i
