id,mu,phi,beta,lam,tau,modelname
Baudoux3,0.021134257810496663,1.0929704161878372e-09,68.77512914152736,0.021813543760143106,0.07168451444894867,five_i
