id,mu,phi,beta,modelname
Baudoux34,0.014026530004325714,8.338093350935303e-10,42.35717992134817,zero_i
