id,mu,phi,beta,lam,tau,modelname
Baudoux32,0.02247514092932638,1.1606940377989614e-09,67.4560209247895,0.021486308380297924,0.06802308269847893,five_i
