id,mu,phi,beta,lam,tau,modelname
Castberg24,0.023234268397978892,1.2459418027806364e-09,63.84886931206927,0.022725824285811755,0.06577379671690611,four_i
