id,mu,phi,beta,modelname
Castberg24,0.02775387377317022,1.1911016866564208e-09,80.03333210871676,zero_i
