id,mu,phi,beta,modelname
Gao41,0.01727598494521071,1.071794833702471e-09,46.87720266385389,zero_i
