id,mu,phi,beta,modelname
Johannessen68,0.014481246192639862,8.132737133538371e-10,49.02590040359668,zero_i
