id,mu,phi,beta,modelname
Johannessen69,0.012244798373874226,1.73000785170814e-09,65.46644347447322,zero_i
