id,mu,phi,beta,modelname
Johannessen70,0.009880855858865679,1.745623118612407e-09,51.08514693353759,zero_i
