id,mu,phi,beta,lam,modelname
Johannessen68,0.013079654803826541,1.6033845326061593e-09,47.93627129161524,0.033859519586256354,one_i
