id,mu,phi,beta,lam,tau,modelname
Johannessen68,0.016063384872066627,9.934984659150926e-10,49.143797699161574,0.014050444882603218,0.046920260438017884,two_i
