id,mu,phi,beta,lam,modelname
Kim72,0.006461377165117821,2.0784676053966163e-09,46.00092475875335,0.017562710693459493,one_i
