id,mu,phi,beta,lam,tau,modelname
Kimura54,0.014987542270944147,1.6587073766674846e-09,62.41598819055632,0.02742875297494776,0.06053109032552404,four_i
