id,mu,phi,beta,lam,modelname
Kimura66,0.014273070753266122,1.9355065508735038e-09,63.375637811240445,0.02613222035564695,one_i
