id,mu,phi,beta,lam,tau,modelname
Kimura67,0.013153810231772074,1.3578939531956065e-09,54.663365500456266,0.015555763981586096,0.03549697036979073,two_i
