id,mu,phi,beta,modelname
Maat2016a,0.018091799796419956,1.5188455954353645e-09,90.40120403179728,zero_i
