id,mu,phi,beta,lam,modelname
Maat2016a,0.008452472882401366,2.072345203637144e-09,56.378750469420474,0.02064277224016882,one_i
