id,mu,phi,beta,lam,tau,modelname
Sandaa26,0.01709295885593482,1.0552937061106734e-09,63.467117270377265,0.01895256418268093,0.05645226679372015,five_i
