id,mu,phi,beta,lam,tau,modelname
Slagter2016a,0.01216750568235836,1.7397604269699446e-09,55.348002910836925,0.02328847434315216,0.06752760635881337,five_i
