id,mu,phi,beta,lam,tau,modelname
Steenhauer2016,0.007410830605670162,1.4102878205023196e-09,64.48904515046048,0.020835827415227087,0.05314004915790934,four_i
