id,mu,phi,beta,lam,tau,modelname
Tomaru51,0.016090358434769518,1.6382229362834209e-09,62.51357482322655,0.027620701335176395,0.06111088015977227,five_i
