id,mu,phi,beta,lam,modelname
Tomaru39,0.006832618593692341,2.054248544155475e-09,42.3374226383996,0.016923035408838858,one_i
