id,mu,phi,beta,modelname
Tomaru51,0.02275789655011235,1.4389080212135435e-09,97.9423295530676,zero_i
