id,mu,phi,beta,modelname
Tomaru57,0.00998907780382676,1.8699416153027697e-09,53.14199155942497,zero_i
