id,mu,phi,beta,modelname
Tomaru39,0.007743542562567025,1.257193153043546e-09,43.16148026229954,zero_i
