id,mu,phi,beta,lam,modelname
Tomaru51,0.012562612072633083,1.9998056591060705e-09,66.17490654595777,0.025180271182832097,one_i
