id,mu,phi,beta,lam,modelname
Tomaru57,0.006701566187109878,2.117594095172425e-09,47.24524648336973,0.017482131092660468,one_i
