id,mu,phi,beta,lam,tau,modelname
Tomaru56,0.013722224208277288,1.6258499901022562e-09,59.43507642876477,0.02452142393737941,0.05513469675837015,five_i
